id,timestamp_utc,source_id,bess_id,quality,anomaly_score,health_state,anomaly_reason,pcs_phase_voltage_imbalance,pcs_phase_current_imbalance,pcs_dc_voltage_vs_bms_voltage_delta,pcs_dc_current_vs_bms_current_delta,pcs_soc_vs_bms_soc_delta,bms_temperature_spread,bms_cell_voltage_spread,pcs_phase_a_voltage,pcs_phase_b_voltage,pcs_phase_c_voltage,pcs_phase_a_current,pcs_phase_b_current,pcs_phase_c_current,pcs_dc_voltage,pcs_dc_current,pcs_grid_frequency,pcs_charge_discharge_power,pcs_total_active_power,pcs_soc,bms_cluster_total_voltage,bms_cluster_total_current,bms_can_hall_sampling_current,bms_display_soc,bms_soh,bms_cell_max_voltage,bms_cell_min_voltage,bms_battery_max_temperature,bms_battery_min_temperature,bms_average_temperature,bms_insulation_resistance,bms_pre_charge_total_voltage,pcs_fault_flag_count,bms_fault_flag_count,anomaly_score_ml,ml_predicted_anomaly
629871,2026-08-14T04:58:21.618839+00:00,external_ems_1,bess_1,good,0.4085,warning,PCS phase current imbalance high: 15.1; PCS DC current and BMS current mismatch: 44.8,2.2,15.1,3.2,44.8,0.0,1.8,3.0,235.3,236.2,234.0,111.2,119.6,104.5,880.7,-86.4,50.37,0.0,-79.9,89.6,877.5,-41.6,-49.6,89.6,100.0,3384.0,3381.0,26.6,24.8,25.2,20000.0,855.9,0,0,0.7402521454858569,True
629869,2026-08-14T04:58:20.629643+00:00,external_ems_1,bess_1,good,0.4085,warning,PCS phase current imbalance high: 15.1; PCS DC current and BMS current mismatch: 44.8,2.2,15.1,3.2,44.8,0.0,1.8,3.0,235.3,236.2,234.0,111.2,119.6,104.5,880.7,-86.4,50.37,0.0,-79.9,89.6,877.5,-41.6,-49.6,89.6,100.0,3384.0,3381.0,26.6,24.8,25.2,20000.0,855.9,0,0,0.7402521454858569,True
629867,2026-08-14T04:58:19.618554+00:00,external_ems_1,bess_1,good,0.4085,warning,PCS phase current imbalance high: 15.1; PCS DC current and BMS current mismatch: 44.8,2.2,15.1,3.2,44.8,0.0,1.8,3.0,235.3,236.2,234.0,111.2,119.6,104.5,880.7,-86.4,50.37,0.0,-79.9,89.6,877.5,-41.6,-49.6,89.6,100.0,3384.0,3381.0,26.6,24.8,25.2,20000.0,855.9,0,0,0.7402521454858569,True
629873,2026-08-14T04:58:22.618835+00:00,external_ems_1,bess_1,good,0.4085,warning,PCS phase current imbalance high: 15.1; PCS DC current and BMS current mismatch: 44.8,2.2,15.1,3.2,44.8,0.0,1.8,3.0,235.3,236.2,234.0,111.2,119.6,104.5,880.7,-86.4,50.37,0.0,-79.9,89.6,877.5,-41.6,-49.6,89.6,100.0,3384.0,3381.0,26.6,24.8,25.2,20000.0,855.9,0,0,0.7402521454858569,True
633477,2026-08-14T05:28:24.618576+00:00,external_ems_1,bess_1,good,0.4365,warning,PCS phase current imbalance high: 14.5; PCS DC current and BMS current mismatch: 46.6,0.7,14.5,0.7,46.6,0.0,2.0,6.0,238.5,238.7,238.0,105.5,98.4,112.9,879.9,-83.4,50.36,0.0,-71.7,94.7,880.6,-36.8,-46.5,94.7,100.0,3413.0,3407.0,26.7,24.7,25.2,20000.0,855.9,0,0,0.7390500224760412,True
633475,2026-08-14T05:28:23.628773+00:00,external_ems_1,bess_1,good,0.4365,warning,PCS phase current imbalance high: 14.5; PCS DC current and BMS current mismatch: 46.6,0.7,14.5,0.7,46.6,0.0,2.0,6.0,238.5,238.7,238.0,105.5,98.4,112.9,879.9,-83.4,50.36,0.0,-71.7,94.7,880.6,-36.8,-46.5,94.7,100.0,3413.0,3407.0,26.7,24.7,25.2,20000.0,855.9,0,0,0.7390500224760412,True
633481,2026-08-14T05:28:26.618636+00:00,external_ems_1,bess_1,good,0.4365,warning,PCS phase current imbalance high: 14.5; PCS DC current and BMS current mismatch: 46.6,0.7,14.5,0.7,46.6,0.0,2.0,6.0,238.5,238.7,238.0,105.5,98.4,112.9,879.9,-83.4,50.36,0.0,-71.7,94.7,880.6,-36.8,-46.5,94.7,100.0,3413.0,3407.0,26.7,24.7,25.2,20000.0,855.9,0,0,0.7390500224760412,True
633479,2026-08-14T05:28:25.629431+00:00,external_ems_1,bess_1,good,0.4365,warning,PCS phase current imbalance high: 14.5; PCS DC current and BMS current mismatch: 46.6,0.7,14.5,0.7,46.6,0.0,2.0,6.0,238.5,238.7,238.0,105.5,98.4,112.9,879.9,-83.4,50.36,0.0,-71.7,94.7,880.6,-36.8,-46.5,94.7,100.0,3413.0,3407.0,26.7,24.7,25.2,20000.0,855.9,0,0,0.7390500224760412,True
629863,2026-08-14T04:58:17.618651+00:00,external_ems_1,bess_1,good,0.5464,warning,PCS phase current imbalance high: 15.1; PCS DC current and BMS current mismatch: 53.4,2.2,15.1,4.2,53.4,0.0,1.8,3.0,235.3,236.2,234.0,111.2,119.6,104.5,880.7,-86.4,50.37,0.0,-79.9,89.6,876.5,-33.0,-43.6,89.6,100.0,3378.0,3375.0,26.6,24.8,25.2,20000.0,855.9,0,0,0.7352873932849159,True
629865,2026-08-14T04:58:18.629371+00:00,external_ems_1,bess_1,good,0.5464,warning,PCS phase current imbalance high: 15.1; PCS DC current and BMS current mismatch: 53.4,2.2,15.1,4.2,53.4,0.0,1.8,3.0,235.3,236.2,234.0,111.2,119.6,104.5,880.7,-86.4,50.37,0.0,-79.9,89.6,876.5,-33.0,-43.6,89.6,100.0,3378.0,3375.0,26.6,24.8,25.2,20000.0,855.9,0,0,0.7352873932849159,True
632825,2026-08-14T05:22:58.628985+00:00,external_ems_1,bess_1,good,0.4959,warning,PCS phase current imbalance high: 24.0; PCS DC current and BMS current mismatch: 49.4,1.2,24.0,0.2,49.4,0.0,1.9,4.0,237.3,236.1,236.9,76.4,89.1,65.1,880.4,-11.0,50.37,0.0,-85.1,93.9,880.6,-60.4,-54.5,93.9,100.0,3403.0,3399.0,26.7,24.8,25.2,20000.0,855.9,0,0,0.7330853603423825,True
632335,2026-08-14T05:18:53.630755+00:00,external_ems_1,bess_1,good,0.3944,warning,PCS phase current imbalance high: 21.6; PCS DC current and BMS current mismatch: 43.3,1.5,21.6,1.7,43.3,0.0,1.9,5.0,238.3,236.8,238.0,99.2,84.2,105.8,881.9,-16.3,50.32,0.0,-26.4,93.5,880.2,-59.6,-52.8,93.5,100.0,3406.0,3401.0,26.7,24.8,25.3,20000.0,855.9,0,0,0.7294457692478246,True
632859,2026-08-14T05:23:15.619314+00:00,external_ems_1,bess_1,good,0.3531,warning,PCS phase current imbalance high: 16.6; PCS DC current and BMS current mismatch: 41.2,0.4,16.6,1.3,41.2,0.0,1.9,5.0,239.7,239.3,239.4,99.7,88.9,105.5,878.9,-86.1,50.34,0.0,-17.3,93.9,880.2,-44.9,-50.1,93.9,100.0,3396.0,3391.0,26.7,24.8,25.2,20000.0,855.9,0,0,0.7279965530659042,True
632861,2026-08-14T05:23:16.618623+00:00,external_ems_1,bess_1,good,0.3531,warning,PCS phase current imbalance high: 16.6; PCS DC current and BMS current mismatch: 41.2,0.4,16.6,1.3,41.2,0.0,1.9,5.0,239.7,239.3,239.4,99.7,88.9,105.5,878.9,-86.1,50.34,0.0,-17.3,93.9,880.2,-44.9,-50.1,93.9,100.0,3396.0,3391.0,26.7,24.8,25.2,20000.0,855.9,0,0,0.7279965530659042,True
632857,2026-08-14T05:23:14.628728+00:00,external_ems_1,bess_1,good,0.3531,warning,PCS phase current imbalance high: 16.6; PCS DC current and BMS current mismatch: 41.2,0.4,16.6,1.3,41.2,0.0,1.9,5.0,239.7,239.3,239.4,99.7,88.9,105.5,878.9,-86.1,50.34,0.0,-17.3,93.9,880.2,-44.9,-50.1,93.9,100.0,3396.0,3391.0,26.7,24.8,25.2,20000.0,855.9,0,0,0.7279965530659042,True
632863,2026-08-14T05:23:17.629344+00:00,external_ems_1,bess_1,good,0.3531,warning,PCS phase current imbalance high: 16.6; PCS DC current and BMS current mismatch: 41.2,0.4,16.6,1.3,41.2,0.0,1.9,5.0,239.7,239.3,239.4,99.7,88.9,105.5,878.9,-86.1,50.34,0.0,-17.3,93.9,880.2,-44.9,-50.1,93.9,100.0,3396.0,3391.0,26.7,24.8,25.2,20000.0,855.9,0,0,0.7279965530659042,True
632855,2026-08-14T05:23:13.618578+00:00,external_ems_1,bess_1,good,0.3531,warning,PCS phase current imbalance high: 16.6; PCS DC current and BMS current mismatch: 41.2,0.4,16.6,1.3,41.2,0.0,1.9,5.0,239.7,239.3,239.4,99.7,88.9,105.5,878.9,-86.1,50.34,0.0,-17.3,93.9,880.2,-44.9,-50.1,93.9,100.0,3396.0,3391.0,26.7,24.8,25.2,20000.0,855.9,0,0,0.7279965530659042,True
633471,2026-08-14T05:28:21.618634+00:00,external_ems_1,bess_1,good,0.4637,warning,PCS phase current imbalance high: 14.5; PCS DC current and BMS current mismatch: 48.3,0.7,14.5,0.7,48.3,0.0,2.0,5.0,238.5,238.7,238.0,105.5,98.4,112.9,879.9,-83.4,50.36,0.0,-71.7,94.7,879.2,-35.1,-45.4,94.7,100.0,3382.0,3377.0,26.7,24.7,25.2,20000.0,855.9,0,0,0.7217010122479901,True
633473,2026-08-14T05:28:22.618578+00:00,external_ems_1,bess_1,good,0.4637,warning,PCS phase current imbalance high: 14.5; PCS DC current and BMS current mismatch: 48.3,0.7,14.5,0.7,48.3,0.0,2.0,5.0,238.5,238.7,238.0,105.5,98.4,112.9,879.9,-83.4,50.36,0.0,-71.7,94.7,879.2,-35.1,-45.4,94.7,100.0,3382.0,3377.0,26.7,24.7,25.2,20000.0,855.9,0,0,0.7217010122479901,True
629891,2026-08-14T04:58:31.618584+00:00,external_ems_1,bess_1,good,0.4599,warning,PCS phase current imbalance high: 16.2; PCS DC current and BMS current mismatch: 47.9,0.1,16.2,0.4,47.9,0.0,1.8,3.0,239.5,239.4,239.4,110.6,102.8,119.0,877.9,-85.9,50.37,0.0,-84.9,89.6,877.5,-38.0,-44.9,89.6,100.0,3376.0,3373.0,26.6,24.8,25.2,20000.0,855.9,0,0,0.7215105546909506,True
629889,2026-08-14T04:58:30.618580+00:00,external_ems_1,bess_1,good,0.4599,warning,PCS phase current imbalance high: 16.2; PCS DC current and BMS current mismatch: 47.9,0.1,16.2,0.4,47.9,0.0,1.8,3.0,239.5,239.4,239.4,110.6,102.8,119.0,877.9,-85.9,50.37,0.0,-84.9,89.6,877.5,-38.0,-44.9,89.6,100.0,3376.0,3373.0,26.6,24.8,25.2,20000.0,855.9,0,0,0.7215105546909506,True
632337,2026-08-14T05:18:54.618584+00:00,external_ems_1,bess_1,good,0.3944,warning,PCS phase current imbalance high: 21.6; PCS DC current and BMS current mismatch: 43.3,1.5,21.6,1.7,43.3,0.0,1.9,4.0,238.3,236.8,238.0,99.2,84.2,105.8,881.9,-16.3,50.32,0.0,-26.4,93.5,880.2,-59.6,-52.8,93.5,100.0,3384.0,3380.0,26.7,24.8,25.3,20000.0,855.9,0,0,0.7205225864247267,True
632837,2026-08-14T05:23:04.628691+00:00,external_ems_1,bess_1,good,0.3801,warning,PCS phase current imbalance high: 24.0,1.2,24.0,3.3,1.8,0.0,1.9,5.0,237.3,236.1,236.9,76.4,89.1,65.1,877.3,-52.6,50.37,0.0,-85.1,93.9,880.6,-54.4,-54.6,93.9,100.0,3406.0,3401.0,26.7,24.8,25.2,20000.0,855.9,0,0,0.7200011256499759,True
632829,2026-08-14T05:23:00.618654+00:00,external_ems_1,bess_1,good,0.3801,warning,PCS phase current imbalance high: 24.0,1.2,24.0,3.3,1.8,0.0,1.9,5.0,237.3,236.1,236.9,76.4,89.1,65.1,877.3,-52.6,50.37,0.0,-85.1,93.9,880.6,-54.4,-54.5,93.9,100.0,3406.0,3401.0,26.7,24.8,25.2,20000.0,855.9,0,0,0.7200011256499759,True
632835,2026-08-14T05:23:03.618584+00:00,external_ems_1,bess_1,good,0.3801,warning,PCS phase current imbalance high: 24.0,1.2,24.0,3.3,1.8,0.0,1.9,5.0,237.3,236.1,236.9,76.4,89.1,65.1,877.3,-52.6,50.37,0.0,-85.1,93.9,880.6,-54.4,-54.6,93.9,100.0,3406.0,3401.0,26.7,24.8,25.2,20000.0,855.9,0,0,0.7200011256499759,True
632831,2026-08-14T05:23:01.618577+00:00,external_ems_1,bess_1,good,0.3801,warning,PCS phase current imbalance high: 24.0,1.2,24.0,3.3,1.8,0.0,1.9,5.0,237.3,236.1,236.9,76.4,89.1,65.1,877.3,-52.6,50.37,0.0,-85.1,93.9,880.6,-54.4,-54.6,93.9,100.0,3406.0,3401.0,26.7,24.8,25.2,20000.0,855.9,0,0,0.7200011256499759,True
632833,2026-08-14T05:23:02.628898+00:00,external_ems_1,bess_1,good,0.3801,warning,PCS phase current imbalance high: 24.0,1.2,24.0,3.3,1.8,0.0,1.9,5.0,237.3,236.1,236.9,76.4,89.1,65.1,877.3,-52.6,50.37,0.0,-85.1,93.9,880.6,-54.4,-54.6,93.9,100.0,3406.0,3401.0,26.7,24.8,25.2,20000.0,855.9,0,0,0.7200011256499759,True
632827,2026-08-14T05:22:59.619229+00:00,external_ems_1,bess_1,good,0.3801,warning,PCS phase current imbalance high: 24.0,1.2,24.0,3.3,7.8,0.0,1.9,4.0,237.3,236.1,236.9,76.4,89.1,65.1,877.3,-52.6,50.37,0.0,-85.1,93.9,880.6,-60.4,-54.5,93.9,100.0,3403.0,3399.0,26.7,24.8,25.2,20000.0,855.9,0,0,0.7196720047425168,True
629825,2026-08-14T04:57:58.629680+00:00,external_ems_1,bess_1,good,0.4121,warning,PCS phase current imbalance high: 16.4; PCS DC current and BMS current mismatch: 44.9,0.2,16.4,2.8,44.9,0.0,1.8,4.0,238.0,237.8,237.9,101.8,92.5,108.9,880.3,-4.7,50.35,0.0,-51.7,89.6,877.5,-49.6,-46.7,89.6,100.0,3395.0,3391.0,26.6,24.8,25.2,20000.0,855.9,0,0,0.7054739773376674,True
629827,2026-08-14T04:57:59.619089+00:00,external_ems_1,bess_1,good,0.4121,warning,PCS phase current imbalance high: 16.4; PCS DC current and BMS current mismatch: 44.9,0.2,16.4,2.8,44.9,0.0,1.8,4.0,238.0,237.8,237.9,101.8,92.5,108.9,880.3,-4.7,50.35,0.0,-51.7,89.6,877.5,-49.6,-46.7,89.6,100.0,3395.0,3391.0,26.6,24.8,25.2,20000.0,855.9,0,0,0.7054739773376674,True
632261,2026-08-14T05:18:16.619452+00:00,external_ems_1,bess_1,good,0.3889,warning,PCS phase current imbalance high: 23.5; PCS DC current and BMS current mismatch: 40.0,1.7,23.5,3.1,40.0,0.0,1.9,3.0,239.9,238.2,239.7,43.5,20.0,41.0,876.8,-20.3,50.32,0.0,-66.2,93.2,879.9,-60.3,-52.8,93.2,100.0,3381.0,3378.0,26.7,24.8,25.2,20000.0,855.9,0,0,0.7053107175616505,True
632263,2026-08-14T05:18:17.618709+00:00,external_ems_1,bess_1,good,0.3889,warning,PCS phase current imbalance high: 23.5; PCS DC current and BMS current mismatch: 40.0,1.7,23.5,3.1,40.0,0.0,1.9,3.0,239.9,238.2,239.7,43.5,20.0,41.0,876.8,-20.3,50.32,0.0,-66.2,93.2,879.9,-60.3,-52.8,93.2,100.0,3381.0,3378.0,26.7,24.8,25.2,20000.0,855.9,0,0,0.7053107175616505,True
632269,2026-08-14T05:18:20.618749+00:00,external_ems_1,bess_1,good,0.3889,warning,PCS phase current imbalance high: 23.5; PCS DC current and BMS current mismatch: 40.0,1.7,23.5,3.1,40.0,0.0,1.9,3.0,239.9,238.2,239.7,43.5,20.0,41.0,876.8,-20.3,50.32,0.0,-66.2,93.2,879.9,-60.3,-52.8,93.2,100.0,3381.0,3378.0,26.7,24.8,25.2,20000.0,855.9,0,0,0.7053107175616505,True
632267,2026-08-14T05:18:19.619197+00:00,external_ems_1,bess_1,good,0.3889,warning,PCS phase current imbalance high: 23.5; PCS DC current and BMS current mismatch: 40.0,1.7,23.5,3.1,40.0,0.0,1.9,3.0,239.9,238.2,239.7,43.5,20.0,41.0,876.8,-20.3,50.32,0.0,-66.2,93.2,879.9,-60.3,-52.8,93.2,100.0,3381.0,3378.0,26.7,24.8,25.2,20000.0,855.9,0,0,0.7053107175616505,True
632265,2026-08-14T05:18:18.629866+00:00,external_ems_1,bess_1,good,0.3889,warning,PCS phase current imbalance high: 23.5; PCS DC current and BMS current mismatch: 40.0,1.7,23.5,3.1,40.0,0.0,1.9,3.0,239.9,238.2,239.7,43.5,20.0,41.0,876.8,-20.3,50.32,0.0,-66.2,93.2,879.9,-60.3,-52.8,93.2,100.0,3381.0,3378.0,26.7,24.8,25.2,20000.0,855.9,0,0,0.7053107175616505,True
632957,2026-08-14T05:24:04.618580+00:00,external_ems_1,bess_1,good,0.3961,warning,PCS DC current and BMS current mismatch: 44.7,1.3,3.4,1.9,44.7,0.0,1.9,5.0,238.0,238.5,237.2,97.8,101.2,100.0,877.0,-80.2,50.31,0.0,-63.6,94.3,878.9,-35.5,-37.0,94.3,100.0,3388.0,3383.0,26.7,24.8,25.2,20000.0,855.9,0,0,0.7040648363587405,True
632959,2026-08-14T05:24:05.618581+00:00,external_ems_1,bess_1,good,0.3961,warning,PCS DC current and BMS current mismatch: 44.7,1.3,3.4,1.9,44.7,0.0,1.9,5.0,238.0,238.5,237.2,97.8,101.2,100.0,877.0,-80.2,50.31,0.0,-63.6,94.3,878.9,-35.5,-37.0,94.3,100.0,3388.0,3383.0,26.7,24.8,25.2,20000.0,855.9,0,0,0.7040648363587405,True
632963,2026-08-14T05:24:07.618594+00:00,external_ems_1,bess_1,good,0.3961,warning,PCS DC current and BMS current mismatch: 44.7,1.3,3.4,1.9,44.7,0.0,1.9,5.0,238.0,238.5,237.2,97.8,101.2,100.0,877.0,-80.2,50.31,0.0,-63.6,94.3,878.9,-35.5,-37.0,94.3,100.0,3388.0,3383.0,26.7,24.8,25.2,20000.0,855.9,0,0,0.7040648363587405,True
632961,2026-08-14T05:24:06.628980+00:00,external_ems_1,bess_1,good,0.3961,warning,PCS DC current and BMS current mismatch: 44.7,1.3,3.4,1.9,44.7,0.0,1.9,5.0,238.0,238.5,237.2,97.8,101.2,100.0,877.0,-80.2,50.31,0.0,-63.6,94.3,878.9,-35.5,-37.0,94.3,100.0,3388.0,3383.0,26.7,24.8,25.2,20000.0,855.9,0,0,0.7040648363587405,True
632983,2026-08-14T05:24:17.618627+00:00,external_ems_1,bess_1,good,0.3999,warning,PCS phase current imbalance high: 24.2; PCS DC current and BMS current mismatch: 34.6,0.7,24.2,0.1,34.6,0.0,1.9,5.0,237.2,237.7,237.9,48.1,43.1,23.9,880.5,-20.9,50.31,0.0,-48.2,94.3,880.6,-55.5,-45.6,94.3,100.0,3403.0,3398.0,26.7,24.8,25.2,20000.0,855.9,0,0,0.703140762174108,True
632987,2026-08-14T05:24:19.628677+00:00,external_ems_1,bess_1,good,0.3999,warning,PCS phase current imbalance high: 24.2; PCS DC current and BMS current mismatch: 34.6,0.7,24.2,0.1,34.6,0.0,1.9,5.0,237.2,237.7,237.9,48.1,43.1,23.9,880.5,-20.9,50.31,0.0,-48.2,94.3,880.6,-55.5,-45.6,94.3,100.0,3403.0,3398.0,26.7,24.8,25.2,20000.0,855.9,0,0,0.703140762174108,True
632985,2026-08-14T05:24:18.618574+00:00,external_ems_1,bess_1,good,0.3999,warning,PCS phase current imbalance high: 24.2; PCS DC current and BMS current mismatch: 34.6,0.7,24.2,0.1,34.6,0.0,1.9,5.0,237.2,237.7,237.9,48.1,43.1,23.9,880.5,-20.9,50.31,0.0,-48.2,94.3,880.6,-55.5,-45.6,94.3,100.0,3403.0,3398.0,26.7,24.8,25.2,20000.0,855.9,0,0,0.703140762174108,True
632981,2026-08-14T05:24:16.628791+00:00,external_ems_1,bess_1,good,0.3999,warning,PCS phase current imbalance high: 24.2; PCS DC current and BMS current mismatch: 34.6,0.7,24.2,0.1,34.6,0.0,1.9,5.0,237.2,237.7,237.9,48.1,43.1,23.9,880.5,-20.9,50.31,0.0,-48.2,94.3,880.6,-55.5,-45.6,94.3,100.0,3403.0,3398.0,26.7,24.8,25.2,20000.0,855.9,0,0,0.703140762174108,True
632821,2026-08-14T05:22:56.619119+00:00,external_ems_1,bess_1,good,0.4864,warning,PCS phase current imbalance high: 17.8; PCS DC current and BMS current mismatch: 49.4,0.9,17.8,0.2,49.4,0.0,1.9,4.0,233.9,233.7,234.6,44.2,37.5,26.4,880.4,-11.0,50.28,0.0,-20.8,93.9,880.6,-60.4,-54.5,93.9,100.0,3403.0,3399.0,26.7,24.8,25.2,20000.0,855.9,0,0,0.7029339054604271,True
632817,2026-08-14T05:22:54.618565+00:00,external_ems_1,bess_1,good,0.4864,warning,PCS phase current imbalance high: 17.8; PCS DC current and BMS current mismatch: 49.4,0.9,17.8,0.2,49.4,0.0,1.9,4.0,233.9,233.7,234.6,44.2,37.5,26.4,880.4,-11.0,50.28,0.0,-20.8,93.9,880.6,-60.4,-54.5,93.9,100.0,3403.0,3399.0,26.7,24.8,25.2,20000.0,855.9,0,0,0.7029339054604271,True
632823,2026-08-14T05:22:57.618566+00:00,external_ems_1,bess_1,good,0.4864,warning,PCS phase current imbalance high: 17.8; PCS DC current and BMS current mismatch: 49.4,0.9,17.8,0.2,49.4,0.0,1.9,4.0,233.9,233.7,234.6,44.2,37.5,26.4,880.4,-11.0,50.28,0.0,-20.8,93.9,880.6,-60.4,-54.5,93.9,100.0,3403.0,3399.0,26.7,24.8,25.2,20000.0,855.9,0,0,0.7029339054604271,True
632819,2026-08-14T05:22:55.628854+00:00,external_ems_1,bess_1,good,0.4864,warning,PCS phase current imbalance high: 17.8; PCS DC current and BMS current mismatch: 49.4,0.9,17.8,0.2,49.4,0.0,1.9,4.0,233.9,233.7,234.6,44.2,37.5,26.4,880.4,-11.0,50.28,0.0,-20.8,93.9,880.6,-60.4,-54.5,93.9,100.0,3403.0,3399.0,26.7,24.8,25.2,20000.0,855.9,0,0,0.7029339054604271,True
632843,2026-08-14T05:23:07.628840+00:00,external_ems_1,bess_1,good,0.3816,warning,PCS phase current imbalance high: 19.5; PCS DC current and BMS current mismatch: 42.7,1.2,19.5,1.1,42.7,0.0,1.9,5.0,233.9,232.7,233.9,51.1,49.0,31.6,879.5,-17.5,50.28,0.0,-16.9,93.9,880.6,-60.2,-52.1,93.9,100.0,3407.0,3402.0,26.7,24.8,25.2,20000.0,855.9,0,0,0.7022859066336391,True
632849,2026-08-14T05:23:10.629180+00:00,external_ems_1,bess_1,good,0.3816,warning,PCS phase current imbalance high: 19.5; PCS DC current and BMS current mismatch: 42.7,1.2,19.5,1.1,42.7,0.0,1.9,5.0,233.9,232.7,233.9,51.1,49.0,31.6,879.5,-17.5,50.28,0.0,-16.9,93.9,880.6,-60.2,-52.1,93.9,100.0,3407.0,3402.0,26.7,24.8,25.2,20000.0,855.9,0,0,0.7022859066336391,True
632845,2026-08-14T05:23:08.618833+00:00,external_ems_1,bess_1,good,0.3816,warning,PCS phase current imbalance high: 19.5; PCS DC current and BMS current mismatch: 42.7,1.2,19.5,1.1,42.7,0.0,1.9,5.0,233.9,232.7,233.9,51.1,49.0,31.6,879.5,-17.5,50.28,0.0,-16.9,93.9,880.6,-60.2,-52.1,93.9,100.0,3407.0,3402.0,26.7,24.8,25.2,20000.0,855.9,0,0,0.7022859066336391,True
632847,2026-08-14T05:23:09.618590+00:00,external_ems_1,bess_1,good,0.3816,warning,PCS phase current imbalance high: 19.5; PCS DC current and BMS current mismatch: 42.7,1.2,19.5,1.1,42.7,0.0,1.9,5.0,233.9,232.7,233.9,51.1,49.0,31.6,879.5,-17.5,50.28,0.0,-16.9,93.9,880.6,-60.2,-52.1,93.9,100.0,3407.0,3402.0,26.7,24.8,25.2,20000.0,855.9,0,0,0.7022859066336391,True
632953,2026-08-14T05:24:02.629676+00:00,external_ems_1,bess_1,good,0.4233,warning,PCS DC current and BMS current mismatch: 46.4,1.3,3.4,2.2,46.4,0.0,1.9,5.0,238.0,238.5,237.2,97.8,101.2,100.0,877.0,-80.2,50.31,0.0,-63.6,94.3,879.2,-33.8,-40.5,94.3,100.0,3382.0,3377.0,26.7,24.8,25.2,20000.0,855.9,0,0,0.701922903457939,True
632955,2026-08-14T05:24:03.618579+00:00,external_ems_1,bess_1,good,0.4233,warning,PCS DC current and BMS current mismatch: 46.4,1.3,3.4,2.2,46.4,0.0,1.9,5.0,238.0,238.5,237.2,97.8,101.2,100.0,877.0,-80.2,50.31,0.0,-63.6,94.3,879.2,-33.8,-40.5,94.3,100.0,3382.0,3377.0,26.7,24.8,25.2,20000.0,855.9,0,0,0.701922903457939,True
632785,2026-08-14T05:22:38.618590+00:00,external_ems_1,bess_1,good,0.648,warning,PCS phase current imbalance high: 16.5; PCS DC current and BMS current mismatch: 59.6,0.5,16.5,0.3,59.6,0.0,2.0,5.0,236.6,236.5,237.0,37.8,28.5,21.3,879.3,-6.9,50.33,0.0,-69.3,93.9,879.6,-66.5,-54.3,93.9,100.0,3400.0,3395.0,26.7,24.7,25.2,20000.0,855.9,0,0,0.7005084790266991,True
632783,2026-08-14T05:22:37.618635+00:00,external_ems_1,bess_1,good,0.648,warning,PCS phase current imbalance high: 16.5; PCS DC current and BMS current mismatch: 59.6,0.5,16.5,0.3,59.6,0.0,2.0,5.0,236.6,236.5,237.0,37.8,28.5,21.3,879.3,-6.9,50.33,0.0,-69.3,93.9,879.6,-66.5,-54.3,93.9,100.0,3400.0,3395.0,26.7,24.7,25.2,20000.0,855.9,0,0,0.7005084790266991,True
632779,2026-08-14T05:22:35.618571+00:00,external_ems_1,bess_1,good,0.648,warning,PCS phase current imbalance high: 16.5; PCS DC current and BMS current mismatch: 59.6,0.5,16.5,0.3,59.6,0.0,2.0,5.0,236.6,236.5,237.0,37.8,28.5,21.3,879.3,-6.9,50.33,0.0,-69.3,93.9,879.6,-66.5,-54.3,93.9,100.0,3400.0,3395.0,26.7,24.7,25.2,20000.0,855.9,0,0,0.7005084790266991,True
632781,2026-08-14T05:22:36.629684+00:00,external_ems_1,bess_1,good,0.648,warning,PCS phase current imbalance high: 16.5; PCS DC current and BMS current mismatch: 59.6,0.5,16.5,0.3,59.6,0.0,2.0,5.0,236.6,236.5,237.0,37.8,28.5,21.3,879.3,-6.9,50.33,0.0,-69.3,93.9,879.6,-66.5,-54.3,93.9,100.0,3400.0,3395.0,26.7,24.7,25.2,20000.0,855.9,0,0,0.7005084790266991,True
632259,2026-08-14T05:18:15.629300+00:00,external_ems_1,bess_1,good,0.3705,warning,PCS phase current imbalance high: 23.5; PCS DC current and BMS current mismatch: 22.2,1.7,23.5,2.4,22.2,0.0,1.9,5.0,239.9,238.2,239.7,43.5,20.0,41.0,876.8,-20.3,50.32,0.0,-66.2,93.2,879.2,-42.5,-49.8,93.2,100.0,3397.0,3392.0,26.7,24.8,25.2,20000.0,855.9,0,0,0.6993020799386197,True
630151,2026-08-14T05:00:41.618550+00:00,external_ems_1,bess_1,good,0.3754,warning,PCS phase current imbalance high: 8.1; PCS DC current and BMS current mismatch: 43.4,1.1,8.1,1.8,43.4,0.0,1.8,4.0,238.6,238.1,237.5,104.8,102.1,110.2,875.4,-90.3,50.33,0.0,-16.2,90.0,877.2,-46.9,-48.4,90.0,100.0,3395.0,3391.0,26.6,24.8,25.2,20000.0,855.9,0,0,0.6978999864061063,True
630153,2026-08-14T05:00:42.628728+00:00,external_ems_1,bess_1,good,0.3754,warning,PCS phase current imbalance high: 8.1; PCS DC current and BMS current mismatch: 43.4,1.1,8.1,1.8,43.4,0.0,1.8,4.0,238.6,238.1,237.5,104.8,102.1,110.2,875.4,-90.3,50.33,0.0,-16.2,90.0,877.2,-46.9,-48.4,90.0,100.0,3395.0,3391.0,26.6,24.8,25.2,20000.0,855.9,0,0,0.6978999864061063,True
630147,2026-08-14T05:00:39.618578+00:00,external_ems_1,bess_1,good,0.3754,warning,PCS phase current imbalance high: 8.1; PCS DC current and BMS current mismatch: 43.4,1.1,8.1,1.8,43.4,0.0,1.8,4.0,238.6,238.1,237.5,104.8,102.1,110.2,875.4,-90.3,50.33,0.0,-16.2,90.0,877.2,-46.9,-48.4,90.0,100.0,3395.0,3391.0,26.6,24.8,25.2,20000.0,855.9,0,0,0.6978999864061063,True
630149,2026-08-14T05:00:40.629376+00:00,external_ems_1,bess_1,good,0.3754,warning,PCS phase current imbalance high: 8.1; PCS DC current and BMS current mismatch: 43.4,1.1,8.1,1.8,43.4,0.0,1.8,4.0,238.6,238.1,237.5,104.8,102.1,110.2,875.4,-90.3,50.33,0.0,-16.2,90.0,877.2,-46.9,-48.4,90.0,100.0,3395.0,3391.0,26.6,24.8,25.2,20000.0,855.9,0,0,0.6978999864061063,True
632883,2026-08-14T05:23:27.618573+00:00,external_ems_1,bess_1,good,0.3896,warning,PCS phase current imbalance high: 24.4,0.7,24.4,0.3,3.8,0.0,1.9,5.0,237.5,237.3,238.0,45.0,35.6,20.6,880.9,-53.7,50.34,0.0,-56.0,93.9,880.6,-49.9,-48.2,93.9,100.0,3393.0,3388.0,26.7,24.8,25.2,20000.0,855.9,0,0,0.6973947926510226,True
632881,2026-08-14T05:23:26.628675+00:00,external_ems_1,bess_1,good,0.3896,warning,PCS phase current imbalance high: 24.4,0.7,24.4,0.3,3.8,0.0,1.9,5.0,237.5,237.3,238.0,45.0,35.6,20.6,880.9,-53.7,50.34,0.0,-56.0,93.9,880.6,-49.9,-48.2,93.9,100.0,3393.0,3388.0,26.7,24.8,25.2,20000.0,855.9,0,0,0.6973947926510226,True
632885,2026-08-14T05:23:28.618568+00:00,external_ems_1,bess_1,good,0.3896,warning,PCS phase current imbalance high: 24.4,0.7,24.4,0.3,3.8,0.0,1.9,5.0,237.5,237.3,238.0,45.0,35.6,20.6,880.9,-53.7,50.34,0.0,-56.0,93.9,880.6,-49.9,-48.2,93.9,100.0,3393.0,3388.0,26.7,24.8,25.2,20000.0,855.9,0,0,0.6973947926510226,True
632887,2026-08-14T05:23:29.618561+00:00,external_ems_1,bess_1,good,0.3896,warning,PCS phase current imbalance high: 24.4,0.7,24.4,0.3,3.8,0.0,1.9,5.0,237.5,237.3,238.0,45.0,35.6,20.6,880.9,-53.7,50.34,0.0,-56.0,93.9,880.6,-49.9,-48.2,93.9,100.0,3393.0,3388.0,26.7,24.8,25.2,20000.0,855.9,0,0,0.6973947926510226,True
629701,2026-08-14T04:56:56.618567+00:00,external_ems_1,bess_1,good,0.4769,warning,PCS phase current imbalance high: 25.2; PCS DC current and BMS current mismatch: 48.1,0.6,25.2,0.1,48.1,0.0,1.8,4.0,236.6,236.0,236.6,58.1,63.3,38.1,877.0,-14.6,50.33,0.0,-74.4,89.2,876.9,-62.7,-50.6,89.2,100.0,3393.0,3389.0,26.6,24.8,25.2,20000.0,855.9,0,0,0.6973217434918562,True
629703,2026-08-14T04:56:57.618569+00:00,external_ems_1,bess_1,good,0.4769,warning,PCS phase current imbalance high: 25.2; PCS DC current and BMS current mismatch: 48.1,0.6,25.2,0.1,48.1,0.0,1.8,4.0,236.6,236.0,236.6,58.1,63.3,38.1,877.0,-14.6,50.33,0.0,-74.4,89.2,876.9,-62.7,-50.6,89.2,100.0,3393.0,3389.0,26.6,24.8,25.2,20000.0,855.9,0,0,0.6973217434918562,True
629705,2026-08-14T04:56:58.629234+00:00,external_ems_1,bess_1,good,0.4769,warning,PCS phase current imbalance high: 25.2; PCS DC current and BMS current mismatch: 48.1,0.6,25.2,0.1,48.1,0.0,1.8,4.0,236.6,236.0,236.6,58.1,63.3,38.1,877.0,-14.6,50.33,0.0,-74.4,89.2,876.9,-62.7,-50.6,89.2,100.0,3393.0,3389.0,26.6,24.8,25.2,20000.0,855.9,0,0,0.6973217434918562,True
629709,2026-08-14T04:57:00.618612+00:00,external_ems_1,bess_1,good,0.4769,warning,PCS phase current imbalance high: 25.2; PCS DC current and BMS current mismatch: 48.1,0.6,25.2,0.1,48.1,0.0,1.8,4.0,236.6,236.0,236.6,58.1,63.3,38.1,877.0,-14.6,50.33,0.0,-74.4,89.2,876.9,-62.7,-50.6,89.2,100.0,3393.0,3389.0,26.6,24.8,25.2,20000.0,855.9,0,0,0.6973217434918562,True
629707,2026-08-14T04:56:59.619083+00:00,external_ems_1,bess_1,good,0.4769,warning,PCS phase current imbalance high: 25.2; PCS DC current and BMS current mismatch: 48.1,0.6,25.2,0.1,48.1,0.0,1.8,4.0,236.6,236.0,236.6,58.1,63.3,38.1,877.0,-14.6,50.33,0.0,-74.4,89.2,876.9,-62.7,-50.6,89.2,100.0,3393.0,3389.0,26.6,24.8,25.2,20000.0,855.9,0,0,0.6973217434918562,True
632777,2026-08-14T05:22:34.618579+00:00,external_ems_1,bess_1,good,0.6063,warning,PCS phase current imbalance high: 16.5; PCS DC current and BMS current mismatch: 57.0,0.5,16.5,0.1,57.0,0.0,1.9,4.0,236.6,236.5,237.0,37.8,28.5,21.3,879.3,-6.9,50.33,0.0,-69.3,93.9,879.2,-63.9,-51.7,93.9,100.0,3402.0,3398.0,26.6,24.7,25.2,20000.0,855.9,0,0,0.6961487354887279,True
632775,2026-08-14T05:22:33.629494+00:00,external_ems_1,bess_1,good,0.6063,warning,PCS phase current imbalance high: 16.5; PCS DC current and BMS current mismatch: 57.0,0.5,16.5,0.1,57.0,0.0,1.9,4.0,236.6,236.5,237.0,37.8,28.5,21.3,879.3,-6.9,50.33,0.0,-69.3,93.9,879.2,-63.9,-51.7,93.9,100.0,3402.0,3398.0,26.6,24.7,25.2,20000.0,855.9,0,0,0.6961487354887279,True
295181,2026-08-12T06:29:16.618684+00:00,external_ems_1,bess_1,good,0.6382,warning,PCS DC current and BMS current mismatch: 59.8,1.2,4.8,1.1,59.8,0.4,2.0,2.0,240.0,240.0,238.8,109.8,112.0,114.6,873.1,-94.5,50.34,0.0,-76.0,69.3,874.2,-34.7,-39.1,68.9,100.0,3363.0,3361.0,26.4,24.4,24.9,20000.0,855.9,0,0,0.6951411153570843,True
295179,2026-08-12T06:29:15.629469+00:00,external_ems_1,bess_1,good,0.6382,warning,PCS DC current and BMS current mismatch: 59.8,1.2,4.8,1.1,59.8,0.4,2.0,2.0,240.0,240.0,238.8,109.8,112.0,114.6,873.1,-94.5,50.34,0.0,-76.0,69.3,874.2,-34.7,-39.1,68.9,100.0,3363.0,3361.0,26.4,24.4,24.9,20000.0,855.9,0,0,0.6951411153570843,True
479949,2026-08-13T08:09:00.618812+00:00,external_ems_1,bess_1,good,0.6125,warning,PCS DC current and BMS current mismatch: 58.2,0.9,6.6,2.7,58.2,0.0,1.9,5.0,239.5,239.8,238.9,114.3,114.8,120.9,874.2,-98.2,50.35,0.0,-67.2,78.3,876.9,-40.0,-52.0,78.3,100.0,3376.0,3371.0,26.3,24.4,24.9,20000.0,855.9,0,0,0.6948304970573537,True
479945,2026-08-13T08:08:58.630124+00:00,external_ems_1,bess_1,good,0.6125,warning,PCS DC current and BMS current mismatch: 58.2,0.9,6.6,2.7,58.2,0.0,1.9,5.0,239.5,239.8,238.9,114.3,114.8,120.9,874.2,-98.2,50.35,0.0,-67.2,78.3,876.9,-40.0,-52.0,78.3,100.0,3376.0,3371.0,26.3,24.4,24.9,20000.0,855.9,0,0,0.6948304970573537,True
479947,2026-08-13T08:08:59.619842+00:00,external_ems_1,bess_1,good,0.6125,warning,PCS DC current and BMS current mismatch: 58.2,0.9,6.6,2.7,58.2,0.0,1.9,5.0,239.5,239.8,238.9,114.3,114.8,120.9,874.2,-98.2,50.35,0.0,-67.2,78.3,876.9,-40.0,-52.0,78.3,100.0,3376.0,3371.0,26.3,24.4,24.9,20000.0,855.9,0,0,0.6948304970573537,True
479943,2026-08-13T08:08:57.618679+00:00,external_ems_1,bess_1,good,0.6125,warning,PCS DC current and BMS current mismatch: 58.2,0.9,6.6,2.7,58.2,0.0,1.9,5.0,239.5,239.8,238.9,114.3,114.8,120.9,874.2,-98.2,50.35,0.0,-67.2,78.3,876.9,-40.0,-52.0,78.3,100.0,3376.0,3371.0,26.3,24.4,24.9,20000.0,855.9,0,0,0.6948304970573537,True
295135,2026-08-12T06:28:53.630006+00:00,external_ems_1,bess_1,good,0.6366,warning,PCS DC current and BMS current mismatch: 59.7,1.1,3.4,2.5,59.7,0.0,2.0,3.0,237.0,237.3,236.2,117.2,120.2,120.6,872.4,-104.5,50.36,0.0,-59.9,68.9,874.9,-44.8,-46.7,68.9,100.0,3388.0,3385.0,26.4,24.4,24.9,20000.0,855.9,0,0,0.6944597384701418,True
295137,2026-08-12T06:28:54.618693+00:00,external_ems_1,bess_1,good,0.6366,warning,PCS DC current and BMS current mismatch: 59.7,1.1,3.4,2.5,59.7,0.0,2.0,3.0,237.0,237.3,236.2,117.2,120.2,120.6,872.4,-104.5,50.36,0.0,-59.9,68.9,874.9,-44.8,-46.7,68.9,100.0,3388.0,3385.0,26.4,24.4,24.9,20000.0,855.9,0,0,0.6944597384701418,True
295139,2026-08-12T06:28:55.629260+00:00,external_ems_1,bess_1,good,0.6366,warning,PCS DC current and BMS current mismatch: 59.7,1.1,3.4,2.5,59.7,0.0,2.0,3.0,237.0,237.3,236.2,117.2,120.2,120.6,872.4,-104.5,50.36,0.0,-59.9,68.9,874.9,-44.8,-46.7,68.9,100.0,3388.0,3385.0,26.4,24.4,24.9,20000.0,855.9,0,0,0.6944597384701418,True
295133,2026-08-12T06:28:52.618565+00:00,external_ems_1,bess_1,good,0.6366,warning,PCS DC current and BMS current mismatch: 59.7,1.1,3.4,2.5,59.7,0.0,2.0,3.0,237.0,237.3,236.2,117.2,120.2,120.6,872.4,-104.5,50.36,0.0,-59.9,68.9,874.9,-44.8,-46.7,68.9,100.0,3388.0,3385.0,26.4,24.4,24.9,20000.0,855.9,0,0,0.6944597384701418,True
632787,2026-08-14T05:22:39.629021+00:00,external_ems_1,bess_1,good,0.6495,warning,PCS phase current imbalance high: 17.5; PCS DC current and BMS current mismatch: 59.6,0.7,17.5,3.6,59.6,0.0,2.0,5.0,235.8,235.6,236.3,42.3,33.4,24.8,876.0,-6.9,50.29,0.0,-23.9,93.9,879.6,-66.5,-54.3,93.9,100.0,3400.0,3395.0,26.7,24.7,25.2,20000.0,855.9,0,0,0.6943267297018887,True
633281,2026-08-14T05:26:46.629337+00:00,external_ems_1,bess_1,good,0.6074,warning,PCS phase current imbalance high: 9.9; PCS DC current and BMS current mismatch: 57.7,0.5,9.9,0.3,57.7,0.0,2.0,6.0,234.0,234.2,234.5,34.0,29.3,24.1,880.9,-10.6,50.29,0.0,-35.3,94.7,881.2,-68.3,-54.3,94.7,100.0,3411.0,3405.0,26.7,24.7,25.1,20000.0,855.9,0,0,0.691889625928389,True
633283,2026-08-14T05:26:47.618582+00:00,external_ems_1,bess_1,good,0.6074,warning,PCS phase current imbalance high: 9.9; PCS DC current and BMS current mismatch: 57.7,0.5,9.9,0.3,57.7,0.0,2.0,6.0,234.0,234.2,234.5,34.0,29.3,24.1,880.9,-10.6,50.29,0.0,-35.3,94.7,881.2,-68.3,-54.3,94.7,100.0,3411.0,3405.0,26.7,24.7,25.1,20000.0,855.9,0,0,0.691889625928389,True
630163,2026-08-14T05:00:47.619397+00:00,external_ems_1,bess_1,good,0.3576,warning,PCS phase current imbalance high: 10.1; PCS DC current and BMS current mismatch: 42.1,0.9,10.1,2.2,42.1,0.0,1.8,3.0,238.8,238.1,237.9,94.5,91.5,101.6,875.7,-80.6,50.28,0.0,-51.8,90.0,877.9,-38.5,-47.8,90.0,100.0,3396.0,3393.0,26.6,24.8,25.2,20000.0,855.9,0,0,0.6887674323420194,True
630165,2026-08-14T05:00:48.618576+00:00,external_ems_1,bess_1,good,0.3576,warning,PCS phase current imbalance high: 10.1; PCS DC current and BMS current mismatch: 42.1,0.9,10.1,2.2,42.1,0.0,1.8,3.0,238.8,238.1,237.9,94.5,91.5,101.6,875.7,-80.6,50.28,0.0,-51.8,90.0,877.9,-38.5,-47.8,90.0,100.0,3396.0,3393.0,26.6,24.8,25.2,20000.0,855.9,0,0,0.6887674323420194,True
630159,2026-08-14T05:00:45.618565+00:00,external_ems_1,bess_1,good,0.3576,warning,PCS phase current imbalance high: 10.1; PCS DC current and BMS current mismatch: 42.1,0.9,10.1,2.2,42.1,0.0,1.8,3.0,238.8,238.1,237.9,94.5,91.5,101.6,875.7,-80.6,50.28,0.0,-51.8,90.0,877.9,-38.5,-47.8,90.0,100.0,3396.0,3393.0,26.6,24.8,25.2,20000.0,855.9,0,0,0.6887674323420194,True
630161,2026-08-14T05:00:46.628675+00:00,external_ems_1,bess_1,good,0.3576,warning,PCS phase current imbalance high: 10.1; PCS DC current and BMS current mismatch: 42.1,0.9,10.1,2.2,42.1,0.0,1.8,3.0,238.8,238.1,237.9,94.5,91.5,101.6,875.7,-80.6,50.28,0.0,-51.8,90.0,877.9,-38.5,-47.8,90.0,100.0,3396.0,3393.0,26.6,24.8,25.2,20000.0,855.9,0,0,0.6887674323420194,True
632277,2026-08-14T05:18:24.629900+00:00,external_ems_1,bess_1,good,0.4971,warning,PCS phase current imbalance high: 12.2; PCS DC current and BMS current mismatch: 50.6,1.9,12.2,0.9,50.6,0.0,1.9,4.0,235.3,234.0,235.9,36.9,27.5,24.7,881.1,-9.5,50.28,0.0,-60.8,93.2,880.2,-60.1,-51.1,93.2,100.0,3383.0,3379.0,26.7,24.8,25.2,20000.0,855.9,0,0,0.6880461840896392,True
632275,2026-08-14T05:18:23.618584+00:00,external_ems_1,bess_1,good,0.4971,warning,PCS phase current imbalance high: 12.2; PCS DC current and BMS current mismatch: 50.6,1.9,12.2,0.9,50.6,0.0,1.9,4.0,235.3,234.0,235.9,36.9,27.5,24.7,881.1,-9.5,50.28,0.0,-60.8,93.2,880.2,-60.1,-51.1,93.2,100.0,3383.0,3379.0,26.7,24.8,25.2,20000.0,855.9,0,0,0.6880461840896392,True
632281,2026-08-14T05:18:26.618586+00:00,external_ems_1,bess_1,good,0.4971,warning,PCS phase current imbalance high: 12.2; PCS DC current and BMS current mismatch: 50.6,1.9,12.2,0.9,50.6,0.0,1.9,4.0,235.3,234.0,235.9,36.9,27.5,24.7,881.1,-9.5,50.28,0.0,-60.8,93.2,880.2,-60.1,-51.1,93.2,100.0,3383.0,3379.0,26.7,24.8,25.2,20000.0,855.9,0,0,0.6880461840896392,True
632279,2026-08-14T05:18:25.619218+00:00,external_ems_1,bess_1,good,0.4971,warning,PCS phase current imbalance high: 12.2; PCS DC current and BMS current mismatch: 50.6,1.9,12.2,0.9,50.6,0.0,1.9,4.0,235.3,234.0,235.9,36.9,27.5,24.7,881.1,-9.5,50.28,0.0,-60.8,93.2,880.2,-60.1,-51.1,93.2,100.0,3383.0,3379.0,26.7,24.8,25.2,20000.0,855.9,0,0,0.6880461840896392,True
629748,2026-08-14T04:57:19.618580+00:00,external_ems_2,bess_2,good,0.4907,warning,PCS DC current and BMS current mismatch: 50.6,1.3,6.6,4.7,50.6,0.0,1.0,2.0,238.8,239.5,240.1,111.5,115.7,118.1,863.4,-104.0,50.35,0.0,-53.0,49.8,868.1,-53.4,-51.8,49.8,100.0,3348.0,3346.0,26.2,25.2,25.5,20000.0,856.4,0,0,0.6879617273353257,True
629754,2026-08-14T04:57:22.618567+00:00,external_ems_2,bess_2,good,0.4907,warning,PCS DC current and BMS current mismatch: 50.6,1.3,6.6,4.7,50.6,0.0,1.0,2.0,238.8,239.5,240.1,111.5,115.7,118.1,863.4,-104.0,50.35,0.0,-53.0,49.8,868.1,-53.4,-51.8,49.8,100.0,3348.0,3346.0,26.2,25.2,25.5,20000.0,856.4,0,0,0.6879617273353257,True
629752,2026-08-14T04:57:21.618573+00:00,external_ems_2,bess_2,good,0.4907,warning,PCS DC current and BMS current mismatch: 50.6,1.3,6.6,4.7,50.6,0.0,1.0,2.0,238.8,239.5,240.1,111.5,115.7,118.1,863.4,-104.0,50.35,0.0,-53.0,49.8,868.1,-53.4,-51.8,49.8,100.0,3348.0,3346.0,26.2,25.2,25.5,20000.0,856.4,0,0,0.6879617273353257,True
629746,2026-08-14T04:57:18.618581+00:00,external_ems_2,bess_2,good,0.4907,warning,PCS DC current and BMS current mismatch: 50.6,1.3,6.6,4.7,50.6,0.0,1.0,2.0,238.8,239.5,240.1,111.5,115.7,118.1,863.4,-104.0,50.35,0.0,-53.0,49.8,868.1,-53.4,-51.8,49.8,100.0,3348.0,3346.0,26.2,25.2,25.5,20000.0,856.4,0,0,0.6879617273353257,True
629750,2026-08-14T04:57:20.629341+00:00,external_ems_2,bess_2,good,0.4907,warning,PCS DC current and BMS current mismatch: 50.6,1.3,6.6,4.7,50.6,0.0,1.0,2.0,238.8,239.5,240.1,111.5,115.7,118.1,863.4,-104.0,50.35,0.0,-53.0,49.8,868.1,-53.4,-51.8,49.8,100.0,3348.0,3346.0,26.2,25.2,25.5,20000.0,856.4,0,0,0.6879617273353257,True
1695832,2026-08-20T09:01:21.618630+00:00,external_ems_2,bess_2,good,0.5955,warning,PCS phase voltage imbalance high: 25.9; PCS phase current imbalance high: 22.5; PCS DC voltage and BMS voltage mismatch: 5.7; PCS DC current and BMS current mismatch: 51.2,25.9,22.5,5.7,51.2,0.0,1.6,1.0,205.9,231.8,230.7,33.3,10.9,10.8,871.1,9.0,49.88,0.0,6.2,83.6,876.8,-42.2,-43.1,83.6,100.0,3374.0,3373.0,25.8,24.2,24.7,20000.0,856.4,0,0,0.6875694360832925,True
1695830,2026-08-20T09:01:20.629504+00:00,external_ems_2,bess_2,good,0.5955,warning,PCS phase voltage imbalance high: 25.9; PCS phase current imbalance high: 22.5; PCS DC voltage and BMS voltage mismatch: 5.7; PCS DC current and BMS current mismatch: 51.2,25.9,22.5,5.7,51.2,0.0,1.6,1.0,205.9,231.8,230.7,33.3,10.9,10.8,871.1,9.0,49.88,0.0,6.2,83.6,876.8,-42.2,-43.1,83.6,100.0,3374.0,3373.0,25.8,24.2,24.7,20000.0,856.4,0,0,0.6875694360832925,True
480791,2026-08-13T08:16:01.629505+00:00,external_ems_1,bess_1,good,0.6414,warning,PCS DC current and BMS current mismatch: 65.4,1.0,3.6,2.1,65.4,0.0,1.9,3.0,238.0,238.3,237.3,118.0,121.4,121.6,871.4,-105.6,50.35,0.0,-57.9,78.7,873.5,-40.2,-51.8,78.7,100.0,3383.0,3380.0,26.1,24.2,24.7,20000.0,855.9,0,0,0.6862792435857977,True
480789,2026-08-13T08:16:00.619216+00:00,external_ems_1,bess_1,good,0.6414,warning,PCS DC current and BMS current mismatch: 65.4,1.0,3.6,2.1,65.4,0.0,1.9,3.0,238.0,238.3,237.3,118.0,121.4,121.6,871.4,-105.6,50.35,0.0,-57.9,78.7,873.5,-40.2,-51.8,78.7,100.0,3383.0,3380.0,26.1,24.2,24.7,20000.0,855.9,0,0,0.6862792435857977,True
295131,2026-08-12T06:28:51.618723+00:00,external_ems_1,bess_1,good,0.6045,warning,PCS DC current and BMS current mismatch: 57.7,1.1,3.4,1.8,57.7,0.0,2.0,3.0,237.0,237.3,236.2,117.2,120.2,120.6,872.4,-104.5,50.36,0.0,-59.9,68.9,874.2,-46.8,-40.7,68.9,100.0,3388.0,3385.0,26.4,24.4,24.9,20000.0,855.9,0,0,0.6856621243582471,True
1181622,2026-08-17T09:36:16.618708+00:00,external_ems_2,bess_2,good,0.5102,warning,PCS phase voltage imbalance high: 16.8; PCS phase current imbalance high: 18.5; PCS DC current and BMS current mismatch: 49.6,16.8,18.5,4.9,49.6,0.0,1.4,2.0,235.1,251.9,251.4,53.4,71.9,71.7,875.0,-48.2,50.32,0.0,-47.1,66.4,870.1,1.4,1.2,66.4,100.0,3350.0,3348.0,25.7,24.3,24.7,20000.0,856.4,0,0,0.6837148631679061,True
1181626,2026-08-17T09:36:18.619076+00:00,external_ems_2,bess_2,good,0.5102,warning,PCS phase voltage imbalance high: 16.8; PCS phase current imbalance high: 18.5; PCS DC current and BMS current mismatch: 49.6,16.8,18.5,4.9,49.6,0.0,1.4,2.0,235.1,251.9,251.4,53.4,71.9,71.7,875.0,-48.2,50.32,0.0,-47.1,66.4,870.1,1.4,1.2,66.4,100.0,3350.0,3348.0,25.7,24.3,24.7,20000.0,856.4,0,0,0.6837148631679061,True
1181618,2026-08-17T09:36:14.619030+00:00,external_ems_2,bess_2,good,0.5102,warning,PCS phase voltage imbalance high: 16.8; PCS phase current imbalance high: 18.5; PCS DC current and BMS current mismatch: 49.6,16.8,18.5,4.9,49.6,0.0,1.4,2.0,235.1,251.9,251.4,53.4,71.9,71.7,875.0,-48.2,50.32,0.0,-47.1,66.4,870.1,1.4,1.2,66.4,100.0,3350.0,3348.0,25.7,24.3,24.7,20000.0,856.4,0,0,0.6837148631679061,True
1181620,2026-08-17T09:36:15.618891+00:00,external_ems_2,bess_2,good,0.5102,warning,PCS phase voltage imbalance high: 16.8; PCS phase current imbalance high: 18.5; PCS DC current and BMS current mismatch: 49.6,16.8,18.5,4.9,49.6,0.0,1.4,2.0,235.1,251.9,251.4,53.4,71.9,71.7,875.0,-48.2,50.32,0.0,-47.1,66.4,870.1,1.4,1.2,66.4,100.0,3350.0,3348.0,25.7,24.3,24.7,20000.0,856.4,0,0,0.6837148631679061,True
1181624,2026-08-17T09:36:17.629518+00:00,external_ems_2,bess_2,good,0.5102,warning,PCS phase voltage imbalance high: 16.8; PCS phase current imbalance high: 18.5; PCS DC current and BMS current mismatch: 49.6,16.8,18.5,4.9,49.6,0.0,1.4,2.0,235.1,251.9,251.4,53.4,71.9,71.7,875.0,-48.2,50.32,0.0,-47.1,66.4,870.1,1.4,1.2,66.4,100.0,3350.0,3348.0,25.7,24.3,24.7,20000.0,856.4,0,0,0.6837148631679061,True
295189,2026-08-12T06:29:20.619057+00:00,external_ems_1,bess_1,good,0.4826,warning,PCS DC current and BMS current mismatch: 50.1,1.2,4.8,1.8,50.1,0.0,1.9,2.0,240.0,240.0,238.8,109.8,112.0,114.6,873.1,-94.5,50.34,0.0,-76.0,69.3,874.9,-44.4,-47.9,69.3,100.0,3379.0,3377.0,26.4,24.5,24.9,20000.0,855.9,0,0,0.6832318998714714,True
295187,2026-08-12T06:29:19.619497+00:00,external_ems_1,bess_1,good,0.4826,warning,PCS DC current and BMS current mismatch: 50.1,1.2,4.8,1.8,50.1,0.0,1.9,2.0,240.0,240.0,238.8,109.8,112.0,114.6,873.1,-94.5,50.34,0.0,-76.0,69.3,874.9,-44.4,-47.9,69.3,100.0,3379.0,3377.0,26.4,24.5,24.9,20000.0,855.9,0,0,0.6832318998714714,True
295185,2026-08-12T06:29:18.628823+00:00,external_ems_1,bess_1,good,0.4826,warning,PCS DC current and BMS current mismatch: 50.1,1.2,4.8,1.8,50.1,0.0,1.9,2.0,240.0,240.0,238.8,109.8,112.0,114.6,873.1,-94.5,50.34,0.0,-76.0,69.3,874.9,-44.4,-47.9,69.3,100.0,3379.0,3377.0,26.4,24.5,24.9,20000.0,855.9,0,0,0.6832318998714714,True
295183,2026-08-12T06:29:17.618581+00:00,external_ems_1,bess_1,good,0.4826,warning,PCS DC current and BMS current mismatch: 50.1,1.2,4.8,1.8,50.1,0.0,1.9,2.0,240.0,240.0,238.8,109.8,112.0,114.6,873.1,-94.5,50.34,0.0,-76.0,69.3,874.9,-44.4,-47.9,69.3,100.0,3379.0,3377.0,26.4,24.5,24.9,20000.0,855.9,0,0,0.6832318998714714,True
632273,2026-08-14T05:18:22.619435+00:00,external_ems_1,bess_1,good,0.5003,warning,PCS phase current imbalance high: 12.2; PCS DC current and BMS current mismatch: 50.8,1.9,12.2,1.2,50.8,0.0,1.9,3.0,235.3,234.0,235.9,36.9,27.5,24.7,881.1,-9.5,50.28,0.0,-60.8,93.2,879.9,-60.3,-52.8,93.2,100.0,3381.0,3378.0,26.7,24.8,25.2,20000.0,855.9,0,0,0.682944974454462,True
632271,2026-08-14T05:18:21.628972+00:00,external_ems_1,bess_1,good,0.5003,warning,PCS phase current imbalance high: 12.2; PCS DC current and BMS current mismatch: 50.8,1.9,12.2,1.2,50.8,0.0,1.9,3.0,235.3,234.0,235.9,36.9,27.5,24.7,881.1,-9.5,50.28,0.0,-60.8,93.2,879.9,-60.3,-52.8,93.2,100.0,3381.0,3378.0,26.7,24.8,25.2,20000.0,855.9,0,0,0.682944974454462,True
630209,2026-08-14T05:01:10.618582+00:00,external_ems_1,bess_1,good,0.4062,warning,PCS phase current imbalance high: 25.1,1.2,25.1,1.1,16.5,0.0,1.8,4.0,236.3,235.3,236.5,61.8,66.9,41.8,877.5,-27.8,50.33,0.0,-75.9,90.4,878.6,-44.3,-50.0,90.4,100.0,3389.0,3385.0,26.6,24.8,25.2,20000.0,855.9,0,0,0.6818070998640016,True
630213,2026-08-14T05:01:12.629703+00:00,external_ems_1,bess_1,good,0.4062,warning,PCS phase current imbalance high: 25.1,1.2,25.1,1.1,16.5,0.0,1.8,4.0,236.3,235.3,236.5,61.8,66.9,41.8,877.5,-27.8,50.33,0.0,-75.9,90.4,878.6,-44.3,-50.0,90.4,100.0,3389.0,3385.0,26.6,24.8,25.2,20000.0,855.9,0,0,0.6818070998640016,True
630211,2026-08-14T05:01:11.618575+00:00,external_ems_1,bess_1,good,0.4062,warning,PCS phase current imbalance high: 25.1,1.2,25.1,1.1,16.5,0.0,1.8,4.0,236.3,235.3,236.5,61.8,66.9,41.8,877.5,-27.8,50.33,0.0,-75.9,90.4,878.6,-44.3,-50.0,90.4,100.0,3389.0,3385.0,26.6,24.8,25.2,20000.0,855.9,0,0,0.6818070998640016,True
630215,2026-08-14T05:01:13.618582+00:00,external_ems_1,bess_1,good,0.4062,warning,PCS phase current imbalance high: 25.1,1.2,25.1,1.1,16.5,0.0,1.8,4.0,236.3,235.3,236.5,61.8,66.9,41.8,877.5,-27.8,50.33,0.0,-75.9,90.4,878.6,-44.3,-50.0,90.4,100.0,3389.0,3385.0,26.6,24.8,25.2,20000.0,855.9,0,0,0.6818070998640016,True
481849,2026-08-13T08:24:50.618570+00:00,external_ems_1,bess_1,good,0.3523,warning,PCS phase current imbalance high: 9.8; PCS DC current and BMS current mismatch: 41.8,0.6,9.8,3.1,41.8,0.0,2.0,4.0,237.6,237.9,237.3,95.1,92.6,102.4,873.8,-84.4,50.29,0.0,-70.4,80.6,876.9,-42.6,-51.2,80.6,100.0,3393.0,3389.0,26.5,24.5,25.0,20000.0,855.9,0,0,0.681471160864847,True
481847,2026-08-13T08:24:49.618981+00:00,external_ems_1,bess_1,good,0.3523,warning,PCS phase current imbalance high: 9.8; PCS DC current and BMS current mismatch: 41.8,0.6,9.8,3.1,41.8,0.0,2.0,4.0,237.6,237.9,237.3,95.1,92.6,102.4,873.8,-84.4,50.29,0.0,-70.4,80.6,876.9,-42.6,-51.2,80.6,100.0,3393.0,3389.0,26.5,24.5,25.0,20000.0,855.9,0,0,0.681471160864847,True
481843,2026-08-13T08:24:47.618570+00:00,external_ems_1,bess_1,good,0.3523,warning,PCS phase current imbalance high: 9.8; PCS DC current and BMS current mismatch: 41.8,0.6,9.8,3.1,41.8,0.0,2.0,4.0,237.6,237.9,237.3,95.1,92.6,102.4,873.8,-84.4,50.29,0.0,-70.4,80.6,876.9,-42.6,-51.2,80.6,100.0,3393.0,3389.0,26.5,24.5,25.0,20000.0,855.9,0,0,0.681471160864847,True
481845,2026-08-13T08:24:48.629484+00:00,external_ems_1,bess_1,good,0.3523,warning,PCS phase current imbalance high: 9.8; PCS DC current and BMS current mismatch: 41.8,0.6,9.8,3.1,41.8,0.0,2.0,4.0,237.6,237.9,237.3,95.1,92.6,102.4,873.8,-84.4,50.29,0.0,-70.4,80.6,876.9,-42.6,-51.2,80.6,100.0,3393.0,3389.0,26.5,24.5,25.0,20000.0,855.9,0,0,0.681471160864847,True
629697,2026-08-14T04:56:54.618584+00:00,external_ems_1,bess_1,good,0.4198,warning,PCS phase current imbalance high: 25.2; PCS DC current and BMS current mismatch: 30.8,0.6,25.2,0.5,30.8,0.0,1.8,3.0,236.6,236.0,236.6,58.1,63.3,38.1,877.0,-14.6,50.33,0.0,-74.4,89.2,876.5,-45.4,-49.1,89.2,100.0,3393.0,3390.0,26.6,24.8,25.2,20000.0,855.9,0,0,0.6796896390043793,True
629699,2026-08-14T04:56:55.618567+00:00,external_ems_1,bess_1,good,0.4198,warning,PCS phase current imbalance high: 25.2; PCS DC current and BMS current mismatch: 30.8,0.6,25.2,0.5,30.8,0.0,1.8,3.0,236.6,236.0,236.6,58.1,63.3,38.1,877.0,-14.6,50.33,0.0,-74.4,89.2,876.5,-45.4,-49.1,89.2,100.0,3393.0,3390.0,26.6,24.8,25.2,20000.0,855.9,0,0,0.6796896390043793,True
632744,2026-08-14T05:22:17.628867+00:00,external_ems_2,bess_2,good,0.6077,warning,PCS DC current and BMS current mismatch: 57.9,1.2,6.2,2.8,57.9,0.0,1.0,3.0,238.1,237.9,239.1,113.7,119.9,118.6,865.0,-97.2,50.37,0.0,-78.0,54.1,867.8,-39.3,-42.5,54.1,100.0,3332.0,3329.0,26.3,25.3,25.6,20000.0,856.4,0,0,0.6787492171916515,True
632746,2026-08-14T05:22:18.619502+00:00,external_ems_2,bess_2,good,0.6077,warning,PCS DC current and BMS current mismatch: 57.9,1.2,6.2,2.8,57.9,0.0,1.0,3.0,238.1,237.9,239.1,113.7,119.9,118.6,865.0,-97.2,50.37,0.0,-78.0,54.1,867.8,-39.3,-42.5,54.1,100.0,3332.0,3329.0,26.3,25.3,25.6,20000.0,856.4,0,0,0.6787492171916515,True
295129,2026-08-12T06:28:50.619477+00:00,external_ems_1,bess_1,good,0.6045,warning,PCS DC current and BMS current mismatch: 57.7,1.1,3.4,1.8,57.7,0.0,2.0,3.0,237.0,237.3,236.2,117.2,120.2,120.6,872.4,-104.5,50.36,0.0,-59.9,68.9,874.2,-46.8,-40.7,68.9,100.0,3379.0,3376.0,26.4,24.4,24.9,20000.0,855.9,0,0,0.6772538921916054,True
295127,2026-08-12T06:28:49.628964+00:00,external_ems_1,bess_1,good,0.6045,warning,PCS DC current and BMS current mismatch: 57.7,1.1,3.4,1.8,57.7,0.0,2.0,3.0,237.0,237.3,236.2,117.2,120.2,120.6,872.4,-104.5,50.36,0.0,-59.9,68.9,874.2,-46.8,-40.7,68.9,100.0,3379.0,3376.0,26.4,24.4,24.9,20000.0,855.9,0,0,0.6772538921916054,True
481727,2026-08-13T08:23:49.619305+00:00,external_ems_1,bess_1,good,0.4187,warning,PCS phase current imbalance high: 10.2; PCS DC current and BMS current mismatch: 45.9,0.5,10.2,2.8,45.9,0.0,1.9,2.0,238.5,238.0,238.0,110.1,106.1,116.3,874.1,-87.9,50.34,0.0,-67.3,80.2,876.9,-42.0,-50.0,80.2,100.0,3365.0,3363.0,26.4,24.5,24.9,20000.0,855.9,0,0,0.6770816824472954,True
481725,2026-08-13T08:23:48.629418+00:00,external_ems_1,bess_1,good,0.4187,warning,PCS phase current imbalance high: 10.2; PCS DC current and BMS current mismatch: 45.9,0.5,10.2,2.8,45.9,0.0,1.9,2.0,238.5,238.0,238.0,110.1,106.1,116.3,874.1,-87.9,50.34,0.0,-67.3,80.2,876.9,-42.0,-50.0,80.2,100.0,3365.0,3363.0,26.4,24.5,24.9,20000.0,855.9,0,0,0.6770816824472954,True
632812,2026-08-14T05:22:51.618642+00:00,external_ems_2,bess_2,good,0.3864,warning,PCS DC current and BMS current mismatch: 44.1,1.5,7.4,2.7,44.1,0.0,1.0,2.0,239.3,239.7,240.8,117.8,125.2,122.3,865.4,-80.3,50.37,0.0,-49.3,54.5,868.1,-36.2,-41.7,54.5,100.0,3339.0,3337.0,26.3,25.3,25.7,20000.0,856.4,0,0,0.6765977658954021,True
632818,2026-08-14T05:22:54.618565+00:00,external_ems_2,bess_2,good,0.3864,warning,PCS DC current and BMS current mismatch: 44.1,1.5,7.4,2.7,44.1,0.0,1.0,2.0,239.3,239.7,240.8,117.8,125.2,122.3,865.4,-80.3,50.37,0.0,-49.3,54.5,868.1,-36.2,-41.7,54.5,100.0,3339.0,3337.0,26.3,25.3,25.7,20000.0,856.4,0,0,0.6765977658954021,True
632816,2026-08-14T05:22:53.619726+00:00,external_ems_2,bess_2,good,0.3864,warning,PCS DC current and BMS current mismatch: 44.1,1.5,7.4,2.7,44.1,0.0,1.0,2.0,239.3,239.7,240.8,117.8,125.2,122.3,865.4,-80.3,50.37,0.0,-49.3,54.5,868.1,-36.2,-41.7,54.5,100.0,3339.0,3337.0,26.3,25.3,25.7,20000.0,856.4,0,0,0.6765977658954021,True
632814,2026-08-14T05:22:52.629441+00:00,external_ems_2,bess_2,good,0.3864,warning,PCS DC current and BMS current mismatch: 44.1,1.5,7.4,2.7,44.1,0.0,1.0,2.0,239.3,239.7,240.8,117.8,125.2,122.3,865.4,-80.3,50.37,0.0,-49.3,54.5,868.1,-36.2,-41.7,54.5,100.0,3339.0,3337.0,26.3,25.3,25.7,20000.0,856.4,0,0,0.6765977658954021,True
480272,2026-08-13T08:11:41.618560+00:00,external_ems_2,bess_2,good,0.6549,warning,PCS phase current imbalance high: 16.8; PCS DC current and BMS current mismatch: 65.1,1.2,16.8,4.1,65.1,0.0,1.2,1.0,240.8,240.8,242.0,118.0,109.5,126.3,863.5,-63.9,50.37,0.0,-37.1,43.9,859.4,1.2,1.2,43.9,100.0,3310.0,3309.0,25.8,24.6,25.0,20000.0,856.4,0,0,0.6765144685616931,True
480270,2026-08-13T08:11:40.628815+00:00,external_ems_2,bess_2,good,0.6549,warning,PCS phase current imbalance high: 16.8; PCS DC current and BMS current mismatch: 65.1,1.2,16.8,4.1,65.1,0.0,1.2,1.0,240.8,240.8,242.0,118.0,109.5,126.3,863.5,-63.9,50.37,0.0,-37.1,43.9,859.4,1.2,1.2,43.9,100.0,3310.0,3309.0,25.8,24.6,25.0,20000.0,856.4,0,0,0.6765144685616931,True
480274,2026-08-13T08:11:42.628817+00:00,external_ems_2,bess_2,good,0.6549,warning,PCS phase current imbalance high: 16.8; PCS DC current and BMS current mismatch: 65.1,1.2,16.8,4.1,65.1,0.0,1.2,1.0,240.8,240.8,242.0,118.0,109.5,126.3,863.5,-63.9,50.37,0.0,-37.1,43.9,859.4,1.2,1.2,43.9,100.0,3310.0,3309.0,25.8,24.6,25.0,20000.0,856.4,0,0,0.6765144685616931,True
480268,2026-08-13T08:11:39.618704+00:00,external_ems_2,bess_2,good,0.6549,warning,PCS phase current imbalance high: 16.8; PCS DC current and BMS current mismatch: 65.1,1.2,16.8,4.1,65.1,0.0,1.2,1.0,240.8,240.8,242.0,118.0,109.5,126.3,863.5,-63.9,50.37,0.0,-37.1,43.9,859.4,1.2,1.2,43.9,100.0,3310.0,3309.0,25.8,24.6,25.0,20000.0,856.4,0,0,0.6765144685616931,True
624115,2026-08-14T04:10:23.618583+00:00,external_ems_1,bess_1,good,0.5419,warning,PCS phase current imbalance high: 9.0; PCS DC current and BMS current mismatch: 53.7,0.9,9.0,1.1,53.7,0.0,1.7,2.0,238.3,237.7,237.4,109.3,105.7,114.7,873.1,-97.7,50.34,0.0,-76.0,80.2,874.2,-44.0,-38.9,80.2,100.0,3374.0,3372.0,26.1,24.4,24.8,20000.0,855.9,0,0,0.6752314159494571,True
624117,2026-08-14T04:10:24.629249+00:00,external_ems_1,bess_1,good,0.5419,warning,PCS phase current imbalance high: 9.0; PCS DC current and BMS current mismatch: 53.7,0.9,9.0,1.1,53.7,0.0,1.7,2.0,238.3,237.7,237.4,109.3,105.7,114.7,873.1,-97.7,50.34,0.0,-76.0,80.2,874.2,-44.0,-38.9,80.2,100.0,3374.0,3372.0,26.1,24.4,24.8,20000.0,855.9,0,0,0.6752314159494571,True
624111,2026-08-14T04:10:21.618579+00:00,external_ems_1,bess_1,good,0.5419,warning,PCS phase current imbalance high: 9.0; PCS DC current and BMS current mismatch: 53.7,0.9,9.0,1.1,53.7,0.0,1.7,2.0,238.3,237.7,237.4,109.3,105.7,114.7,873.1,-97.7,50.34,0.0,-76.0,80.2,874.2,-44.0,-38.9,80.2,100.0,3374.0,3372.0,26.1,24.4,24.8,20000.0,855.9,0,0,0.6752314159494571,True
624113,2026-08-14T04:10:22.629595+00:00,external_ems_1,bess_1,good,0.5419,warning,PCS phase current imbalance high: 9.0; PCS DC current and BMS current mismatch: 53.7,0.9,9.0,1.1,53.7,0.0,1.7,2.0,238.3,237.7,237.4,109.3,105.7,114.7,873.1,-97.7,50.34,0.0,-76.0,80.2,874.2,-44.0,-38.9,80.2,100.0,3374.0,3372.0,26.1,24.4,24.8,20000.0,855.9,0,0,0.6752314159494571,True
624109,2026-08-14T04:10:20.618584+00:00,external_ems_1,bess_1,good,0.5419,warning,PCS phase current imbalance high: 9.0; PCS DC current and BMS current mismatch: 53.7,0.9,9.0,1.1,53.7,0.0,1.7,2.0,238.3,237.7,237.4,109.3,105.7,114.7,873.1,-97.7,50.34,0.0,-76.0,80.2,874.2,-44.0,-38.9,80.2,100.0,3374.0,3372.0,26.1,24.4,24.8,20000.0,855.9,0,0,0.6752314159494571,True
632877,2026-08-14T05:23:24.618661+00:00,external_ems_1,bess_1,good,0.3896,warning,PCS phase current imbalance high: 24.4,0.7,24.4,0.7,16.5,0.0,1.9,4.0,237.5,237.3,238.0,45.0,35.6,20.6,880.9,-53.7,50.34,0.0,-56.0,93.9,880.2,-37.2,-49.7,93.9,100.0,3380.0,3376.0,26.7,24.8,25.2,20000.0,855.9,0,0,0.6738297260522446,True
632879,2026-08-14T05:23:25.618566+00:00,external_ems_1,bess_1,good,0.3896,warning,PCS phase current imbalance high: 24.4,0.7,24.4,0.7,16.5,0.0,1.9,4.0,237.5,237.3,238.0,45.0,35.6,20.6,880.9,-53.7,50.34,0.0,-56.0,93.9,880.2,-37.2,-49.7,93.9,100.0,3380.0,3376.0,26.7,24.8,25.2,20000.0,855.9,0,0,0.6738297260522446,True
479941,2026-08-13T08:08:56.628934+00:00,external_ems_1,bess_1,good,0.6414,warning,PCS DC current and BMS current mismatch: 64.2,0.9,6.6,1.3,64.2,0.0,1.9,3.0,239.5,239.8,238.9,114.3,114.8,120.9,874.2,-98.2,50.35,0.0,-67.2,78.3,875.5,-34.0,-41.8,78.3,100.0,3379.0,3376.0,26.3,24.4,24.9,20000.0,855.9,0,0,0.6736658702685323,True
479939,2026-08-13T08:08:55.618582+00:00,external_ems_1,bess_1,good,0.6414,warning,PCS DC current and BMS current mismatch: 64.2,0.9,6.6,1.3,64.2,0.0,1.9,3.0,239.5,239.8,238.9,114.3,114.8,120.9,874.2,-98.2,50.35,0.0,-67.2,78.3,875.5,-34.0,-41.8,78.3,100.0,3379.0,3376.0,26.3,24.4,24.9,20000.0,855.9,0,0,0.6736658702685323,True
1204552,2026-08-17T12:47:21.619208+00:00,external_ems_2,bess_2,good,0.669,warning,PCS fault or alarm flags active: 1.0,0.1,0.1,1.6,0.0,0.0,1.3,1.0,0.3,0.3,0.2,0.7,0.8,0.7,869.4,0.0,49.95,0.0,0.0,75.2,867.8,0.0,0.1,75.2,100.0,3342.0,3341.0,25.3,24.0,24.3,20000.0,856.4,1,0,0.6736168455076913,True
1701096,2026-08-20T09:47:17.998142+00:00,external_ems_2,bess_2,good,0.3551,warning,PCS phase voltage imbalance high: 18.1; PCS phase current imbalance high: 20.4,18.1,20.4,1.3,11.1,0.0,1.7,3.0,234.5,252.4,252.6,34.4,51.0,54.8,877.5,-31.7,50.23,0.0,-34.2,89.9,878.8,-42.8,-42.5,89.9,100.0,3384.0,3381.0,26.1,24.4,24.9,20000.0,856.4,0,0,0.6731306659194705,True
1701102,2026-08-20T09:47:21.008666+00:00,external_ems_2,bess_2,good,0.3551,warning,PCS phase voltage imbalance high: 18.1; PCS phase current imbalance high: 20.4,18.1,20.4,1.3,11.1,0.0,1.7,3.0,234.5,252.4,252.6,34.4,51.0,54.8,877.5,-31.7,50.23,0.0,-34.2,89.9,878.8,-42.8,-42.5,89.9,100.0,3384.0,3381.0,26.1,24.4,24.9,20000.0,856.4,0,0,0.6731306659194705,True
1701104,2026-08-20T09:47:21.998034+00:00,external_ems_2,bess_2,good,0.3551,warning,PCS phase voltage imbalance high: 18.1; PCS phase current imbalance high: 20.4,18.1,20.4,1.3,11.1,0.0,1.7,3.0,234.5,252.4,252.6,34.4,51.0,54.8,877.5,-31.7,50.23,0.0,-34.2,89.9,878.8,-42.8,-42.5,89.9,100.0,3384.0,3381.0,26.1,24.4,24.9,20000.0,856.4,0,0,0.6731306659194705,True
1701100,2026-08-20T09:47:19.998045+00:00,external_ems_2,bess_2,good,0.3551,warning,PCS phase voltage imbalance high: 18.1; PCS phase current imbalance high: 20.4,18.1,20.4,1.3,11.1,0.0,1.7,3.0,234.5,252.4,252.6,34.4,51.0,54.8,877.5,-31.7,50.23,0.0,-34.2,89.9,878.8,-42.8,-42.5,89.9,100.0,3384.0,3381.0,26.1,24.4,24.9,20000.0,856.4,0,0,0.6731306659194705,True
1701098,2026-08-20T09:47:19.008255+00:00,external_ems_2,bess_2,good,0.3551,warning,PCS phase voltage imbalance high: 18.1; PCS phase current imbalance high: 20.4,18.1,20.4,1.3,11.1,0.0,1.7,3.0,234.5,252.4,252.6,34.4,51.0,54.8,877.5,-31.7,50.23,0.0,-34.2,89.9,878.8,-42.8,-42.5,89.9,100.0,3384.0,3381.0,26.1,24.4,24.9,20000.0,856.4,0,0,0.6731306659194705,True
629337,2026-08-14T04:53:54.629565+00:00,external_ems_1,bess_1,good,0.4001,warning,PCS phase current imbalance high: 13.8; PCS DC current and BMS current mismatch: 44.4,1.1,13.8,0.9,44.4,0.0,1.7,3.0,240.0,238.9,239.3,83.5,70.7,84.5,876.4,-77.7,50.32,0.0,-73.6,88.5,875.5,-33.3,-37.3,88.5,100.0,3376.0,3373.0,26.5,24.8,25.1,20000.0,855.9,0,0,0.6727842256006918,True
629339,2026-08-14T04:53:55.618573+00:00,external_ems_1,bess_1,good,0.4001,warning,PCS phase current imbalance high: 13.8; PCS DC current and BMS current mismatch: 44.4,1.1,13.8,0.9,44.4,0.0,1.7,3.0,240.0,238.9,239.3,83.5,70.7,84.5,876.4,-77.7,50.32,0.0,-73.6,88.5,875.5,-33.3,-37.3,88.5,100.0,3376.0,3373.0,26.5,24.8,25.1,20000.0,855.9,0,0,0.6727842256006918,True
629335,2026-08-14T04:53:53.618577+00:00,external_ems_1,bess_1,good,0.4001,warning,PCS phase current imbalance high: 13.8; PCS DC current and BMS current mismatch: 44.4,1.1,13.8,0.9,44.4,0.0,1.7,3.0,240.0,238.9,239.3,83.5,70.7,84.5,876.4,-77.7,50.32,0.0,-73.6,88.5,875.5,-33.3,-37.3,88.5,100.0,3376.0,3373.0,26.5,24.8,25.1,20000.0,855.9,0,0,0.6727842256006918,True
629341,2026-08-14T04:53:56.628700+00:00,external_ems_1,bess_1,good,0.4001,warning,PCS phase current imbalance high: 13.8; PCS DC current and BMS current mismatch: 44.4,1.1,13.8,0.9,44.4,0.0,1.7,3.0,240.0,238.9,239.3,83.5,70.7,84.5,876.4,-77.7,50.32,0.0,-73.6,88.5,875.5,-33.3,-37.3,88.5,100.0,3376.0,3373.0,26.5,24.8,25.1,20000.0,855.9,0,0,0.6727842256006918,True
630068,2026-08-14T04:59:59.618573+00:00,external_ems_2,bess_2,good,0.3848,warning,PCS phase current imbalance high: 24.2,1.6,24.2,3.4,10.7,0.0,1.0,3.0,235.5,235.1,236.7,81.6,102.8,105.8,864.0,-50.8,50.32,0.0,-72.4,50.6,867.4,-40.1,-41.6,50.6,100.0,3342.0,3339.0,26.3,25.3,25.6,20000.0,856.4,0,0,0.6725783586688587,True
630064,2026-08-14T04:59:57.618577+00:00,external_ems_2,bess_2,good,0.3848,warning,PCS phase current imbalance high: 24.2,1.6,24.2,3.4,10.7,0.0,1.0,3.0,235.5,235.1,236.7,81.6,102.8,105.8,864.0,-50.8,50.32,0.0,-72.4,50.6,867.4,-40.1,-41.6,50.6,100.0,3342.0,3339.0,26.3,25.3,25.6,20000.0,856.4,0,0,0.6725783586688587,True
630070,2026-08-14T05:00:00.618576+00:00,external_ems_2,bess_2,good,0.3848,warning,PCS phase current imbalance high: 24.2,1.6,24.2,3.4,10.7,0.0,1.0,3.0,235.5,235.1,236.7,81.6,102.8,105.8,864.0,-50.8,50.32,0.0,-72.4,50.6,867.4,-40.1,-41.6,50.6,100.0,3342.0,3339.0,26.3,25.3,25.6,20000.0,856.4,0,0,0.6725783586688587,True
630066,2026-08-14T04:59:58.629430+00:00,external_ems_2,bess_2,good,0.3848,warning,PCS phase current imbalance high: 24.2,1.6,24.2,3.4,10.7,0.0,1.0,3.0,235.5,235.1,236.7,81.6,102.8,105.8,864.0,-50.8,50.32,0.0,-72.4,50.6,867.4,-40.1,-41.6,50.6,100.0,3342.0,3339.0,26.3,25.3,25.6,20000.0,856.4,0,0,0.6725783586688587,True
624107,2026-08-14T04:10:19.619629+00:00,external_ems_1,bess_1,good,0.5964,warning,PCS phase current imbalance high: 9.0; PCS DC current and BMS current mismatch: 57.1,0.9,9.0,2.1,57.1,0.0,1.7,1.0,238.3,237.7,237.4,109.3,105.7,114.7,873.1,-97.7,50.34,0.0,-76.0,80.2,875.2,-40.6,-43.4,80.2,100.0,3362.0,3361.0,26.1,24.4,24.8,20000.0,855.9,0,0,0.6724034953736566,True
624105,2026-08-14T04:10:18.628691+00:00,external_ems_1,bess_1,good,0.5964,warning,PCS phase current imbalance high: 9.0; PCS DC current and BMS current mismatch: 57.1,0.9,9.0,2.1,57.1,0.0,1.7,1.0,238.3,237.7,237.4,109.3,105.7,114.7,873.1,-97.7,50.34,0.0,-76.0,80.2,875.2,-40.6,-43.4,80.2,100.0,3362.0,3361.0,26.1,24.4,24.8,20000.0,855.9,0,0,0.6724034953736566,True
630195,2026-08-14T05:01:03.618570+00:00,external_ems_1,bess_1,good,0.4062,warning,PCS phase current imbalance high: 25.1,1.6,25.1,0.4,0.8,0.0,1.8,3.0,237.8,236.7,238.3,57.6,55.0,32.5,877.6,-51.0,50.33,0.0,-56.7,90.4,877.2,-50.2,-49.2,90.4,100.0,3395.0,3392.0,26.6,24.8,25.2,20000.0,855.9,0,0,0.6723237049113799,True
630193,2026-08-14T05:01:02.618576+00:00,external_ems_1,bess_1,good,0.4062,warning,PCS phase current imbalance high: 25.1,1.6,25.1,0.4,0.8,0.0,1.8,3.0,237.8,236.7,238.3,57.6,55.0,32.5,877.6,-51.0,50.33,0.0,-56.7,90.4,877.2,-50.2,-49.2,90.4,100.0,3395.0,3392.0,26.6,24.8,25.2,20000.0,855.9,0,0,0.6723237049113799,True
1263610,2026-08-17T20:59:30.628676+00:00,external_ems_2,bess_2,good,0.669,warning,PCS fault or alarm flags active: 1.0,0.2,0.1,1.7,0.0,0.3,1.0,1.0,0.4,0.2,0.2,0.7,0.8,0.7,854.4,0.0,49.95,0.0,0.0,49.8,852.7,0.0,0.1,50.1,100.0,3284.0,3283.0,24.9,23.9,24.2,20000.0,856.4,1,0,0.6722336203914648,True
1357662,2026-08-18T10:03:16.628683+00:00,external_ems_2,bess_2,good,0.6824,warning,PCS phase voltage imbalance high: 8.4; PCS phase current imbalance high: 12.2; PCS DC voltage and BMS voltage mismatch: 9.2; PCS DC current and BMS current mismatch: 91.3,8.4,12.2,9.2,91.3,0.0,1.9,3.0,223.0,215.5,223.9,36.8,44.5,32.3,867.9,33.7,49.79,0.0,16.7,65.6,877.1,-57.6,-56.5,65.6,100.0,3375.0,3372.0,26.1,24.2,24.7,20000.0,856.4,0,0,0.6720262320775616,True
1357664,2026-08-18T10:03:17.618666+00:00,external_ems_2,bess_2,good,0.6824,warning,PCS phase voltage imbalance high: 8.4; PCS phase current imbalance high: 12.2; PCS DC voltage and BMS voltage mismatch: 9.2; PCS DC current and BMS current mismatch: 91.3,8.4,12.2,9.2,91.3,0.0,1.9,3.0,223.0,215.5,223.9,36.8,44.5,32.3,867.9,33.7,49.79,0.0,16.7,65.6,877.1,-57.6,-56.5,65.6,100.0,3375.0,3372.0,26.1,24.2,24.7,20000.0,856.4,0,0,0.6720262320775616,True
479971,2026-08-13T08:09:11.618571+00:00,external_ems_1,bess_1,good,0.368,warning,PCS phase current imbalance high: 22.8; PCS DC current and BMS current mismatch: 35.9,0.4,22.8,2.4,35.9,0.0,1.8,3.0,237.9,237.6,237.5,72.6,85.4,62.6,873.5,-28.7,50.36,0.0,-17.3,78.3,875.9,-64.6,-52.4,78.3,100.0,3389.0,3386.0,26.3,24.5,24.9,20000.0,855.9,0,0,0.6714936904821333,True
479969,2026-08-13T08:09:10.618572+00:00,external_ems_1,bess_1,good,0.368,warning,PCS phase current imbalance high: 22.8; PCS DC current and BMS current mismatch: 35.9,0.4,22.8,2.4,35.9,0.0,1.8,3.0,237.9,237.6,237.5,72.6,85.4,62.6,873.5,-28.7,50.36,0.0,-17.3,78.3,875.9,-64.6,-52.4,78.3,100.0,3389.0,3386.0,26.3,24.5,24.9,20000.0,855.9,0,0,0.6714936904821333,True
479973,2026-08-13T08:09:12.630358+00:00,external_ems_1,bess_1,good,0.368,warning,PCS phase current imbalance high: 22.8; PCS DC current and BMS current mismatch: 35.9,0.4,22.8,2.4,35.9,0.0,1.8,3.0,237.9,237.6,237.5,72.6,85.4,62.6,873.5,-28.7,50.36,0.0,-17.3,78.3,875.9,-64.6,-52.4,78.3,100.0,3389.0,3386.0,26.3,24.5,24.9,20000.0,855.9,0,0,0.6714936904821333,True
479975,2026-08-13T08:09:13.619208+00:00,external_ems_1,bess_1,good,0.368,warning,PCS phase current imbalance high: 22.8; PCS DC current and BMS current mismatch: 35.9,0.4,22.8,2.4,35.9,0.0,1.8,3.0,237.9,237.6,237.5,72.6,85.4,62.6,873.5,-28.7,50.36,0.0,-17.3,78.3,875.9,-64.6,-52.4,78.3,100.0,3389.0,3386.0,26.3,24.5,24.9,20000.0,855.9,0,0,0.6714936904821333,True
481967,2026-08-13T08:25:49.619522+00:00,external_ems_1,bess_1,good,0.6173,warning,PCS DC current and BMS current mismatch: 58.5,1.1,7.0,2.6,58.5,0.0,1.9,3.0,238.1,237.6,237.0,107.4,105.0,112.0,873.9,-96.6,50.33,0.0,-26.7,80.6,876.5,-38.1,-49.1,80.6,100.0,3378.0,3375.0,26.5,24.6,25.0,20000.0,855.9,0,0,0.6712733555340331,True
481965,2026-08-13T08:25:48.629427+00:00,external_ems_1,bess_1,good,0.6173,warning,PCS DC current and BMS current mismatch: 58.5,1.1,7.0,2.6,58.5,0.0,1.9,3.0,238.1,237.6,237.0,107.4,105.0,112.0,873.9,-96.6,50.33,0.0,-26.7,80.6,876.5,-38.1,-49.1,80.6,100.0,3378.0,3375.0,26.5,24.6,25.0,20000.0,855.9,0,0,0.6712733555340331,True
632268,2026-08-14T05:18:19.619197+00:00,external_ems_2,bess_2,good,0.4158,warning,PCS phase current imbalance high: 18.8; PCS DC current and BMS current mismatch: 44.9,2.4,18.8,1.7,44.9,0.0,1.0,2.0,238.4,236.4,238.8,97.4,83.1,101.9,869.5,-84.0,50.35,0.0,-11.8,53.7,867.8,-39.1,-44.8,53.7,100.0,3330.0,3328.0,26.3,25.3,25.7,20000.0,856.4,0,0,0.6709137710578864,True
632266,2026-08-14T05:18:18.629866+00:00,external_ems_2,bess_2,good,0.4158,warning,PCS phase current imbalance high: 18.8; PCS DC current and BMS current mismatch: 44.9,2.4,18.8,1.7,44.9,0.0,1.0,2.0,238.4,236.4,238.8,97.4,83.1,101.9,869.5,-84.0,50.35,0.0,-11.8,53.7,867.8,-39.1,-44.8,53.7,100.0,3331.0,3329.0,26.3,25.3,25.7,20000.0,856.4,0,0,0.6707784112272319,True
632264,2026-08-14T05:18:17.618709+00:00,external_ems_2,bess_2,good,0.4158,warning,PCS phase current imbalance high: 18.8; PCS DC current and BMS current mismatch: 44.9,2.4,18.8,1.7,44.9,0.0,1.0,2.0,238.4,236.4,238.8,97.4,83.1,101.9,869.5,-84.0,50.35,0.0,-11.8,53.7,867.8,-39.1,-44.8,53.7,100.0,3331.0,3329.0,26.3,25.3,25.7,20000.0,856.4,0,0,0.6707784112272319,True
624235,2026-08-14T04:11:23.618560+00:00,external_ems_1,bess_1,good,0.5523,warning,PCS phase current imbalance high: 9.5; PCS DC current and BMS current mismatch: 54.3,0.9,9.5,1.0,54.3,0.0,1.6,1.0,238.5,237.7,237.6,107.9,104.4,113.9,873.2,-93.0,50.33,0.0,-74.6,80.2,874.2,-38.7,-38.0,80.2,100.0,3365.0,3364.0,26.1,24.5,24.8,20000.0,855.9,0,0,0.6707127479182605,True
624243,2026-08-14T04:11:27.618570+00:00,external_ems_1,bess_1,good,0.5523,warning,PCS phase current imbalance high: 9.5; PCS DC current and BMS current mismatch: 54.3,0.9,9.5,1.0,54.3,0.0,1.6,1.0,238.5,237.7,237.6,107.9,104.4,113.9,873.2,-93.0,50.33,0.0,-74.6,80.2,874.2,-38.7,-38.0,80.2,100.0,3365.0,3364.0,26.1,24.5,24.8,20000.0,855.9,0,0,0.6707127479182605,True
624241,2026-08-14T04:11:26.618571+00:00,external_ems_1,bess_1,good,0.5523,warning,PCS phase current imbalance high: 9.5; PCS DC current and BMS current mismatch: 54.3,0.9,9.5,1.0,54.3,0.0,1.6,1.0,238.5,237.7,237.6,107.9,104.4,113.9,873.2,-93.0,50.33,0.0,-74.6,80.2,874.2,-38.7,-38.0,80.2,100.0,3365.0,3364.0,26.1,24.5,24.8,20000.0,855.9,0,0,0.6707127479182605,True
624239,2026-08-14T04:11:25.629419+00:00,external_ems_1,bess_1,good,0.5523,warning,PCS phase current imbalance high: 9.5; PCS DC current and BMS current mismatch: 54.3,0.9,9.5,1.0,54.3,0.0,1.6,1.0,238.5,237.7,237.6,107.9,104.4,113.9,873.2,-93.0,50.33,0.0,-74.6,80.2,874.2,-38.7,-38.0,80.2,100.0,3365.0,3364.0,26.1,24.5,24.8,20000.0,855.9,0,0,0.6707127479182605,True
624237,2026-08-14T04:11:24.618562+00:00,external_ems_1,bess_1,good,0.5523,warning,PCS phase current imbalance high: 9.5; PCS DC current and BMS current mismatch: 54.3,0.9,9.5,1.0,54.3,0.0,1.6,1.0,238.5,237.7,237.6,107.9,104.4,113.9,873.2,-93.0,50.33,0.0,-74.6,80.2,874.2,-38.7,-38.0,80.2,100.0,3365.0,3364.0,26.1,24.5,24.8,20000.0,855.9,0,0,0.6707127479182605,True
624653,2026-08-14T04:14:52.618579+00:00,external_ems_1,bess_1,good,0.6357,warning,PCS phase current imbalance high: 29.4; PCS DC current and BMS current mismatch: 57.6,1.1,29.4,3.7,57.6,0.0,1.6,1.0,236.8,237.5,237.9,56.3,51.8,26.9,878.6,-4.0,50.35,0.0,-51.4,81.0,874.9,-61.6,-50.3,81.0,100.0,3362.0,3361.0,26.2,24.6,24.9,20000.0,855.9,0,0,0.6707030952508043,True
624651,2026-08-14T04:14:51.629918+00:00,external_ems_1,bess_1,good,0.6357,warning,PCS phase current imbalance high: 29.4; PCS DC current and BMS current mismatch: 57.6,1.1,29.4,3.7,57.6,0.0,1.6,1.0,236.8,237.5,237.9,56.3,51.8,26.9,878.6,-4.0,50.35,0.0,-51.4,81.0,874.9,-61.6,-50.3,81.0,100.0,3362.0,3361.0,26.2,24.6,24.9,20000.0,855.9,0,0,0.6707030952508043,True
1204544,2026-08-17T12:47:17.618572+00:00,external_ems_2,bess_2,good,0.669,warning,PCS fault or alarm flags active: 2.0,0.1,0.1,1.5,0.2,0.0,1.3,1.0,0.3,0.3,0.2,0.7,0.8,0.7,869.3,0.2,49.95,0.0,0.0,75.2,867.8,0.0,0.1,75.2,100.0,3342.0,3341.0,25.3,24.0,24.3,20000.0,856.4,2,0,0.6704790122099367,True
1204546,2026-08-17T12:47:18.629047+00:00,external_ems_2,bess_2,good,0.669,warning,PCS fault or alarm flags active: 2.0,0.1,0.1,1.5,0.2,0.0,1.3,1.0,0.3,0.3,0.2,0.7,0.8,0.7,869.3,0.2,49.95,0.0,0.0,75.2,867.8,0.0,0.1,75.2,100.0,3342.0,3341.0,25.3,24.0,24.3,20000.0,856.4,2,0,0.6704790122099367,True
1204548,2026-08-17T12:47:19.618586+00:00,external_ems_2,bess_2,good,0.669,warning,PCS fault or alarm flags active: 2.0,0.1,0.1,1.5,0.2,0.0,1.3,1.0,0.3,0.3,0.2,0.7,0.8,0.7,869.3,0.2,49.95,0.0,0.0,75.2,867.8,0.0,0.1,75.2,100.0,3342.0,3341.0,25.3,24.0,24.3,20000.0,856.4,2,0,0.6704790122099367,True
1204550,2026-08-17T12:47:20.629224+00:00,external_ems_2,bess_2,good,0.669,warning,PCS fault or alarm flags active: 2.0,0.1,0.1,1.5,0.2,0.0,1.3,1.0,0.3,0.3,0.2,0.7,0.8,0.7,869.3,0.2,49.95,0.0,0.0,75.2,867.8,0.0,0.1,75.2,100.0,3342.0,3341.0,25.3,24.0,24.3,20000.0,856.4,2,0,0.6704790122099367,True
1204528,2026-08-17T12:47:09.619052+00:00,external_ems_2,bess_2,good,0.669,warning,PCS fault or alarm flags active: 2.0,0.1,0.1,1.5,0.2,0.0,1.3,1.0,0.3,0.3,0.2,0.7,0.8,0.7,869.3,0.2,49.95,0.0,0.0,75.2,867.8,0.0,0.1,75.2,100.0,3341.0,3340.0,25.3,24.0,24.3,20000.0,856.4,2,0,0.6703437400938093,True
1204530,2026-08-17T12:47:10.629287+00:00,external_ems_2,bess_2,good,0.669,warning,PCS fault or alarm flags active: 2.0,0.1,0.1,1.5,0.2,0.0,1.3,1.0,0.3,0.3,0.2,0.7,0.8,0.7,869.3,0.2,49.95,0.0,0.0,75.2,867.8,0.0,0.1,75.2,100.0,3341.0,3340.0,25.3,24.0,24.3,20000.0,856.4,2,0,0.6703437400938093,True
1198336,2026-08-17T11:55:33.629093+00:00,external_ems_2,bess_2,good,0.669,warning,PCS fault or alarm flags active: 3.0,0.1,0.1,1.5,0.2,0.1,1.4,1.0,0.3,0.2,0.2,0.7,0.8,0.7,871.3,0.2,49.95,0.0,0.0,74.4,869.8,0.0,0.1,74.3,100.0,3349.0,3348.0,25.4,24.0,24.4,20000.0,856.4,3,0,0.6701754456231473,True
817010,2026-08-15T06:57:50.618571+00:00,external_ems_2,bess_2,good,0.5058,warning,PCS DC voltage and BMS voltage mismatch: 5.8; PCS DC current and BMS current mismatch: 51.2,0.3,0.5,5.8,51.2,0.0,1.8,2.0,256.6,256.5,256.8,58.5,59.0,58.7,856.8,-45.8,50.33,0.0,-48.0,46.5,851.0,5.4,4.7,46.5,100.0,3275.0,3273.0,25.6,23.8,24.3,20000.0,856.4,0,0,0.6701468667058186,True
817012,2026-08-15T06:57:51.628668+00:00,external_ems_2,bess_2,good,0.5058,warning,PCS DC voltage and BMS voltage mismatch: 5.8; PCS DC current and BMS current mismatch: 51.2,0.3,0.5,5.8,51.2,0.0,1.8,2.0,256.6,256.5,256.8,58.5,59.0,58.7,856.8,-45.8,50.33,0.0,-48.0,46.5,851.0,5.4,4.7,46.5,100.0,3275.0,3273.0,25.6,23.8,24.3,20000.0,856.4,0,0,0.6701468667058186,True
1701222,2026-08-20T09:48:23.011653+00:00,external_ems_2,bess_2,good,0.3821,warning,PCS phase voltage imbalance high: 19.2; PCS phase current imbalance high: 19.6,19.2,19.6,1.3,15.1,0.0,1.7,3.0,231.7,250.9,250.0,33.4,53.0,52.7,877.5,-27.4,50.19,0.0,-32.8,90.2,878.8,-42.5,-42.4,90.2,100.0,3384.0,3381.0,26.1,24.4,24.9,20000.0,856.4,0,0,0.6697037247630405,True
1701220,2026-08-20T09:48:22.001536+00:00,external_ems_2,bess_2,good,0.3821,warning,PCS phase voltage imbalance high: 19.2; PCS phase current imbalance high: 19.6,19.2,19.6,1.3,15.1,0.0,1.7,3.0,231.7,250.9,250.0,33.4,53.0,52.7,877.5,-27.4,50.19,0.0,-32.8,90.2,878.8,-42.5,-42.4,90.2,100.0,3384.0,3381.0,26.1,24.4,24.9,20000.0,856.4,0,0,0.6697037247630405,True
1204532,2026-08-17T12:47:11.618615+00:00,external_ems_2,bess_2,good,0.669,warning,PCS fault or alarm flags active: 2.0,0.1,0.1,1.5,0.2,0.0,1.3,2.0,0.3,0.3,0.2,0.7,0.8,0.7,869.3,0.2,49.95,0.0,0.0,75.2,867.8,0.0,0.1,75.2,100.0,3342.0,3340.0,25.3,24.0,24.3,20000.0,856.4,2,0,0.6695103745592307,True
1204536,2026-08-17T12:47:13.619757+00:00,external_ems_2,bess_2,good,0.669,warning,PCS fault or alarm flags active: 2.0,0.1,0.1,1.5,0.2,0.0,1.3,2.0,0.3,0.3,0.2,0.7,0.8,0.7,869.3,0.2,49.95,0.0,0.0,75.2,867.8,0.0,0.1,75.2,100.0,3342.0,3340.0,25.3,24.0,24.3,20000.0,856.4,2,0,0.6695103745592307,True
1204538,2026-08-17T12:47:14.618577+00:00,external_ems_2,bess_2,good,0.669,warning,PCS fault or alarm flags active: 2.0,0.1,0.1,1.5,0.2,0.0,1.3,2.0,0.3,0.3,0.2,0.7,0.8,0.7,869.3,0.2,49.95,0.0,0.0,75.2,867.8,0.0,0.1,75.2,100.0,3342.0,3340.0,25.3,24.0,24.3,20000.0,856.4,2,0,0.6695103745592307,True
1204542,2026-08-17T12:47:16.618566+00:00,external_ems_2,bess_2,good,0.669,warning,PCS fault or alarm flags active: 2.0,0.1,0.1,1.5,0.2,0.0,1.3,2.0,0.3,0.3,0.2,0.7,0.8,0.7,869.3,0.2,49.95,0.0,0.0,75.2,867.8,0.0,0.1,75.2,100.0,3342.0,3340.0,25.3,24.0,24.3,20000.0,856.4,2,0,0.6695103745592307,True
1204534,2026-08-17T12:47:12.629884+00:00,external_ems_2,bess_2,good,0.669,warning,PCS fault or alarm flags active: 2.0,0.1,0.1,1.5,0.2,0.0,1.3,2.0,0.3,0.3,0.2,0.7,0.8,0.7,869.3,0.2,49.95,0.0,0.0,75.2,867.8,0.0,0.1,75.2,100.0,3342.0,3340.0,25.3,24.0,24.3,20000.0,856.4,2,0,0.6695103745592307,True
1204540,2026-08-17T12:47:15.629470+00:00,external_ems_2,bess_2,good,0.669,warning,PCS fault or alarm flags active: 2.0,0.1,0.1,1.5,0.2,0.0,1.3,2.0,0.3,0.3,0.2,0.7,0.8,0.7,869.3,0.2,49.95,0.0,0.0,75.2,867.8,0.0,0.1,75.2,100.0,3342.0,3340.0,25.3,24.0,24.3,20000.0,856.4,2,0,0.6695103745592307,True
1204526,2026-08-17T12:47:08.619120+00:00,external_ems_2,bess_2,good,0.669,warning,PCS fault or alarm flags active: 2.0,0.1,0.1,1.4,0.1,0.0,1.3,1.0,0.3,0.3,0.2,0.7,0.8,0.7,869.2,0.1,49.95,0.0,0.0,75.2,867.8,0.0,0.1,75.2,100.0,3341.0,3340.0,25.3,24.0,24.3,20000.0,856.4,2,0,0.6694797216864699,True
1204518,2026-08-17T12:47:04.619151+00:00,external_ems_2,bess_2,good,0.669,warning,PCS fault or alarm flags active: 2.0,0.1,0.1,1.4,0.1,0.0,1.3,1.0,0.3,0.3,0.2,0.7,0.8,0.7,869.2,0.1,49.95,0.0,0.0,75.2,867.8,0.0,0.1,75.2,100.0,3341.0,3340.0,25.3,24.0,24.3,20000.0,856.4,2,0,0.6694797216864699,True
1204524,2026-08-17T12:47:07.629474+00:00,external_ems_2,bess_2,good,0.669,warning,PCS fault or alarm flags active: 2.0,0.1,0.1,1.4,0.1,0.0,1.3,1.0,0.3,0.3,0.2,0.7,0.8,0.7,869.2,0.1,49.95,0.0,0.0,75.2,867.8,0.0,0.1,75.2,100.0,3341.0,3340.0,25.3,24.0,24.3,20000.0,856.4,2,0,0.6694797216864699,True
1204522,2026-08-17T12:47:06.618586+00:00,external_ems_2,bess_2,good,0.669,warning,PCS fault or alarm flags active: 2.0,0.1,0.1,1.4,0.1,0.0,1.3,1.0,0.3,0.3,0.2,0.7,0.8,0.7,869.2,0.1,49.95,0.0,0.0,75.2,867.8,0.0,0.1,75.2,100.0,3341.0,3340.0,25.3,24.0,24.3,20000.0,856.4,2,0,0.6694797216864699,True
1204520,2026-08-17T12:47:05.618695+00:00,external_ems_2,bess_2,good,0.669,warning,PCS fault or alarm flags active: 2.0,0.1,0.1,1.4,0.1,0.0,1.3,1.0,0.3,0.3,0.2,0.7,0.8,0.7,869.2,0.1,49.95,0.0,0.0,75.2,867.8,0.0,0.1,75.2,100.0,3341.0,3340.0,25.3,24.0,24.3,20000.0,856.4,2,0,0.6694797216864699,True
1684800,2026-08-20T07:29:25.619372+00:00,external_ems_2,bess_2,good,0.3573,warning,PCS phase voltage imbalance high: 18.2; PCS phase current imbalance high: 20.2,18.2,20.2,0.7,0.1,0.4,1.5,2.0,234.0,252.2,251.0,45.5,65.7,63.7,874.4,-42.1,50.23,0.0,-40.7,72.2,875.1,-42.2,-44.1,71.8,100.0,3373.0,3371.0,25.8,24.3,24.7,20000.0,856.4,0,0,0.6690042839161082,True
1684802,2026-08-20T07:29:26.618565+00:00,external_ems_2,bess_2,good,0.3573,warning,PCS phase voltage imbalance high: 18.2; PCS phase current imbalance high: 20.2,18.2,20.2,0.7,0.1,0.4,1.5,2.0,234.0,252.2,251.0,45.5,65.7,63.7,874.4,-42.1,50.23,0.0,-40.7,72.2,875.1,-42.2,-44.1,71.8,100.0,3373.0,3371.0,25.8,24.3,24.7,20000.0,856.4,0,0,0.6690042839161082,True
295248,2026-08-12T06:29:49.618575+00:00,external_ems_2,bess_2,good,0.6947,warning,PCS phase current imbalance high: 23.9; PCS DC voltage and BMS voltage mismatch: 9.2; PCS DC current and BMS current mismatch: 60.2,1.0,23.9,9.2,60.2,0.0,1.2,1.0,235.9,235.2,234.9,67.2,51.1,75.0,869.6,-52.7,50.38,0.0,-7.8,40.8,860.4,7.5,7.1,40.8,100.0,3313.0,3312.0,25.9,24.7,25.1,20000.0,856.4,0,0,0.6683999200509144,True
295240,2026-08-12T06:29:45.618574+00:00,external_ems_2,bess_2,good,0.6947,warning,PCS phase current imbalance high: 23.9; PCS DC voltage and BMS voltage mismatch: 9.2; PCS DC current and BMS current mismatch: 60.2,1.0,23.9,9.2,60.2,0.0,1.2,1.0,235.9,235.2,234.9,67.2,51.1,75.0,869.6,-52.7,50.38,0.0,-7.8,40.8,860.4,7.5,7.1,40.8,100.0,3313.0,3312.0,25.9,24.7,25.1,20000.0,856.4,0,0,0.6683999200509144,True
295242,2026-08-12T06:29:46.618569+00:00,external_ems_2,bess_2,good,0.6947,warning,PCS phase current imbalance high: 23.9; PCS DC voltage and BMS voltage mismatch: 9.2; PCS DC current and BMS current mismatch: 60.2,1.0,23.9,9.2,60.2,0.0,1.2,1.0,235.9,235.2,234.9,67.2,51.1,75.0,869.6,-52.7,50.38,0.0,-7.8,40.8,860.4,7.5,7.1,40.8,100.0,3313.0,3312.0,25.9,24.7,25.1,20000.0,856.4,0,0,0.6683999200509144,True
295244,2026-08-12T06:29:47.628853+00:00,external_ems_2,bess_2,good,0.6947,warning,PCS phase current imbalance high: 23.9; PCS DC voltage and BMS voltage mismatch: 9.2; PCS DC current and BMS current mismatch: 60.2,1.0,23.9,9.2,60.2,0.0,1.2,1.0,235.9,235.2,234.9,67.2,51.1,75.0,869.6,-52.7,50.38,0.0,-7.8,40.8,860.4,7.5,7.1,40.8,100.0,3313.0,3312.0,25.9,24.7,25.1,20000.0,856.4,0,0,0.6683999200509144,True
295246,2026-08-12T06:29:48.619261+00:00,external_ems_2,bess_2,good,0.6947,warning,PCS phase current imbalance high: 23.9; PCS DC voltage and BMS voltage mismatch: 9.2; PCS DC current and BMS current mismatch: 60.2,1.0,23.9,9.2,60.2,0.0,1.2,1.0,235.9,235.2,234.9,67.2,51.1,75.0,869.6,-52.7,50.38,0.0,-7.8,40.8,860.4,7.5,7.1,40.8,100.0,3313.0,3312.0,25.9,24.7,25.1,20000.0,856.4,0,0,0.6683999200509144,True
1198318,2026-08-17T11:55:24.629464+00:00,external_ems_2,bess_2,good,0.669,warning,PCS fault or alarm flags active: 3.0,0.1,0.1,1.6,0.0,0.0,1.4,2.0,0.3,0.3,0.2,0.7,0.8,0.7,871.4,0.0,49.95,0.0,0.0,74.3,869.8,0.0,0.1,74.3,100.0,3350.0,3348.0,25.4,24.0,24.4,20000.0,856.4,3,0,0.6683791924244304,True
1198316,2026-08-17T11:55:23.618560+00:00,external_ems_2,bess_2,good,0.669,warning,PCS fault or alarm flags active: 3.0,0.1,0.1,1.6,0.0,0.0,1.4,2.0,0.3,0.3,0.2,0.7,0.8,0.7,871.4,0.0,49.95,0.0,0.0,74.3,869.8,0.0,0.1,74.3,100.0,3350.0,3348.0,25.4,24.0,24.4,20000.0,856.4,3,0,0.6683791924244304,True
1198320,2026-08-17T11:55:25.618579+00:00,external_ems_2,bess_2,good,0.669,warning,PCS fault or alarm flags active: 3.0,0.1,0.1,1.6,0.0,0.0,1.4,2.0,0.3,0.3,0.2,0.7,0.8,0.7,871.4,0.0,49.95,0.0,0.0,74.3,869.8,0.0,0.1,74.3,100.0,3350.0,3348.0,25.4,24.0,24.4,20000.0,856.4,3,0,0.6683791924244304,True
1198322,2026-08-17T11:55:26.629013+00:00,external_ems_2,bess_2,good,0.669,warning,PCS fault or alarm flags active: 3.0,0.1,0.1,1.6,0.0,0.0,1.4,2.0,0.3,0.3,0.2,0.7,0.8,0.7,871.4,0.0,49.95,0.0,0.0,74.3,869.8,0.0,0.1,74.3,100.0,3350.0,3348.0,25.4,24.0,24.4,20000.0,856.4,3,0,0.6683791924244304,True
815836,2026-08-15T06:48:03.629731+00:00,external_ems_2,bess_2,good,0.6593,warning,PCS DC voltage and BMS voltage mismatch: 7.6; PCS DC current and BMS current mismatch: 74.0,0.7,3.2,7.6,74.0,0.0,1.7,2.0,254.1,253.5,254.2,60.1,56.9,60.0,857.0,-46.6,50.35,0.0,-52.1,46.9,849.4,27.4,28.4,46.9,100.0,3274.0,3272.0,25.5,23.8,24.3,20000.0,856.4,0,0,0.6682829117358796,True
815840,2026-08-15T06:48:05.629593+00:00,external_ems_2,bess_2,good,0.6593,warning,PCS DC voltage and BMS voltage mismatch: 7.6; PCS DC current and BMS current mismatch: 74.0,0.7,3.2,7.6,74.0,0.0,1.7,2.0,254.1,253.5,254.2,60.1,56.9,60.0,857.0,-46.6,50.35,0.0,-52.1,46.9,849.4,27.4,28.4,46.9,100.0,3274.0,3272.0,25.5,23.8,24.3,20000.0,856.4,0,0,0.6682829117358796,True
815838,2026-08-15T06:48:04.618807+00:00,external_ems_2,bess_2,good,0.6593,warning,PCS DC voltage and BMS voltage mismatch: 7.6; PCS DC current and BMS current mismatch: 74.0,0.7,3.2,7.6,74.0,0.0,1.7,2.0,254.1,253.5,254.2,60.1,56.9,60.0,857.0,-46.6,50.35,0.0,-52.1,46.9,849.4,27.4,28.4,46.9,100.0,3274.0,3272.0,25.5,23.8,24.3,20000.0,856.4,0,0,0.6682829117358796,True
815842,2026-08-15T06:48:06.618751+00:00,external_ems_2,bess_2,good,0.6593,warning,PCS DC voltage and BMS voltage mismatch: 7.6; PCS DC current and BMS current mismatch: 74.0,0.7,3.2,7.6,74.0,0.0,1.7,2.0,254.1,253.5,254.2,60.1,56.9,60.0,857.0,-46.6,50.35,0.0,-52.1,46.9,849.4,27.4,28.4,46.9,100.0,3274.0,3272.0,25.5,23.8,24.3,20000.0,856.4,0,0,0.6682829117358796,True
815844,2026-08-15T06:48:07.629048+00:00,external_ems_2,bess_2,good,0.6593,warning,PCS DC voltage and BMS voltage mismatch: 7.6; PCS DC current and BMS current mismatch: 74.0,0.7,3.2,7.6,74.0,0.0,1.7,2.0,254.1,253.5,254.2,60.1,56.9,60.0,857.0,-46.6,50.35,0.0,-52.1,46.9,849.4,27.4,28.4,46.9,100.0,3274.0,3272.0,25.5,23.8,24.3,20000.0,856.4,0,0,0.6682829117358796,True
629801,2026-08-14T04:57:46.618583+00:00,external_ems_1,bess_1,good,0.3947,warning,PCS phase current imbalance high: 15.5; PCS DC current and BMS current mismatch: 43.9,0.4,15.5,0.0,43.9,0.0,1.8,4.0,238.7,239.1,239.0,34.3,26.3,18.8,877.2,-16.4,50.34,0.0,-14.4,89.6,877.2,-60.3,-51.1,89.6,100.0,3388.0,3384.0,26.6,24.8,25.2,20000.0,855.9,0,0,0.6680865658373834,True
629799,2026-08-14T04:57:45.618581+00:00,external_ems_1,bess_1,good,0.3947,warning,PCS phase current imbalance high: 15.5; PCS DC current and BMS current mismatch: 43.9,0.4,15.5,0.0,43.9,0.0,1.8,4.0,238.7,239.1,239.0,34.3,26.3,18.8,877.2,-16.4,50.34,0.0,-14.4,89.6,877.2,-60.3,-51.1,89.6,100.0,3388.0,3384.0,26.6,24.8,25.2,20000.0,855.9,0,0,0.6680865658373834,True
629997,2026-08-14T04:59:24.629189+00:00,external_ems_1,bess_1,good,0.3602,warning,PCS phase current imbalance high: 20.2; PCS DC current and BMS current mismatch: 41.3,0.9,20.2,0.8,41.3,0.0,1.8,3.0,239.0,238.1,238.3,49.6,49.9,29.7,877.1,-5.8,50.33,0.0,-67.9,90.0,877.9,-47.1,-47.5,90.0,100.0,3372.0,3369.0,26.6,24.8,25.2,20000.0,855.9,0,0,0.6675098754556923,True
629993,2026-08-14T04:59:22.618628+00:00,external_ems_1,bess_1,good,0.3602,warning,PCS phase current imbalance high: 20.2; PCS DC current and BMS current mismatch: 41.3,0.9,20.2,0.8,41.3,0.0,1.8,3.0,239.0,238.1,238.3,49.6,49.9,29.7,877.1,-5.8,50.33,0.0,-67.9,90.0,877.9,-47.1,-47.5,90.0,100.0,3372.0,3369.0,26.6,24.8,25.2,20000.0,855.9,0,0,0.6675098754556923,True
629999,2026-08-14T04:59:25.618565+00:00,external_ems_1,bess_1,good,0.3602,warning,PCS phase current imbalance high: 20.2; PCS DC current and BMS current mismatch: 41.3,0.9,20.2,0.8,41.3,0.0,1.8,3.0,239.0,238.1,238.3,49.6,49.9,29.7,877.1,-5.8,50.33,0.0,-67.9,90.0,877.9,-47.1,-47.5,90.0,100.0,3372.0,3369.0,26.6,24.8,25.2,20000.0,855.9,0,0,0.6675098754556923,True
629995,2026-08-14T04:59:23.618592+00:00,external_ems_1,bess_1,good,0.3602,warning,PCS phase current imbalance high: 20.2; PCS DC current and BMS current mismatch: 41.3,0.9,20.2,0.8,41.3,0.0,1.8,3.0,239.0,238.1,238.3,49.6,49.9,29.7,877.1,-5.8,50.33,0.0,-67.9,90.0,877.9,-47.1,-47.5,90.0,100.0,3372.0,3369.0,26.6,24.8,25.2,20000.0,855.9,0,0,0.6675098754556923,True
624231,2026-08-14T04:11:21.629139+00:00,external_ems_1,bess_1,good,0.6004,warning,PCS phase current imbalance high: 9.5; PCS DC current and BMS current mismatch: 57.3,0.9,9.5,1.3,57.3,0.0,1.6,2.0,238.5,237.7,237.6,107.9,104.4,113.9,873.2,-93.0,50.33,0.0,-74.6,80.2,874.5,-35.7,-47.0,80.2,100.0,3363.0,3361.0,26.1,24.5,24.8,20000.0,855.9,0,0,0.667393576067142,True
624233,2026-08-14T04:11:22.618822+00:00,external_ems_1,bess_1,good,0.6004,warning,PCS phase current imbalance high: 9.5; PCS DC current and BMS current mismatch: 57.3,0.9,9.5,1.3,57.3,0.0,1.6,2.0,238.5,237.7,237.6,107.9,104.4,113.9,873.2,-93.0,50.33,0.0,-74.6,80.2,874.5,-35.7,-47.0,80.2,100.0,3363.0,3361.0,26.1,24.5,24.8,20000.0,855.9,0,0,0.667393576067142,True
624030,2026-08-14T04:09:40.618570+00:00,external_ems_2,bess_2,good,0.3624,warning,PCS DC current and BMS current mismatch: 42.6,1.2,7.5,3.2,42.6,0.0,0.8,2.0,238.9,238.7,239.9,103.3,110.8,106.0,862.2,-101.1,50.33,0.0,-60.2,40.8,865.4,-58.5,-46.7,40.8,100.0,3319.0,3317.0,25.5,24.7,25.0,20000.0,856.4,0,0,0.6672682949831429,True
624034,2026-08-14T04:09:42.618569+00:00,external_ems_2,bess_2,good,0.3624,warning,PCS DC current and BMS current mismatch: 42.6,1.2,7.5,3.2,42.6,0.0,0.8,2.0,238.9,238.7,239.9,103.3,110.8,106.0,862.2,-101.1,50.33,0.0,-60.2,40.8,865.4,-58.5,-46.7,40.8,100.0,3319.0,3317.0,25.5,24.7,25.0,20000.0,856.4,0,0,0.6672682949831429,True
624032,2026-08-14T04:09:41.618566+00:00,external_ems_2,bess_2,good,0.3624,warning,PCS DC current and BMS current mismatch: 42.6,1.2,7.5,3.2,42.6,0.0,0.8,2.0,238.9,238.7,239.9,103.3,110.8,106.0,862.2,-101.1,50.33,0.0,-60.2,40.8,865.4,-58.5,-46.7,40.8,100.0,3319.0,3317.0,25.5,24.7,25.0,20000.0,856.4,0,0,0.6672682949831429,True
624028,2026-08-14T04:09:39.618621+00:00,external_ems_2,bess_2,good,0.3624,warning,PCS DC current and BMS current mismatch: 42.6,1.2,7.5,3.2,42.6,0.0,0.8,2.0,238.9,238.7,239.9,103.3,110.8,106.0,862.2,-101.1,50.33,0.0,-60.2,40.8,865.4,-58.5,-46.7,40.8,100.0,3319.0,3317.0,25.5,24.7,25.0,20000.0,856.4,0,0,0.6672682949831429,True
1198324,2026-08-17T11:55:27.618661+00:00,external_ems_2,bess_2,good,0.669,warning,PCS fault or alarm flags active: 3.0,0.1,0.1,1.5,0.2,0.0,1.4,2.0,0.3,0.2,0.2,0.7,0.8,0.7,871.3,0.2,49.95,0.0,0.0,74.3,869.8,0.0,0.1,74.3,100.0,3350.0,3348.0,25.4,24.0,24.4,20000.0,856.4,3,0,0.6672093188240851,True
1198326,2026-08-17T11:55:28.618566+00:00,external_ems_2,bess_2,good,0.669,warning,PCS fault or alarm flags active: 3.0,0.1,0.1,1.5,0.2,0.0,1.4,2.0,0.3,0.2,0.2,0.7,0.8,0.7,871.3,0.2,49.95,0.0,0.0,74.3,869.8,0.0,0.1,74.3,100.0,3350.0,3348.0,25.4,24.0,24.4,20000.0,856.4,3,0,0.6672093188240851,True
632977,2026-08-14T05:24:14.618701+00:00,external_ems_1,bess_1,good,0.3848,warning,PCS phase current imbalance high: 24.2,0.7,24.2,0.9,19.1,0.0,1.9,4.0,237.2,237.7,237.9,48.1,43.1,23.9,880.5,-20.9,50.31,0.0,-48.2,94.3,879.6,-40.0,-41.4,94.3,100.0,3382.0,3378.0,26.7,24.8,25.2,20000.0,855.9,0,0,0.6671254958912052,True
632979,2026-08-14T05:24:15.618567+00:00,external_ems_1,bess_1,good,0.3848,warning,PCS phase current imbalance high: 24.2,0.7,24.2,0.9,19.1,0.0,1.9,4.0,237.2,237.7,237.9,48.1,43.1,23.9,880.5,-20.9,50.31,0.0,-48.2,94.3,879.6,-40.0,-41.4,94.3,100.0,3382.0,3378.0,26.7,24.8,25.2,20000.0,855.9,0,0,0.6671254958912052,True
481729,2026-08-13T08:23:50.618573+00:00,external_ems_1,bess_1,good,0.462,warning,PCS phase current imbalance high: 10.2; PCS DC current and BMS current mismatch: 48.6,0.5,10.2,1.8,48.6,0.0,1.9,2.0,238.5,238.0,238.0,110.1,106.1,116.3,874.1,-87.9,50.34,0.0,-67.3,80.2,875.9,-39.3,-40.8,80.2,100.0,3370.0,3368.0,26.4,24.5,24.9,20000.0,855.9,0,0,0.667016145828886,True
481733,2026-08-13T08:23:52.619037+00:00,external_ems_1,bess_1,good,0.462,warning,PCS phase current imbalance high: 10.2; PCS DC current and BMS current mismatch: 48.6,0.5,10.2,1.8,48.6,0.0,1.9,2.0,238.5,238.0,238.0,110.1,106.1,116.3,874.1,-87.9,50.34,0.0,-67.3,80.2,875.9,-39.3,-40.8,80.2,100.0,3370.0,3368.0,26.4,24.5,24.9,20000.0,855.9,0,0,0.667016145828886,True
481731,2026-08-13T08:23:51.628682+00:00,external_ems_1,bess_1,good,0.462,warning,PCS phase current imbalance high: 10.2; PCS DC current and BMS current mismatch: 48.6,0.5,10.2,1.8,48.6,0.0,1.9,2.0,238.5,238.0,238.0,110.1,106.1,116.3,874.1,-87.9,50.34,0.0,-67.3,80.2,875.9,-39.3,-40.8,80.2,100.0,3370.0,3368.0,26.4,24.5,24.9,20000.0,855.9,0,0,0.667016145828886,True
481735,2026-08-13T08:23:53.618621+00:00,external_ems_1,bess_1,good,0.462,warning,PCS phase current imbalance high: 10.2; PCS DC current and BMS current mismatch: 48.6,0.5,10.2,1.8,48.6,0.0,1.9,2.0,238.5,238.0,238.0,110.1,106.1,116.3,874.1,-87.9,50.34,0.0,-67.3,80.2,875.9,-39.3,-40.8,80.2,100.0,3370.0,3368.0,26.4,24.5,24.9,20000.0,855.9,0,0,0.667016145828886,True
1198314,2026-08-17T11:55:22.618576+00:00,external_ems_2,bess_2,good,0.669,warning,PCS fault or alarm flags active: 3.0,0.1,0.1,1.6,0.0,0.0,1.4,1.0,0.3,0.3,0.2,0.7,0.8,0.7,871.4,0.0,49.95,0.0,0.0,74.3,869.8,0.0,0.1,74.3,100.0,3350.0,3349.0,25.4,24.0,24.4,20000.0,856.4,3,0,0.6669447524725224,True
1198312,2026-08-17T11:55:21.629640+00:00,external_ems_2,bess_2,good,0.669,warning,PCS fault or alarm flags active: 3.0,0.1,0.1,1.6,0.0,0.0,1.4,1.0,0.3,0.3,0.2,0.7,0.8,0.7,871.4,0.0,49.95,0.0,0.0,74.3,869.8,0.0,0.1,74.3,100.0,3350.0,3349.0,25.4,24.0,24.4,20000.0,856.4,3,0,0.6669447524725224,True
817022,2026-08-15T06:57:56.618624+00:00,external_ems_2,bess_2,good,0.4345,warning,PCS DC current and BMS current mismatch: 47.1,0.3,0.5,4.4,47.1,0.0,1.8,1.0,256.6,256.5,256.8,58.5,59.0,58.7,856.8,-45.8,50.33,0.0,-48.0,46.5,852.4,1.3,1.1,46.5,100.0,3283.0,3282.0,25.6,23.8,24.3,20000.0,856.4,0,0,0.6667213634724112,True
817016,2026-08-15T06:57:53.629130+00:00,external_ems_2,bess_2,good,0.4345,warning,PCS DC current and BMS current mismatch: 47.1,0.3,0.5,4.4,47.1,0.0,1.8,1.0,256.6,256.5,256.8,58.5,59.0,58.7,856.8,-45.8,50.33,0.0,-48.0,46.5,852.4,1.3,1.1,46.5,100.0,3283.0,3282.0,25.6,23.8,24.3,20000.0,856.4,0,0,0.6667213634724112,True
817018,2026-08-15T06:57:54.618570+00:00,external_ems_2,bess_2,good,0.4345,warning,PCS DC current and BMS current mismatch: 47.1,0.3,0.5,4.4,47.1,0.0,1.8,1.0,256.6,256.5,256.8,58.5,59.0,58.7,856.8,-45.8,50.33,0.0,-48.0,46.5,852.4,1.3,1.1,46.5,100.0,3283.0,3282.0,25.6,23.8,24.3,20000.0,856.4,0,0,0.6667213634724112,True
817014,2026-08-15T06:57:52.618567+00:00,external_ems_2,bess_2,good,0.4345,warning,PCS DC current and BMS current mismatch: 47.1,0.3,0.5,4.4,47.1,0.0,1.8,1.0,256.6,256.5,256.8,58.5,59.0,58.7,856.8,-45.8,50.33,0.0,-48.0,46.5,852.4,1.3,1.1,46.5,100.0,3283.0,3282.0,25.6,23.8,24.3,20000.0,856.4,0,0,0.6667213634724112,True
817020,2026-08-15T06:57:55.629407+00:00,external_ems_2,bess_2,good,0.4345,warning,PCS DC current and BMS current mismatch: 47.1,0.3,0.5,4.4,47.1,0.0,1.8,1.0,256.6,256.5,256.8,58.5,59.0,58.7,856.8,-45.8,50.33,0.0,-48.0,46.5,852.4,1.3,1.1,46.5,100.0,3283.0,3282.0,25.6,23.8,24.3,20000.0,856.4,0,0,0.6667213634724112,True
629744,2026-08-14T04:57:17.629919+00:00,external_ems_2,bess_2,good,0.6414,warning,PCS DC current and BMS current mismatch: 63.7,1.3,6.6,3.3,63.7,0.0,1.0,2.0,238.8,239.5,240.1,111.5,115.7,118.1,863.4,-104.0,50.35,0.0,-53.0,49.8,866.7,-40.3,-41.1,49.8,100.0,3327.0,3325.0,26.2,25.2,25.5,20000.0,856.4,0,0,0.6662721496917076,True
629742,2026-08-14T04:57:16.618640+00:00,external_ems_2,bess_2,good,0.6414,warning,PCS DC current and BMS current mismatch: 63.7,1.3,6.6,3.3,63.7,0.0,1.0,2.0,238.8,239.5,240.1,111.5,115.7,118.1,863.4,-104.0,50.35,0.0,-53.0,49.8,866.7,-40.3,-41.1,49.8,100.0,3327.0,3325.0,26.2,25.2,25.5,20000.0,856.4,0,0,0.6662721496917076,True
632800,2026-08-14T05:22:45.628682+00:00,external_ems_2,bess_2,good,0.6414,warning,PCS phase current imbalance high: 97.1,0.6,97.1,3.0,3.1,0.0,1.0,3.0,236.6,236.6,237.2,107.6,116.6,19.5,871.1,-42.9,50.37,0.0,-11.0,54.5,868.1,-39.8,-48.6,54.5,100.0,3340.0,3337.0,26.3,25.3,25.7,20000.0,856.4,0,0,0.6662665301045296,True
632806,2026-08-14T05:22:48.619099+00:00,external_ems_2,bess_2,good,0.6414,warning,PCS phase current imbalance high: 97.1,0.6,97.1,3.0,3.1,0.0,1.0,3.0,236.6,236.6,237.2,107.6,116.6,19.5,871.1,-42.9,50.37,0.0,-11.0,54.5,868.1,-39.8,-48.6,54.5,100.0,3340.0,3337.0,26.3,25.3,25.7,20000.0,856.4,0,0,0.6662665301045296,True
632804,2026-08-14T05:22:47.629531+00:00,external_ems_2,bess_2,good,0.6414,warning,PCS phase current imbalance high: 97.1,0.6,97.1,3.0,3.1,0.0,1.0,3.0,236.6,236.6,237.2,107.6,116.6,19.5,871.1,-42.9,50.37,0.0,-11.0,54.5,868.1,-39.8,-48.6,54.5,100.0,3340.0,3337.0,26.3,25.3,25.7,20000.0,856.4,0,0,0.6662665301045296,True
632802,2026-08-14T05:22:46.618573+00:00,external_ems_2,bess_2,good,0.6414,warning,PCS phase current imbalance high: 97.1,0.6,97.1,3.0,3.1,0.0,1.0,3.0,236.6,236.6,237.2,107.6,116.6,19.5,871.1,-42.9,50.37,0.0,-11.0,54.5,868.1,-39.8,-48.6,54.5,100.0,3340.0,3337.0,26.3,25.3,25.7,20000.0,856.4,0,0,0.6662665301045296,True
479974,2026-08-13T08:09:12.630358+00:00,external_ems_2,bess_2,good,0.4352,warning,PCS phase current imbalance high: 11.6; PCS DC current and BMS current mismatch: 46.8,1.6,11.6,2.1,46.8,0.0,1.1,1.0,237.8,238.5,239.4,108.6,108.0,119.6,865.3,-87.8,50.36,0.0,-80.1,43.9,867.4,-41.0,-53.4,43.9,100.0,3350.0,3348.0,25.8,24.7,25.0,20000.0,856.4,0,0,0.6659869808560218,True
628174,2026-08-14T04:44:12.629037+00:00,external_ems_2,bess_2,good,0.6414,warning,PCS DC current and BMS current mismatch: 65.7,1.4,6.5,2.8,65.7,0.0,0.9,1.0,237.7,237.3,238.7,109.6,116.1,114.8,868.9,-104.7,50.35,0.0,-52.1,47.1,866.1,-39.0,-50.5,47.1,100.0,3320.0,3319.0,25.9,25.0,25.3,20000.0,856.4,0,0,0.6659811154144231,True
628172,2026-08-14T04:44:11.618582+00:00,external_ems_2,bess_2,good,0.6414,warning,PCS DC current and BMS current mismatch: 65.7,1.4,6.5,2.8,65.7,0.0,0.9,1.0,237.7,237.3,238.7,109.6,116.1,114.8,868.9,-104.7,50.35,0.0,-52.1,47.1,866.1,-39.0,-50.5,47.1,100.0,3320.0,3319.0,25.9,25.0,25.3,20000.0,856.4,0,0,0.6659811154144231,True
1510100,2026-08-19T07:13:35.628978+00:00,external_ems_2,bess_2,good,0.5938,warning,PCS phase voltage imbalance high: 21.8; PCS DC voltage and BMS voltage mismatch: 5.7; PCS DC current and BMS current mismatch: 55.0,21.8,3.5,5.7,55.0,0.0,1.5,1.0,223.9,244.6,245.7,71.5,68.0,71.2,862.4,-52.5,50.34,0.0,-50.6,46.8,856.7,2.5,2.1,46.8,100.0,3301.0,3300.0,25.7,24.2,24.6,20000.0,856.4,0,0,0.6657973150412796,True
629696,2026-08-14T04:56:53.629250+00:00,external_ems_2,bess_2,good,0.6247,warning,PCS phase current imbalance high: 10.7; PCS DC current and BMS current mismatch: 58.7,0.6,10.7,3.4,58.7,0.0,1.0,3.0,237.5,237.4,238.0,98.7,109.4,99.9,863.3,-95.1,50.33,0.0,-63.2,49.8,866.7,-36.4,-48.2,49.8,100.0,3343.0,3340.0,26.2,25.2,25.5,20000.0,856.4,0,0,0.6655851594586982,True
629698,2026-08-14T04:56:54.618584+00:00,external_ems_2,bess_2,good,0.6247,warning,PCS phase current imbalance high: 10.7; PCS DC current and BMS current mismatch: 58.7,0.6,10.7,3.4,58.7,0.0,1.0,3.0,237.5,237.4,238.0,98.7,109.4,99.9,863.3,-95.1,50.33,0.0,-63.2,49.8,866.7,-36.4,-48.2,49.8,100.0,3343.0,3340.0,26.2,25.2,25.5,20000.0,856.4,0,0,0.6655851594586982,True
629700,2026-08-14T04:56:55.618567+00:00,external_ems_2,bess_2,good,0.6247,warning,PCS phase current imbalance high: 10.7; PCS DC current and BMS current mismatch: 58.7,0.6,10.7,3.4,58.7,0.0,1.0,3.0,237.5,237.4,238.0,98.7,109.4,99.9,863.3,-95.1,50.33,0.0,-63.2,49.8,866.7,-36.4,-48.2,49.8,100.0,3343.0,3340.0,26.2,25.2,25.5,20000.0,856.4,0,0,0.6655851594586982,True
629702,2026-08-14T04:56:56.618567+00:00,external_ems_2,bess_2,good,0.6247,warning,PCS phase current imbalance high: 10.7; PCS DC current and BMS current mismatch: 58.7,0.6,10.7,3.4,58.7,0.0,1.0,3.0,237.5,237.4,238.0,98.7,109.4,99.9,863.3,-95.1,50.33,0.0,-63.2,49.8,866.7,-36.4,-48.2,49.8,100.0,3343.0,3340.0,26.2,25.2,25.5,20000.0,856.4,0,0,0.6655851594586982,True
1177780,2026-08-17T09:04:15.619391+00:00,external_ems_2,bess_2,good,0.669,warning,PCS fault or alarm flags active: 2.0,0.1,0.1,1.0,0.0,0.0,1.4,2.0,0.3,0.3,0.2,0.7,0.8,0.7,871.1,0.0,49.95,0.0,0.0,65.3,870.1,0.0,0.4,65.3,100.0,3368.0,3366.0,25.8,24.4,24.8,20000.0,856.4,2,0,0.6654835874439592,True
1177778,2026-08-17T09:04:14.629590+00:00,external_ems_2,bess_2,good,0.669,warning,PCS fault or alarm flags active: 2.0,0.1,0.1,1.0,0.0,0.0,1.4,2.0,0.3,0.3,0.2,0.7,0.8,0.7,871.1,0.0,49.95,0.0,0.0,65.3,870.1,0.0,0.4,65.3,100.0,3368.0,3366.0,25.8,24.4,24.8,20000.0,856.4,2,0,0.6654835874439592,True
1357666,2026-08-18T10:03:18.629910+00:00,external_ems_2,bess_2,good,0.6824,warning,PCS phase voltage imbalance high: 8.4; PCS phase current imbalance high: 12.2; PCS DC voltage and BMS voltage mismatch: 9.2; PCS DC current and BMS current mismatch: 91.3,8.4,12.2,9.2,91.3,0.0,1.8,1.0,223.0,215.5,223.9,36.8,44.5,32.3,867.9,33.7,49.79,0.0,16.7,65.6,877.1,-57.6,-56.5,65.6,100.0,3351.0,3350.0,26.1,24.3,24.7,20000.0,856.4,0,0,0.6652322658589854,True
1340138,2026-08-18T07:37:14.619584+00:00,external_ems_2,bess_2,good,0.6913,warning,BMS cell voltage spread high: 14.0; PCS DC voltage and BMS voltage mismatch: 7.1; PCS DC current and BMS current mismatch: 70.8,0.6,0.6,7.1,70.8,0.0,1.4,14.0,255.5,255.3,255.9,65.5,66.1,65.5,868.2,-53.4,50.34,0.0,-49.1,60.5,861.1,17.4,18.9,60.5,100.0,3326.0,3312.0,25.8,24.4,24.8,20000.0,856.4,0,0,0.6652285588550716,True
1340140,2026-08-18T07:37:15.618630+00:00,external_ems_2,bess_2,good,0.6913,warning,BMS cell voltage spread high: 14.0; PCS DC voltage and BMS voltage mismatch: 7.1; PCS DC current and BMS current mismatch: 70.8,0.6,0.6,7.1,70.8,0.0,1.4,14.0,255.5,255.3,255.9,65.5,66.1,65.5,868.2,-53.4,50.34,0.0,-49.1,60.5,861.1,17.4,18.9,60.5,100.0,3326.0,3312.0,25.8,24.4,24.8,20000.0,856.4,0,0,0.6652285588550716,True
1340134,2026-08-18T07:37:12.618565+00:00,external_ems_2,bess_2,good,0.6913,warning,BMS cell voltage spread high: 14.0; PCS DC voltage and BMS voltage mismatch: 7.1; PCS DC current and BMS current mismatch: 70.8,0.6,0.6,7.1,70.8,0.0,1.4,14.0,255.5,255.3,255.9,65.5,66.1,65.5,868.2,-53.4,50.34,0.0,-49.1,60.5,861.1,17.4,18.9,60.5,100.0,3326.0,3312.0,25.8,24.4,24.8,20000.0,856.4,0,0,0.6652285588550716,True
1340136,2026-08-18T07:37:13.628895+00:00,external_ems_2,bess_2,good,0.6913,warning,BMS cell voltage spread high: 14.0; PCS DC voltage and BMS voltage mismatch: 7.1; PCS DC current and BMS current mismatch: 70.8,0.6,0.6,7.1,70.8,0.0,1.4,14.0,255.5,255.3,255.9,65.5,66.1,65.5,868.2,-53.4,50.34,0.0,-49.1,60.5,861.1,17.4,18.9,60.5,100.0,3326.0,3312.0,25.8,24.4,24.8,20000.0,856.4,0,0,0.6652285588550716,True
983364,2026-08-16T06:04:07.618570+00:00,external_ems_2,bess_2,good,0.6634,warning,PCS DC voltage and BMS voltage mismatch: 8.2; PCS DC current and BMS current mismatch: 81.0,1.2,4.4,8.2,81.0,0.0,0.9,2.0,255.2,254.1,255.3,70.2,66.5,70.9,864.6,-53.5,49.97,0.0,2.3,52.6,856.4,27.5,25.3,52.6,100.0,3301.0,3299.0,25.9,25.0,25.4,20000.0,856.4,0,0,0.6651938816650338,True
983358,2026-08-16T06:04:04.618582+00:00,external_ems_2,bess_2,good,0.6634,warning,PCS DC voltage and BMS voltage mismatch: 8.2; PCS DC current and BMS current mismatch: 81.0,1.2,4.4,8.2,81.0,0.0,0.9,2.0,255.2,254.1,255.3,70.2,66.5,70.9,864.6,-53.5,49.97,0.0,2.3,52.6,856.4,27.5,25.3,52.6,100.0,3301.0,3299.0,25.9,25.0,25.4,20000.0,856.4,0,0,0.6651938816650338,True
983360,2026-08-16T06:04:05.628732+00:00,external_ems_2,bess_2,good,0.6634,warning,PCS DC voltage and BMS voltage mismatch: 8.2; PCS DC current and BMS current mismatch: 81.0,1.2,4.4,8.2,81.0,0.0,0.9,2.0,255.2,254.1,255.3,70.2,66.5,70.9,864.6,-53.5,49.97,0.0,2.3,52.6,856.4,27.5,25.3,52.6,100.0,3301.0,3299.0,25.9,25.0,25.4,20000.0,856.4,0,0,0.6651938816650338,True
983362,2026-08-16T06:04:06.619637+00:00,external_ems_2,bess_2,good,0.6634,warning,PCS DC voltage and BMS voltage mismatch: 8.2; PCS DC current and BMS current mismatch: 81.0,1.2,4.4,8.2,81.0,0.0,0.9,2.0,255.2,254.1,255.3,70.2,66.5,70.9,864.6,-53.5,49.97,0.0,2.3,52.6,856.4,27.5,25.3,52.6,100.0,3301.0,3299.0,25.9,25.0,25.4,20000.0,856.4,0,0,0.6651938816650338,True
1177816,2026-08-17T09:04:33.618572+00:00,external_ems_2,bess_2,good,0.669,warning,PCS fault or alarm flags active: 1.0,0.1,0.1,1.6,0.0,0.1,1.4,1.0,0.3,0.3,0.2,0.7,0.8,0.7,870.4,0.0,49.95,0.0,0.0,65.2,868.8,0.0,0.1,65.3,100.0,3346.0,3345.0,25.8,24.4,24.8,20000.0,856.4,1,0,0.664707146517326,True
1198328,2026-08-17T11:55:29.628902+00:00,external_ems_2,bess_2,good,0.669,warning,PCS fault or alarm flags active: 3.0,0.1,0.1,1.5,0.2,0.0,1.4,1.0,0.3,0.2,0.2,0.7,0.8,0.7,871.3,0.2,49.95,0.0,0.0,74.3,869.8,0.0,0.1,74.3,100.0,3349.0,3348.0,25.4,24.0,24.4,20000.0,856.4,3,0,0.6643769434262827,True
1198330,2026-08-17T11:55:30.618579+00:00,external_ems_2,bess_2,good,0.669,warning,PCS fault or alarm flags active: 3.0,0.1,0.1,1.5,0.2,0.0,1.4,1.0,0.3,0.2,0.2,0.7,0.8,0.7,871.3,0.2,49.95,0.0,0.0,74.3,869.8,0.0,0.1,74.3,100.0,3349.0,3348.0,25.4,24.0,24.4,20000.0,856.4,3,0,0.6643769434262827,True
1198334,2026-08-17T11:55:32.618568+00:00,external_ems_2,bess_2,good,0.669,warning,PCS fault or alarm flags active: 3.0,0.1,0.1,1.5,0.2,0.0,1.4,1.0,0.3,0.2,0.2,0.7,0.8,0.7,871.3,0.2,49.95,0.0,0.0,74.3,869.8,0.0,0.1,74.3,100.0,3349.0,3348.0,25.4,24.0,24.4,20000.0,856.4,3,0,0.6643769434262827,True
1198332,2026-08-17T11:55:31.629730+00:00,external_ems_2,bess_2,good,0.669,warning,PCS fault or alarm flags active: 3.0,0.1,0.1,1.5,0.2,0.0,1.4,1.0,0.3,0.2,0.2,0.7,0.8,0.7,871.3,0.2,49.95,0.0,0.0,74.3,869.8,0.0,0.1,74.3,100.0,3349.0,3348.0,25.4,24.0,24.4,20000.0,856.4,3,0,0.6643769434262827,True
480799,2026-08-13T08:16:05.618598+00:00,external_ems_1,bess_1,good,0.6414,warning,PCS DC current and BMS current mismatch: 63.4,1.0,3.6,1.5,63.4,0.0,1.9,2.0,238.0,238.3,237.3,118.0,121.4,121.6,871.4,-105.6,50.35,0.0,-57.9,78.7,872.9,-42.2,-40.7,78.7,100.0,3363.0,3361.0,26.1,24.2,24.7,20000.0,855.9,0,0,0.6642515787757686,True
480793,2026-08-13T08:16:02.618562+00:00,external_ems_1,bess_1,good,0.6414,warning,PCS DC current and BMS current mismatch: 63.4,1.0,3.6,1.5,63.4,0.0,1.9,2.0,238.0,238.3,237.3,118.0,121.4,121.6,871.4,-105.6,50.35,0.0,-57.9,78.7,872.9,-42.2,-40.7,78.7,100.0,3363.0,3361.0,26.1,24.2,24.7,20000.0,855.9,0,0,0.6642515787757686,True
480797,2026-08-13T08:16:04.618626+00:00,external_ems_1,bess_1,good,0.6414,warning,PCS DC current and BMS current mismatch: 63.4,1.0,3.6,1.5,63.4,0.0,1.9,2.0,238.0,238.3,237.3,118.0,121.4,121.6,871.4,-105.6,50.35,0.0,-57.9,78.7,872.9,-42.2,-40.7,78.7,100.0,3363.0,3361.0,26.1,24.2,24.7,20000.0,855.9,0,0,0.6642515787757686,True
480795,2026-08-13T08:16:03.629975+00:00,external_ems_1,bess_1,good,0.6414,warning,PCS DC current and BMS current mismatch: 63.4,1.0,3.6,1.5,63.4,0.0,1.9,2.0,238.0,238.3,237.3,118.0,121.4,121.6,871.4,-105.6,50.35,0.0,-57.9,78.7,872.9,-42.2,-40.7,78.7,100.0,3363.0,3361.0,26.1,24.2,24.7,20000.0,855.9,0,0,0.6642515787757686,True
1204514,2026-08-17T12:47:02.618569+00:00,external_ems_2,bess_2,good,0.669,warning,PCS fault or alarm flags active: 1.0,0.1,0.1,1.4,3.5,0.0,1.3,2.0,0.3,0.3,0.2,0.7,0.8,0.7,869.2,0.1,49.95,0.0,0.0,75.2,867.8,-3.4,-3.3,75.2,100.0,3341.0,3339.0,25.3,24.0,24.3,20000.0,856.4,1,0,0.6641619677354665,True
1204516,2026-08-17T12:47:03.628676+00:00,external_ems_2,bess_2,good,0.669,warning,PCS fault or alarm flags active: 2.0,0.1,0.1,1.4,3.5,0.0,1.3,2.0,0.3,0.3,0.2,0.7,0.8,0.7,869.2,0.1,49.95,0.0,0.0,75.2,867.8,-3.4,-3.3,75.2,100.0,3341.0,3339.0,25.3,24.0,24.3,20000.0,856.4,2,0,0.6641619677354665,True
630775,2026-08-14T05:05:53.629923+00:00,external_ems_1,bess_1,good,0.388,warning,PCS phase current imbalance high: 11.1; PCS DC current and BMS current mismatch: 43.9,0.4,11.1,2.7,43.9,0.0,1.8,3.0,239.3,238.9,239.0,78.9,70.7,81.8,877.6,-72.4,50.27,0.0,-58.8,91.2,874.9,-28.5,-29.1,91.2,100.0,3371.0,3368.0,26.5,24.7,25.1,20000.0,855.9,0,0,0.6636901736135561,True
630777,2026-08-14T05:05:54.618579+00:00,external_ems_1,bess_1,good,0.388,warning,PCS phase current imbalance high: 11.1; PCS DC current and BMS current mismatch: 43.9,0.4,11.1,2.7,43.9,0.0,1.8,3.0,239.3,238.9,239.0,78.9,70.7,81.8,877.6,-72.4,50.27,0.0,-58.8,91.2,874.9,-28.5,-29.1,91.2,100.0,3371.0,3368.0,26.5,24.7,25.1,20000.0,855.9,0,0,0.6636901736135561,True
1187030,2026-08-17T10:21:20.630021+00:00,external_ems_2,bess_2,good,0.669,warning,PCS fault or alarm flags active: 2.0,0.1,0.1,1.6,0.2,0.0,1.4,1.0,0.3,0.2,0.2,0.7,0.8,0.7,870.0,0.2,49.95,0.0,0.0,68.3,868.4,0.0,0.1,68.3,100.0,3344.0,3343.0,25.4,24.0,24.4,20000.0,856.4,2,0,0.6634169663875635,True
1187028,2026-08-17T10:21:19.618892+00:00,external_ems_2,bess_2,good,0.669,warning,PCS fault or alarm flags active: 2.0,0.1,0.1,1.6,0.2,0.0,1.4,1.0,0.3,0.2,0.2,0.7,0.8,0.7,870.0,0.2,49.95,0.0,0.0,68.3,868.4,0.0,0.1,68.3,100.0,3344.0,3343.0,25.4,24.0,24.4,20000.0,856.4,2,0,0.6634169663875635,True
1187032,2026-08-17T10:21:21.619653+00:00,external_ems_2,bess_2,good,0.669,warning,PCS fault or alarm flags active: 2.0,0.1,0.1,1.6,0.2,0.0,1.4,1.0,0.3,0.2,0.2,0.7,0.8,0.7,870.0,0.2,49.95,0.0,0.0,68.3,868.4,0.0,0.1,68.3,100.0,3344.0,3343.0,25.4,24.0,24.4,20000.0,856.4,2,0,0.6634169663875635,True
1187040,2026-08-17T10:21:25.618608+00:00,external_ems_2,bess_2,good,0.669,warning,PCS fault or alarm flags active: 2.0,0.1,0.1,1.6,0.2,0.0,1.4,1.0,0.3,0.2,0.2,0.7,0.8,0.7,870.0,0.2,49.95,0.0,0.0,68.3,868.4,0.0,0.1,68.3,100.0,3344.0,3343.0,25.4,24.0,24.4,20000.0,856.4,2,0,0.6634169663875635,True
1187038,2026-08-17T10:21:24.618881+00:00,external_ems_2,bess_2,good,0.669,warning,PCS fault or alarm flags active: 2.0,0.1,0.1,1.6,0.2,0.0,1.4,1.0,0.3,0.2,0.2,0.7,0.8,0.7,870.0,0.2,49.95,0.0,0.0,68.3,868.4,0.0,0.1,68.3,100.0,3344.0,3343.0,25.4,24.0,24.4,20000.0,856.4,2,0,0.6634169663875635,True
1187034,2026-08-17T10:21:22.618751+00:00,external_ems_2,bess_2,good,0.669,warning,PCS fault or alarm flags active: 2.0,0.1,0.1,1.6,0.2,0.0,1.4,1.0,0.3,0.2,0.2,0.7,0.8,0.7,870.0,0.2,49.95,0.0,0.0,68.3,868.4,0.0,0.1,68.3,100.0,3344.0,3343.0,25.4,24.0,24.4,20000.0,856.4,2,0,0.6634169663875635,True
1187036,2026-08-17T10:21:23.628957+00:00,external_ems_2,bess_2,good,0.669,warning,PCS fault or alarm flags active: 2.0,0.1,0.1,1.6,0.2,0.0,1.4,1.0,0.3,0.2,0.2,0.7,0.8,0.7,870.0,0.2,49.95,0.0,0.0,68.3,868.4,0.0,0.1,68.3,100.0,3344.0,3343.0,25.4,24.0,24.4,20000.0,856.4,2,0,0.6634169663875635,True
628180,2026-08-14T04:44:15.618550+00:00,external_ems_2,bess_2,good,0.6414,warning,PCS DC current and BMS current mismatch: 62.0,1.4,6.5,3.5,62.0,0.0,0.9,1.0,237.7,237.3,238.7,109.6,116.1,114.8,868.9,-104.7,50.35,0.0,-52.1,47.1,865.4,-42.7,-43.4,47.1,100.0,3324.0,3323.0,25.9,25.0,25.3,20000.0,856.4,0,0,0.6634128560247743,True
628176,2026-08-14T04:44:13.618574+00:00,external_ems_2,bess_2,good,0.6414,warning,PCS DC current and BMS current mismatch: 62.0,1.4,6.5,3.5,62.0,0.0,0.9,1.0,237.7,237.3,238.7,109.6,116.1,114.8,868.9,-104.7,50.35,0.0,-52.1,47.1,865.4,-42.7,-43.4,47.1,100.0,3324.0,3323.0,25.9,25.0,25.3,20000.0,856.4,0,0,0.6634128560247743,True
628182,2026-08-14T04:44:16.628665+00:00,external_ems_2,bess_2,good,0.6414,warning,PCS DC current and BMS current mismatch: 62.0,1.4,6.5,3.5,62.0,0.0,0.9,1.0,237.7,237.3,238.7,109.6,116.1,114.8,868.9,-104.7,50.35,0.0,-52.1,47.1,865.4,-42.7,-43.4,47.1,100.0,3324.0,3323.0,25.9,25.0,25.3,20000.0,856.4,0,0,0.6634128560247743,True
628178,2026-08-14T04:44:14.629718+00:00,external_ems_2,bess_2,good,0.6414,warning,PCS DC current and BMS current mismatch: 62.0,1.4,6.5,3.5,62.0,0.0,0.9,1.0,237.7,237.3,238.7,109.6,116.1,114.8,868.9,-104.7,50.35,0.0,-52.1,47.1,865.4,-42.7,-43.4,47.1,100.0,3324.0,3323.0,25.9,25.0,25.3,20000.0,856.4,0,0,0.6634128560247743,True
805176,2026-08-15T05:19:13.619068+00:00,external_ems_2,bess_2,good,0.6545,warning,PCS DC voltage and BMS voltage mismatch: 6.9; PCS DC current and BMS current mismatch: 62.2,0.1,0.4,6.9,62.2,0.0,1.3,2.0,256.6,256.6,256.7,66.7,67.0,66.6,858.6,-52.8,50.38,0.0,1.3,47.7,851.7,9.4,8.2,47.7,100.0,3275.0,3273.0,25.2,23.9,24.2,20000.0,856.4,0,0,0.6633080418352184,True
1701224,2026-08-20T09:48:24.001631+00:00,external_ems_2,bess_2,good,0.3821,warning,PCS phase voltage imbalance high: 19.2; PCS phase current imbalance high: 19.6,19.2,19.6,0.1,1.7,0.0,1.7,3.0,231.7,250.9,250.0,33.4,53.0,52.7,877.5,-27.4,50.19,0.0,-32.8,90.2,877.4,-29.1,-28.5,90.2,100.0,3383.0,3380.0,26.1,24.4,24.9,20000.0,856.4,0,0,0.6632722673399707,True
1701230,2026-08-20T09:48:27.001545+00:00,external_ems_2,bess_2,good,0.3821,warning,PCS phase voltage imbalance high: 19.2; PCS phase current imbalance high: 19.6,19.2,19.6,0.1,1.7,0.0,1.7,3.0,231.7,250.9,250.0,33.4,53.0,52.7,877.5,-27.4,50.19,0.0,-32.8,90.2,877.4,-29.1,-28.5,90.2,100.0,3383.0,3380.0,26.1,24.4,24.9,20000.0,856.4,0,0,0.6632722673399707,True
1701226,2026-08-20T09:48:25.013195+00:00,external_ems_2,bess_2,good,0.3821,warning,PCS phase voltage imbalance high: 19.2; PCS phase current imbalance high: 19.6,19.2,19.6,0.1,1.7,0.0,1.7,3.0,231.7,250.9,250.0,33.4,53.0,52.7,877.5,-27.4,50.19,0.0,-32.8,90.2,877.4,-29.1,-28.5,90.2,100.0,3383.0,3380.0,26.1,24.4,24.9,20000.0,856.4,0,0,0.6632722673399707,True
1701228,2026-08-20T09:48:26.001573+00:00,external_ems_2,bess_2,good,0.3821,warning,PCS phase voltage imbalance high: 19.2; PCS phase current imbalance high: 19.6,19.2,19.6,0.1,1.7,0.0,1.7,3.0,231.7,250.9,250.0,33.4,53.0,52.7,877.5,-27.4,50.19,0.0,-32.8,90.2,877.4,-29.1,-28.5,90.2,100.0,3383.0,3380.0,26.1,24.4,24.9,20000.0,856.4,0,0,0.6632722673399707,True
816552,2026-08-15T06:54:01.618842+00:00,external_ems_2,bess_2,good,0.5899,warning,PCS DC voltage and BMS voltage mismatch: 5.9; PCS DC current and BMS current mismatch: 56.4,0.3,0.7,5.9,56.4,0.0,1.7,1.0,218.1,217.8,218.1,71.0,71.4,71.7,857.9,-55.1,50.34,0.0,9.8,46.5,852.0,1.3,1.0,46.5,100.0,3282.0,3281.0,25.5,23.8,24.3,20000.0,856.4,0,0,0.6631693285515134,True
816550,2026-08-15T06:54:00.619284+00:00,external_ems_2,bess_2,good,0.5899,warning,PCS DC voltage and BMS voltage mismatch: 5.9; PCS DC current and BMS current mismatch: 56.4,0.3,0.7,5.9,56.4,0.0,1.7,1.0,218.1,217.8,218.1,71.0,71.4,71.7,857.9,-55.1,50.34,0.0,9.8,46.5,852.0,1.3,1.0,46.5,100.0,3282.0,3281.0,25.5,23.8,24.3,20000.0,856.4,0,0,0.6631693285515134,True
816546,2026-08-15T06:53:58.619407+00:00,external_ems_2,bess_2,good,0.5899,warning,PCS DC voltage and BMS voltage mismatch: 5.9; PCS DC current and BMS current mismatch: 56.4,0.3,0.7,5.9,56.4,0.0,1.7,1.0,218.1,217.8,218.1,71.0,71.4,71.7,857.9,-55.1,50.34,0.0,9.8,46.5,852.0,1.3,1.0,46.5,100.0,3282.0,3281.0,25.5,23.8,24.3,20000.0,856.4,0,0,0.6631693285515134,True
816548,2026-08-15T06:53:59.629746+00:00,external_ems_2,bess_2,good,0.5899,warning,PCS DC voltage and BMS voltage mismatch: 5.9; PCS DC current and BMS current mismatch: 56.4,0.3,0.7,5.9,56.4,0.0,1.7,1.0,218.1,217.8,218.1,71.0,71.4,71.7,857.9,-55.1,50.34,0.0,9.8,46.5,852.0,1.3,1.0,46.5,100.0,3282.0,3281.0,25.5,23.8,24.3,20000.0,856.4,0,0,0.6631693285515134,True
624919,2026-08-14T04:17:05.618630+00:00,external_ems_1,bess_1,good,0.5728,warning,PCS phase current imbalance high: 31.8; PCS DC current and BMS current mismatch: 27.2,0.9,31.8,0.5,27.2,0.0,1.7,3.0,237.0,237.2,237.9,57.5,52.1,25.7,875.7,-31.2,50.36,0.0,-84.6,81.8,876.2,-58.4,-51.9,81.8,100.0,3391.0,3388.0,26.3,24.6,25.0,20000.0,855.9,0,0,0.6631024703069337,True
624917,2026-08-14T04:17:04.629649+00:00,external_ems_1,bess_1,good,0.5728,warning,PCS phase current imbalance high: 31.8; PCS DC current and BMS current mismatch: 27.2,0.9,31.8,0.5,27.2,0.0,1.7,3.0,237.0,237.2,237.9,57.5,52.1,25.7,875.7,-31.2,50.36,0.0,-84.6,81.8,876.2,-58.4,-51.9,81.8,100.0,3391.0,3388.0,26.3,24.6,25.0,20000.0,855.9,0,0,0.6631024703069337,True
1701216,2026-08-20T09:48:20.012748+00:00,external_ems_2,bess_2,good,0.4229,warning,PCS phase voltage imbalance high: 20.9; PCS phase current imbalance high: 17.8,20.9,17.8,2.2,19.0,0.0,1.7,3.0,232.6,253.5,250.8,28.6,46.4,43.6,876.6,-23.5,50.14,0.0,-25.7,90.2,878.8,-42.5,-42.4,90.2,100.0,3384.0,3381.0,26.1,24.4,24.9,20000.0,856.4,0,0,0.6630418690333472,True
1701210,2026-08-20T09:48:17.001537+00:00,external_ems_2,bess_2,good,0.4229,warning,PCS phase voltage imbalance high: 20.9; PCS phase current imbalance high: 17.8,20.9,17.8,2.2,19.0,0.0,1.7,3.0,232.6,253.5,250.8,28.6,46.4,43.6,876.6,-23.5,50.14,0.0,-25.7,90.2,878.8,-42.5,-42.4,90.2,100.0,3384.0,3381.0,26.1,24.4,24.9,20000.0,856.4,0,0,0.6630418690333472,True
1701218,2026-08-20T09:48:21.001944+00:00,external_ems_2,bess_2,good,0.4229,warning,PCS phase voltage imbalance high: 20.9; PCS phase current imbalance high: 17.8,20.9,17.8,2.2,19.0,0.0,1.7,3.0,232.6,253.5,250.8,28.6,46.4,43.6,876.6,-23.5,50.14,0.0,-25.7,90.2,878.8,-42.5,-42.4,90.2,100.0,3384.0,3381.0,26.1,24.4,24.9,20000.0,856.4,0,0,0.6630418690333472,True
1701214,2026-08-20T09:48:19.001921+00:00,external_ems_2,bess_2,good,0.4229,warning,PCS phase voltage imbalance high: 20.9; PCS phase current imbalance high: 17.8,20.9,17.8,2.2,19.0,0.0,1.7,3.0,232.6,253.5,250.8,28.6,46.4,43.6,876.6,-23.5,50.14,0.0,-25.7,90.2,878.8,-42.5,-42.4,90.2,100.0,3384.0,3381.0,26.1,24.4,24.9,20000.0,856.4,0,0,0.6630418690333472,True
1701212,2026-08-20T09:48:18.011752+00:00,external_ems_2,bess_2,good,0.4229,warning,PCS phase voltage imbalance high: 20.9; PCS phase current imbalance high: 17.8,20.9,17.8,2.2,19.0,0.0,1.7,3.0,232.6,253.5,250.8,28.6,46.4,43.6,876.6,-23.5,50.14,0.0,-25.7,90.2,878.8,-42.5,-42.4,90.2,100.0,3384.0,3381.0,26.1,24.4,24.9,20000.0,856.4,0,0,0.6630418690333472,True
624924,2026-08-14T04:17:07.618586+00:00,external_ems_2,bess_2,good,0.5003,warning,PCS DC current and BMS current mismatch: 51.2,1.1,7.9,2.5,51.2,0.0,1.0,2.0,238.7,239.0,239.8,108.3,116.2,113.8,863.2,-107.5,50.32,0.0,-67.1,42.4,865.7,-56.3,-51.6,42.4,100.0,3346.0,3344.0,25.8,24.8,25.2,20000.0,856.4,0,0,0.6627687855806478,True
624926,2026-08-14T04:17:08.629856+00:00,external_ems_2,bess_2,good,0.5003,warning,PCS DC current and BMS current mismatch: 51.2,1.1,7.9,2.5,51.2,0.0,1.0,2.0,238.7,239.0,239.8,108.3,116.2,113.8,863.2,-107.5,50.32,0.0,-67.1,42.4,865.7,-56.3,-51.6,42.4,100.0,3346.0,3344.0,25.8,24.8,25.2,20000.0,856.4,0,0,0.6627687855806478,True
1187022,2026-08-17T10:21:16.629300+00:00,external_ems_2,bess_2,good,0.669,warning,PCS fault or alarm flags active: 2.0,0.1,0.1,1.6,0.0,0.0,1.4,1.0,0.3,0.3,0.2,0.7,0.8,0.7,870.0,0.0,49.95,0.0,0.0,68.3,868.4,0.0,0.1,68.3,100.0,3344.0,3343.0,25.4,24.0,24.4,20000.0,856.4,2,0,0.6627558335372381,True
1187026,2026-08-17T10:21:18.629631+00:00,external_ems_2,bess_2,good,0.669,warning,PCS fault or alarm flags active: 2.0,0.1,0.1,1.6,0.0,0.0,1.4,1.0,0.3,0.3,0.2,0.7,0.8,0.7,870.0,0.0,49.95,0.0,0.0,68.3,868.4,0.0,0.1,68.3,100.0,3344.0,3343.0,25.4,24.0,24.4,20000.0,856.4,2,0,0.6627558335372381,True
1187020,2026-08-17T10:21:15.618792+00:00,external_ems_2,bess_2,good,0.669,warning,PCS fault or alarm flags active: 2.0,0.1,0.1,1.6,0.0,0.0,1.4,1.0,0.3,0.3,0.2,0.7,0.8,0.7,870.0,0.0,49.95,0.0,0.0,68.3,868.4,0.0,0.1,68.3,100.0,3344.0,3343.0,25.4,24.0,24.4,20000.0,856.4,2,0,0.6627558335372381,True
1187024,2026-08-17T10:21:17.618578+00:00,external_ems_2,bess_2,good,0.669,warning,PCS fault or alarm flags active: 2.0,0.1,0.1,1.6,0.0,0.0,1.4,1.0,0.3,0.3,0.2,0.7,0.8,0.7,870.0,0.0,49.95,0.0,0.0,68.3,868.4,0.0,0.1,68.3,100.0,3344.0,3343.0,25.4,24.0,24.4,20000.0,856.4,2,0,0.6627558335372381,True
628671,2026-08-14T04:48:21.619127+00:00,external_ems_1,bess_1,good,0.4886,warning,PCS phase current imbalance high: 17.1; PCS DC current and BMS current mismatch: 49.6,0.5,17.1,1.2,49.6,0.0,1.7,3.0,234.6,234.1,234.6,53.8,53.4,36.7,876.7,-13.1,50.27,0.0,-29.7,87.3,877.9,-62.7,-53.9,87.3,100.0,3392.0,3389.0,26.4,24.7,25.0,20000.0,855.9,0,0,0.6624906410522787,True
628673,2026-08-14T04:48:22.619124+00:00,external_ems_1,bess_1,good,0.4886,warning,PCS phase current imbalance high: 17.1; PCS DC current and BMS current mismatch: 49.6,0.5,17.1,1.2,49.6,0.0,1.7,3.0,234.6,234.1,234.6,53.8,53.4,36.7,876.7,-13.1,50.27,0.0,-29.7,87.3,877.9,-62.7,-53.9,87.3,100.0,3392.0,3389.0,26.4,24.7,25.0,20000.0,855.9,0,0,0.6624906410522787,True
1346592,2026-08-18T08:31:01.619128+00:00,external_ems_2,bess_2,good,0.6733,warning,BMS cell voltage spread high: 12.0; PCS DC voltage and BMS voltage mismatch: 6.2; PCS DC current and BMS current mismatch: 61.5,1.3,4.0,6.2,61.5,0.0,1.7,12.0,251.9,251.2,252.5,66.7,62.7,66.5,868.6,-53.5,50.3,0.0,-41.7,60.9,862.4,8.0,6.4,60.9,100.0,3323.0,3311.0,25.8,24.1,24.5,20000.0,856.4,0,0,0.6622709731231712,True
1346590,2026-08-18T08:31:00.629693+00:00,external_ems_2,bess_2,good,0.6733,warning,BMS cell voltage spread high: 12.0; PCS DC voltage and BMS voltage mismatch: 6.2; PCS DC current and BMS current mismatch: 61.5,1.3,4.0,6.2,61.5,0.0,1.7,12.0,251.9,251.2,252.5,66.7,62.7,66.5,868.6,-53.5,50.3,0.0,-41.7,60.9,862.4,8.0,6.4,60.9,100.0,3323.0,3311.0,25.8,24.1,24.5,20000.0,856.4,0,0,0.6622709731231712,True
630060,2026-08-14T04:59:55.618563+00:00,external_ems_2,bess_2,good,0.3848,warning,PCS phase current imbalance high: 24.2,1.6,24.2,2.4,16.1,0.0,1.0,1.0,235.5,235.1,236.7,81.6,102.8,105.8,864.0,-50.8,50.32,0.0,-72.4,50.6,866.4,-34.7,-37.9,50.6,100.0,3332.0,3331.0,26.3,25.3,25.6,20000.0,856.4,0,0,0.6621544750647596,True
630062,2026-08-14T04:59:56.628671+00:00,external_ems_2,bess_2,good,0.3848,warning,PCS phase current imbalance high: 24.2,1.6,24.2,2.4,16.1,0.0,1.0,1.0,235.5,235.1,236.7,81.6,102.8,105.8,864.0,-50.8,50.32,0.0,-72.4,50.6,866.4,-34.7,-37.9,50.6,100.0,3332.0,3331.0,26.3,25.3,25.6,20000.0,856.4,0,0,0.6621544750647596,True
632798,2026-08-14T05:22:44.618562+00:00,external_ems_2,bess_2,good,0.6414,warning,PCS phase current imbalance high: 97.1,0.6,97.1,2.7,7.4,0.0,1.0,3.0,236.6,236.6,237.2,107.6,116.6,19.5,871.1,-42.9,50.37,0.0,-11.0,54.5,868.4,-50.3,-44.9,54.5,100.0,3354.0,3351.0,26.3,25.3,25.6,20000.0,856.4,0,0,0.6620080858371281,True
632796,2026-08-14T05:22:43.618570+00:00,external_ems_2,bess_2,good,0.6414,warning,PCS phase current imbalance high: 97.1,0.6,97.1,2.7,7.4,0.0,1.0,3.0,236.6,236.6,237.2,107.6,116.6,19.5,871.1,-42.9,50.37,0.0,-11.0,54.5,868.4,-50.3,-44.9,54.5,100.0,3354.0,3351.0,26.3,25.3,25.6,20000.0,856.4,0,0,0.6620080858371281,True
479972,2026-08-13T08:09:11.618571+00:00,external_ems_2,bess_2,good,0.4352,warning,PCS phase current imbalance high: 11.6; PCS DC current and BMS current mismatch: 46.8,1.6,11.6,2.1,46.8,0.0,1.1,1.0,237.8,238.5,239.4,108.6,108.0,119.6,865.3,-87.8,50.36,0.0,-80.1,43.9,867.4,-41.0,-53.4,43.9,100.0,3322.0,3321.0,25.8,24.7,25.0,20000.0,856.4,0,0,0.6618351767676327,True
638944,2026-08-14T06:13:57.619502+00:00,external_ems_2,bess_2,good,0.5772,warning,PCS phase current imbalance high: 9.0; PCS DC current and BMS current mismatch: 55.9,2.2,9.0,4.6,55.9,0.0,1.3,2.0,256.5,254.4,256.6,65.6,57.4,66.4,859.6,-46.9,50.29,0.0,-47.6,54.5,855.0,9.0,9.4,54.5,100.0,3291.0,3289.0,25.7,24.4,24.8,20000.0,856.4,0,0,0.6617598056161264,True
638942,2026-08-14T06:13:56.629707+00:00,external_ems_2,bess_2,good,0.5772,warning,PCS phase current imbalance high: 9.0; PCS DC current and BMS current mismatch: 55.9,2.2,9.0,4.6,55.9,0.0,1.3,2.0,256.5,254.4,256.6,65.6,57.4,66.4,859.6,-46.9,50.29,0.0,-47.6,54.5,855.0,9.0,9.4,54.5,100.0,3291.0,3289.0,25.7,24.4,24.8,20000.0,856.4,0,0,0.6617598056161264,True
295245,2026-08-12T06:29:48.619261+00:00,external_ems_1,bess_1,good,0.6579,warning,PCS DC voltage and BMS voltage mismatch: 7.4; PCS DC current and BMS current mismatch: 75.8,0.5,0.5,7.4,75.8,0.0,1.9,4.0,215.2,215.0,214.7,19.8,19.8,19.3,868.5,14.9,49.9,0.0,10.7,69.3,875.9,-60.9,-56.9,69.3,100.0,3389.0,3385.0,26.4,24.5,24.9,20000.0,855.9,0,0,0.6617221143092927,True
295243,2026-08-12T06:29:47.628853+00:00,external_ems_1,bess_1,good,0.6579,warning,PCS DC voltage and BMS voltage mismatch: 7.4; PCS DC current and BMS current mismatch: 75.8,0.5,0.5,7.4,75.8,0.0,1.9,4.0,215.2,215.0,214.7,19.8,19.8,19.3,868.5,14.9,49.9,0.0,10.7,69.3,875.9,-60.9,-56.9,69.3,100.0,3389.0,3385.0,26.4,24.5,24.9,20000.0,855.9,0,0,0.6617221143092927,True
1179538,2026-08-17T09:18:54.618577+00:00,external_ems_2,bess_2,good,0.669,warning,PCS fault or alarm flags active: 3.0,0.1,0.1,1.5,0.3,0.0,1.3,1.0,0.3,0.3,0.2,0.7,0.8,0.7,869.6,-0.3,49.95,0.0,0.0,66.7,868.1,0.0,0.1,66.7,100.0,3343.0,3342.0,25.7,24.4,24.8,20000.0,856.4,3,0,0.6616143835803505,True
1179536,2026-08-17T09:18:53.629173+00:00,external_ems_2,bess_2,good,0.669,warning,PCS fault or alarm flags active: 3.0,0.1,0.1,1.5,0.3,0.0,1.3,1.0,0.3,0.3,0.2,0.7,0.8,0.7,869.6,-0.3,49.95,0.0,0.0,66.7,868.1,0.0,0.1,66.7,100.0,3343.0,3342.0,25.7,24.4,24.8,20000.0,856.4,3,0,0.6616143835803505,True
1179540,2026-08-17T09:18:55.629635+00:00,external_ems_2,bess_2,good,0.669,warning,PCS fault or alarm flags active: 3.0,0.1,0.1,1.5,0.3,0.0,1.3,1.0,0.3,0.3,0.2,0.7,0.8,0.7,869.6,-0.3,49.95,0.0,0.0,66.7,868.1,0.0,0.1,66.7,100.0,3343.0,3342.0,25.7,24.4,24.8,20000.0,856.4,3,0,0.6616143835803505,True
1179542,2026-08-17T09:18:56.618561+00:00,external_ems_2,bess_2,good,0.669,warning,PCS fault or alarm flags active: 3.0,0.1,0.1,1.5,0.3,0.0,1.3,1.0,0.3,0.3,0.2,0.7,0.8,0.7,869.6,-0.3,49.95,0.0,0.0,66.7,868.1,0.0,0.1,66.7,100.0,3343.0,3342.0,25.7,24.4,24.8,20000.0,856.4,3,0,0.6616143835803505,True
1187018,2026-08-17T10:21:14.630447+00:00,external_ems_2,bess_2,good,0.669,warning,PCS fault or alarm flags active: 2.0,0.1,0.1,1.6,0.0,0.0,1.4,2.0,0.3,0.3,0.2,0.7,0.8,0.7,870.0,0.0,49.95,0.0,0.0,68.3,868.4,0.0,0.5,68.3,100.0,3345.0,3343.0,25.4,24.0,24.4,20000.0,856.4,2,0,0.6615030659057258,True
1187016,2026-08-17T10:21:13.618564+00:00,external_ems_2,bess_2,good,0.669,warning,PCS fault or alarm flags active: 2.0,0.1,0.1,1.6,0.0,0.0,1.4,2.0,0.3,0.3,0.2,0.7,0.8,0.7,870.0,0.0,49.95,0.0,0.0,68.3,868.4,0.0,0.5,68.3,100.0,3345.0,3343.0,25.4,24.0,24.4,20000.0,856.4,2,0,0.6615030659057258,True
1700858,2026-08-20T09:45:09.451822+00:00,external_ems_2,bess_2,good,0.5413,warning,PCS phase voltage imbalance high: 25.0; PCS phase current imbalance high: 11.2; PCS DC current and BMS current mismatch: 42.5,25.0,11.2,2.5,42.5,0.0,1.7,3.0,214.1,239.1,236.1,23.6,34.8,33.6,875.6,2.4,50.08,0.0,-12.0,89.5,878.1,-40.1,-39.7,89.5,100.0,3384.0,3381.0,26.1,24.4,24.9,20000.0,856.4,0,0,0.6613084531040695,True
1700856,2026-08-20T09:45:08.451826+00:00,external_ems_2,bess_2,good,0.5413,warning,PCS phase voltage imbalance high: 25.0; PCS phase current imbalance high: 11.2; PCS DC current and BMS current mismatch: 42.5,25.0,11.2,2.5,42.5,0.0,1.7,3.0,214.1,239.1,236.1,23.6,34.8,33.6,875.6,2.4,50.08,0.0,-12.0,89.5,878.1,-40.1,-39.7,89.5,100.0,3384.0,3381.0,26.1,24.4,24.9,20000.0,856.4,0,0,0.6613084531040695,True
1179556,2026-08-17T09:19:03.618566+00:00,external_ems_2,bess_2,good,0.669,warning,PCS fault or alarm flags active: 3.0,0.1,0.1,1.5,0.1,0.0,1.3,1.0,0.3,0.3,0.2,0.7,0.8,0.7,869.6,-0.1,49.95,0.0,0.0,66.7,868.1,0.0,0.1,66.7,100.0,3343.0,3342.0,25.7,24.4,24.8,20000.0,856.4,3,0,0.6612418335543577,True
1179558,2026-08-17T09:19:04.618561+00:00,external_ems_2,bess_2,good,0.669,warning,PCS fault or alarm flags active: 3.0,0.1,0.1,1.5,0.1,0.0,1.3,1.0,0.3,0.3,0.2,0.7,0.8,0.7,869.6,-0.1,49.95,0.0,0.0,66.7,868.1,0.0,0.1,66.7,100.0,3343.0,3342.0,25.7,24.4,24.8,20000.0,856.4,3,0,0.6612418335543577,True
1701094,2026-08-20T09:47:17.008153+00:00,external_ems_2,bess_2,good,0.3551,warning,PCS phase voltage imbalance high: 18.1; PCS phase current imbalance high: 20.4,18.1,20.4,0.7,9.6,0.0,1.7,3.0,234.5,252.4,252.6,34.4,51.0,54.8,877.5,-31.7,50.23,0.0,-34.2,89.9,876.8,-22.1,-22.3,89.9,100.0,3372.0,3369.0,26.1,24.4,24.9,20000.0,856.4,0,0,0.6611851991401789,True
1187052,2026-08-17T10:21:31.618575+00:00,external_ems_2,bess_2,good,0.669,warning,PCS fault or alarm flags active: 2.0,0.1,0.1,1.5,0.0,0.0,1.4,1.0,0.3,0.2,0.2,0.7,0.8,0.7,869.9,0.0,49.95,0.0,0.0,68.3,868.4,0.0,0.1,68.3,100.0,3344.0,3343.0,25.4,24.0,24.4,20000.0,856.4,2,0,0.6611787026524552,True
1187042,2026-08-17T10:21:26.630242+00:00,external_ems_2,bess_2,good,0.669,warning,PCS fault or alarm flags active: 2.0,0.1,0.1,1.5,0.0,0.0,1.4,1.0,0.3,0.2,0.2,0.7,0.8,0.7,869.9,0.0,49.95,0.0,0.0,68.3,868.4,0.0,0.1,68.3,100.0,3344.0,3343.0,25.4,24.0,24.4,20000.0,856.4,2,0,0.6611787026524552,True
1187048,2026-08-17T10:21:29.629527+00:00,external_ems_2,bess_2,good,0.669,warning,PCS fault or alarm flags active: 2.0,0.1,0.1,1.5,0.0,0.0,1.4,1.0,0.3,0.2,0.2,0.7,0.8,0.7,869.9,0.0,49.95,0.0,0.0,68.3,868.4,0.0,0.1,68.3,100.0,3344.0,3343.0,25.4,24.0,24.4,20000.0,856.4,2,0,0.6611787026524552,True
1187046,2026-08-17T10:21:28.618559+00:00,external_ems_2,bess_2,good,0.669,warning,PCS fault or alarm flags active: 2.0,0.1,0.1,1.5,0.0,0.0,1.4,1.0,0.3,0.2,0.2,0.7,0.8,0.7,869.9,0.0,49.95,0.0,0.0,68.3,868.4,0.0,0.1,68.3,100.0,3344.0,3343.0,25.4,24.0,24.4,20000.0,856.4,2,0,0.6611787026524552,True
1187044,2026-08-17T10:21:27.619787+00:00,external_ems_2,bess_2,good,0.669,warning,PCS fault or alarm flags active: 2.0,0.1,0.1,1.5,0.0,0.0,1.4,1.0,0.3,0.2,0.2,0.7,0.8,0.7,869.9,0.0,49.95,0.0,0.0,68.3,868.4,0.0,0.1,68.3,100.0,3344.0,3343.0,25.4,24.0,24.4,20000.0,856.4,2,0,0.6611787026524552,True
1187050,2026-08-17T10:21:30.618918+00:00,external_ems_2,bess_2,good,0.669,warning,PCS fault or alarm flags active: 2.0,0.1,0.1,1.5,0.0,0.0,1.4,1.0,0.3,0.2,0.2,0.7,0.8,0.7,869.9,0.0,49.95,0.0,0.0,68.3,868.4,0.0,0.1,68.3,100.0,3344.0,3343.0,25.4,24.0,24.4,20000.0,856.4,2,0,0.6611787026524552,True
624648,2026-08-14T04:14:49.628952+00:00,external_ems_2,bess_2,good,0.4637,warning,PCS phase current imbalance high: 10.3; PCS DC current and BMS current mismatch: 48.7,1.0,10.3,4.4,48.7,0.0,0.9,2.0,238.8,239.4,239.8,106.4,116.7,110.2,862.3,-96.4,50.31,0.0,-20.6,42.0,866.7,-47.7,-50.8,42.0,100.0,3337.0,3335.0,25.7,24.8,25.1,20000.0,856.4,0,0,0.661096769005856,True
624650,2026-08-14T04:14:50.619132+00:00,external_ems_2,bess_2,good,0.4637,warning,PCS phase current imbalance high: 10.3; PCS DC current and BMS current mismatch: 48.7,1.0,10.3,4.4,48.7,0.0,0.9,2.0,238.8,239.4,239.8,106.4,116.7,110.2,862.3,-96.4,50.31,0.0,-20.6,42.0,866.7,-47.7,-50.8,42.0,100.0,3337.0,3335.0,25.7,24.8,25.1,20000.0,856.4,0,0,0.661096769005856,True
624652,2026-08-14T04:14:51.629918+00:00,external_ems_2,bess_2,good,0.4637,warning,PCS phase current imbalance high: 10.3; PCS DC current and BMS current mismatch: 48.7,1.0,10.3,4.4,48.7,0.0,0.9,2.0,238.8,239.4,239.8,106.4,116.7,110.2,862.3,-96.4,50.31,0.0,-20.6,42.0,866.7,-47.7,-50.8,42.0,100.0,3337.0,3335.0,25.7,24.8,25.1,20000.0,856.4,0,0,0.661096769005856,True
624656,2026-08-14T04:14:53.629250+00:00,external_ems_2,bess_2,good,0.4637,warning,PCS phase current imbalance high: 10.3; PCS DC current and BMS current mismatch: 48.7,1.0,10.3,4.4,48.7,0.0,0.9,2.0,238.8,239.4,239.8,106.4,116.7,110.2,862.3,-96.4,50.31,0.0,-20.6,42.0,866.7,-47.7,-50.8,42.0,100.0,3337.0,3335.0,25.7,24.8,25.1,20000.0,856.4,0,0,0.661096769005856,True
624654,2026-08-14T04:14:52.618579+00:00,external_ems_2,bess_2,good,0.4637,warning,PCS phase current imbalance high: 10.3; PCS DC current and BMS current mismatch: 48.7,1.0,10.3,4.4,48.7,0.0,0.9,2.0,238.8,239.4,239.8,106.4,116.7,110.2,862.3,-96.4,50.31,0.0,-20.6,42.0,866.7,-47.7,-50.8,42.0,100.0,3337.0,3335.0,25.7,24.8,25.1,20000.0,856.4,0,0,0.661096769005856,True
1204509,2026-08-17T12:47:00.629941+00:00,external_ems_1,bess_1,good,0.7103,abnormal,PCS phase voltage imbalance high: 36.6; PCS fault or alarm flags active: 2.0,36.6,0.3,2.4,0.1,0.1,1.9,1.0,2.0,0.9,37.5,0.9,0.6,0.7,866.9,0.1,49.98,0.0,0.0,95.0,864.5,0.0,0.0,95.1,100.0,3334.0,3333.0,25.9,24.0,24.4,20000.0,855.9,2,0,0.6608849218553668,True
1204513,2026-08-17T12:47:02.618569+00:00,external_ems_1,bess_1,good,0.7103,abnormal,PCS phase voltage imbalance high: 36.6; PCS fault or alarm flags active: 2.0,36.6,0.3,2.4,0.1,0.1,1.9,1.0,2.0,0.9,37.5,0.9,0.6,0.7,866.9,0.1,49.98,0.0,0.0,95.0,864.5,0.0,0.0,95.1,100.0,3334.0,3333.0,25.9,24.0,24.4,20000.0,855.9,2,0,0.6608849218553668,True
1204511,2026-08-17T12:47:01.618648+00:00,external_ems_1,bess_1,good,0.7103,abnormal,PCS phase voltage imbalance high: 36.6; PCS fault or alarm flags active: 2.0,36.6,0.3,2.4,0.1,0.1,1.9,1.0,2.0,0.9,37.5,0.9,0.6,0.7,866.9,0.1,49.98,0.0,0.0,95.0,864.5,0.0,0.0,95.1,100.0,3334.0,3333.0,25.9,24.0,24.4,20000.0,855.9,2,0,0.6608849218553668,True
1204515,2026-08-17T12:47:03.628676+00:00,external_ems_1,bess_1,good,0.7103,abnormal,PCS phase voltage imbalance high: 36.6; PCS fault or alarm flags active: 2.0,36.6,0.3,2.4,0.1,0.1,1.9,1.0,2.0,0.9,37.5,0.9,0.6,0.7,866.9,0.1,49.98,0.0,0.0,95.0,864.5,0.0,0.0,95.1,100.0,3334.0,3333.0,25.9,24.0,24.4,20000.0,855.9,2,0,0.6608849218553668,True
1204507,2026-08-17T12:46:59.618577+00:00,external_ems_1,bess_1,good,0.7103,abnormal,PCS phase voltage imbalance high: 36.6; PCS fault or alarm flags active: 1.0,36.6,0.3,2.4,0.1,0.1,1.9,1.0,2.0,0.9,37.5,0.9,0.6,0.7,866.9,0.1,49.98,0.0,0.0,95.0,864.5,0.0,0.0,95.1,100.0,3334.0,3333.0,25.9,24.0,24.4,20000.0,855.9,1,0,0.6608849218553668,True
1204519,2026-08-17T12:47:05.618695+00:00,external_ems_1,bess_1,good,0.7103,abnormal,PCS phase voltage imbalance high: 36.6; PCS fault or alarm flags active: 2.0,36.6,0.3,2.4,0.1,0.1,1.9,1.0,2.0,0.9,37.5,0.9,0.6,0.7,866.9,0.1,49.98,0.0,0.0,95.0,864.5,0.0,0.0,95.1,100.0,3334.0,3333.0,25.9,24.0,24.4,20000.0,855.9,2,0,0.6608849218553668,True
1204517,2026-08-17T12:47:04.619151+00:00,external_ems_1,bess_1,good,0.7103,abnormal,PCS phase voltage imbalance high: 36.6; PCS fault or alarm flags active: 2.0,36.6,0.3,2.4,0.1,0.1,1.9,1.0,2.0,0.9,37.5,0.9,0.6,0.7,866.9,0.1,49.98,0.0,0.0,95.0,864.5,0.0,0.0,95.1,100.0,3334.0,3333.0,25.9,24.0,24.4,20000.0,855.9,2,0,0.6608849218553668,True
804004,2026-08-15T05:09:27.618787+00:00,external_ems_2,bess_2,good,0.6004,warning,PCS DC voltage and BMS voltage mismatch: 5.8; PCS DC current and BMS current mismatch: 57.1,0.4,0.5,5.8,57.1,0.0,1.3,1.0,252.6,252.4,252.8,61.9,62.1,62.4,858.2,-48.1,50.37,0.0,-50.0,48.0,852.4,9.0,9.2,48.0,100.0,3287.0,3286.0,25.2,23.9,24.2,20000.0,856.4,0,0,0.6608398834109064,True
804002,2026-08-15T05:09:26.628827+00:00,external_ems_2,bess_2,good,0.6004,warning,PCS DC voltage and BMS voltage mismatch: 5.8; PCS DC current and BMS current mismatch: 57.1,0.4,0.5,5.8,57.1,0.0,1.3,1.0,252.6,252.4,252.8,61.9,62.1,62.4,858.2,-48.1,50.37,0.0,-50.0,48.0,852.4,9.0,9.2,48.0,100.0,3287.0,3286.0,25.2,23.9,24.2,20000.0,856.4,0,0,0.6608398834109064,True
804006,2026-08-15T05:09:28.629433+00:00,external_ems_2,bess_2,good,0.6004,warning,PCS DC voltage and BMS voltage mismatch: 5.8; PCS DC current and BMS current mismatch: 57.1,0.4,0.5,5.8,57.1,0.0,1.3,1.0,252.6,252.4,252.8,61.9,62.1,62.4,858.2,-48.1,50.37,0.0,-50.0,48.0,852.4,9.0,9.2,48.0,100.0,3287.0,3286.0,25.2,23.9,24.2,20000.0,856.4,0,0,0.6608398834109064,True
804008,2026-08-15T05:09:29.618555+00:00,external_ems_2,bess_2,good,0.6004,warning,PCS DC voltage and BMS voltage mismatch: 5.8; PCS DC current and BMS current mismatch: 57.1,0.4,0.5,5.8,57.1,0.0,1.3,1.0,252.6,252.4,252.8,61.9,62.1,62.4,858.2,-48.1,50.37,0.0,-50.0,48.0,852.4,9.0,9.2,48.0,100.0,3287.0,3286.0,25.2,23.9,24.2,20000.0,856.4,0,0,0.6608398834109064,True
1326164,2026-08-18T05:40:47.618578+00:00,external_ems_2,bess_2,good,0.5968,warning,PCS phase voltage imbalance high: 17.5; PCS DC voltage and BMS voltage mismatch: 5.3; PCS DC current and BMS current mismatch: 55.8,17.5,0.4,5.3,55.8,0.0,1.2,2.0,237.7,254.8,255.2,55.4,55.8,55.4,861.3,-43.3,50.28,0.0,-49.9,49.5,856.0,12.5,12.0,49.5,100.0,3297.0,3295.0,25.6,24.4,24.8,20000.0,856.4,0,0,0.6606429215860306,True
1701318,2026-08-20T09:49:13.286123+00:00,external_ems_2,bess_2,good,0.3816,warning,PCS phase voltage imbalance high: 19.2; PCS phase current imbalance high: 19.3,19.2,19.3,0.6,9.6,0.0,1.7,3.0,231.6,250.8,249.6,33.2,52.5,52.2,877.5,-27.7,50.18,0.0,-32.2,90.2,878.1,-37.3,-36.4,90.2,100.0,3383.0,3380.0,26.1,24.4,24.9,20000.0,856.4,0,0,0.6606347596776775,True
1701320,2026-08-20T09:49:14.297897+00:00,external_ems_2,bess_2,good,0.3816,warning,PCS phase voltage imbalance high: 19.2; PCS phase current imbalance high: 19.3,19.2,19.3,0.6,9.6,0.0,1.7,3.0,231.6,250.8,249.6,33.2,52.5,52.2,877.5,-27.7,50.18,0.0,-32.2,90.2,878.1,-37.3,-36.4,90.2,100.0,3383.0,3380.0,26.1,24.4,24.9,20000.0,856.4,0,0,0.6606347596776775,True
811820,2026-08-15T06:14:35.629618+00:00,external_ems_2,bess_2,good,0.6586,warning,PCS DC voltage and BMS voltage mismatch: 7.5; PCS DC current and BMS current mismatch: 80.5,0.2,0.2,7.5,80.5,0.0,1.5,1.0,252.9,252.7,252.8,66.1,66.3,66.2,859.2,-55.4,50.36,0.0,-48.4,48.1,851.7,25.1,23.6,48.1,100.0,3283.0,3282.0,25.5,24.0,24.4,20000.0,856.4,0,0,0.660628227115858,True
811824,2026-08-15T06:14:37.618583+00:00,external_ems_2,bess_2,good,0.6586,warning,PCS DC voltage and BMS voltage mismatch: 7.5; PCS DC current and BMS current mismatch: 80.5,0.2,0.2,7.5,80.5,0.0,1.5,1.0,252.9,252.7,252.8,66.1,66.3,66.2,859.2,-55.4,50.36,0.0,-48.4,48.1,851.7,25.1,23.6,48.1,100.0,3283.0,3282.0,25.5,24.0,24.4,20000.0,856.4,0,0,0.660628227115858,True
811822,2026-08-15T06:14:36.618958+00:00,external_ems_2,bess_2,good,0.6586,warning,PCS DC voltage and BMS voltage mismatch: 7.5; PCS DC current and BMS current mismatch: 80.5,0.2,0.2,7.5,80.5,0.0,1.5,1.0,252.9,252.7,252.8,66.1,66.3,66.2,859.2,-55.4,50.36,0.0,-48.4,48.1,851.7,25.1,23.6,48.1,100.0,3283.0,3282.0,25.5,24.0,24.4,20000.0,856.4,0,0,0.660628227115858,True
811818,2026-08-15T06:14:34.618653+00:00,external_ems_2,bess_2,good,0.6586,warning,PCS DC voltage and BMS voltage mismatch: 7.5; PCS DC current and BMS current mismatch: 80.5,0.2,0.2,7.5,80.5,0.0,1.5,1.0,252.9,252.7,252.8,66.1,66.3,66.2,859.2,-55.4,50.36,0.0,-48.4,48.1,851.7,25.1,23.6,48.1,100.0,3283.0,3282.0,25.5,24.0,24.4,20000.0,856.4,0,0,0.660628227115858,True
1179552,2026-08-17T09:19:01.619604+00:00,external_ems_2,bess_2,good,0.669,warning,PCS fault or alarm flags active: 3.0,0.1,0.1,1.5,0.0,0.0,1.3,1.0,0.3,0.3,0.2,0.7,0.8,0.7,869.6,0.0,49.95,0.0,0.0,66.7,868.1,0.0,0.1,66.7,100.0,3343.0,3342.0,25.7,24.4,24.8,20000.0,856.4,3,0,0.6604853666309587,True
1179550,2026-08-17T09:19:00.628672+00:00,external_ems_2,bess_2,good,0.669,warning,PCS fault or alarm flags active: 3.0,0.1,0.1,1.5,0.0,0.0,1.3,1.0,0.3,0.3,0.2,0.7,0.8,0.7,869.6,0.0,49.95,0.0,0.0,66.7,868.1,0.0,0.1,66.7,100.0,3343.0,3342.0,25.7,24.4,24.8,20000.0,856.4,3,0,0.6604853666309587,True
1179554,2026-08-17T09:19:02.618581+00:00,external_ems_2,bess_2,good,0.669,warning,PCS fault or alarm flags active: 3.0,0.1,0.1,1.5,0.0,0.0,1.3,1.0,0.3,0.3,0.2,0.7,0.8,0.7,869.6,0.0,49.95,0.0,0.0,66.7,868.1,0.0,0.1,66.7,100.0,3343.0,3342.0,25.7,24.4,24.8,20000.0,856.4,3,0,0.6604853666309587,True
1179544,2026-08-17T09:18:57.629696+00:00,external_ems_2,bess_2,good,0.669,warning,PCS fault or alarm flags active: 3.0,0.1,0.1,1.5,0.0,0.0,1.3,1.0,0.3,0.3,0.2,0.7,0.8,0.7,869.6,0.0,49.95,0.0,0.0,66.7,868.1,0.0,0.1,66.7,100.0,3343.0,3342.0,25.7,24.4,24.8,20000.0,856.4,3,0,0.6604853666309587,True
1179546,2026-08-17T09:18:58.618585+00:00,external_ems_2,bess_2,good,0.669,warning,PCS fault or alarm flags active: 3.0,0.1,0.1,1.5,0.0,0.0,1.3,1.0,0.3,0.3,0.2,0.7,0.8,0.7,869.6,0.0,49.95,0.0,0.0,66.7,868.1,0.0,0.1,66.7,100.0,3343.0,3342.0,25.7,24.4,24.8,20000.0,856.4,3,0,0.6604853666309587,True
1179548,2026-08-17T09:18:59.618562+00:00,external_ems_2,bess_2,good,0.669,warning,PCS fault or alarm flags active: 3.0,0.1,0.1,1.5,0.0,0.0,1.3,1.0,0.3,0.3,0.2,0.7,0.8,0.7,869.6,0.0,49.95,0.0,0.0,66.7,868.1,0.0,0.1,66.7,100.0,3343.0,3342.0,25.7,24.4,24.8,20000.0,856.4,3,0,0.6604853666309587,True
1177786,2026-08-17T09:04:18.629737+00:00,external_ems_2,bess_2,good,0.669,warning,PCS fault or alarm flags active: 2.0,0.1,0.1,1.7,0.0,0.0,1.4,1.0,0.3,0.3,0.2,0.7,0.8,0.7,871.1,0.0,49.95,0.0,0.0,65.3,869.4,0.0,0.1,65.3,100.0,3348.0,3347.0,25.8,24.4,24.8,20000.0,856.4,2,0,0.6602258682790004,True
1177790,2026-08-17T09:04:20.618738+00:00,external_ems_2,bess_2,good,0.669,warning,PCS fault or alarm flags active: 2.0,0.1,0.1,1.7,0.0,0.0,1.4,1.0,0.3,0.3,0.2,0.7,0.8,0.7,871.1,0.0,49.95,0.0,0.0,65.3,869.4,0.0,0.1,65.3,100.0,3348.0,3347.0,25.8,24.4,24.8,20000.0,856.4,2,0,0.6602258682790004,True
1177788,2026-08-17T09:04:19.619860+00:00,external_ems_2,bess_2,good,0.669,warning,PCS fault or alarm flags active: 2.0,0.1,0.1,1.7,0.0,0.0,1.4,1.0,0.3,0.3,0.2,0.7,0.8,0.7,871.1,0.0,49.95,0.0,0.0,65.3,869.4,0.0,0.1,65.3,100.0,3348.0,3347.0,25.8,24.4,24.8,20000.0,856.4,2,0,0.6602258682790004,True
1177784,2026-08-17T09:04:17.618565+00:00,external_ems_2,bess_2,good,0.669,warning,PCS fault or alarm flags active: 2.0,0.1,0.1,1.7,0.0,0.0,1.4,1.0,0.3,0.3,0.2,0.7,0.8,0.7,871.1,0.0,49.95,0.0,0.0,65.3,869.4,0.0,0.1,65.3,100.0,3348.0,3347.0,25.8,24.4,24.8,20000.0,856.4,2,0,0.6602258682790004,True
1177782,2026-08-17T09:04:16.618571+00:00,external_ems_2,bess_2,good,0.669,warning,PCS fault or alarm flags active: 2.0,0.1,0.1,1.7,0.0,0.0,1.4,1.0,0.3,0.3,0.2,0.7,0.8,0.7,871.1,0.0,49.95,0.0,0.0,65.3,869.4,0.0,0.1,65.3,100.0,3348.0,3347.0,25.8,24.4,24.8,20000.0,856.4,2,0,0.6602258682790004,True
816312,2026-08-15T06:52:01.629180+00:00,external_ems_2,bess_2,good,0.6517,warning,PCS DC voltage and BMS voltage mismatch: 6.5; PCS DC current and BMS current mismatch: 64.9,0.2,0.2,6.5,64.9,0.0,1.7,2.0,255.2,255.0,255.2,53.1,53.1,53.3,856.2,-40.2,50.3,0.0,-44.4,46.5,849.7,24.7,23.3,46.5,100.0,3278.0,3276.0,25.5,23.8,24.3,20000.0,856.4,0,0,0.660082929844512,True
816310,2026-08-15T06:52:00.618572+00:00,external_ems_2,bess_2,good,0.6517,warning,PCS DC voltage and BMS voltage mismatch: 6.5; PCS DC current and BMS current mismatch: 64.9,0.2,0.2,6.5,64.9,0.0,1.7,2.0,255.2,255.0,255.2,53.1,53.1,53.3,856.2,-40.2,50.3,0.0,-44.4,46.5,849.7,24.7,23.3,46.5,100.0,3278.0,3276.0,25.5,23.8,24.3,20000.0,856.4,0,0,0.660082929844512,True
816306,2026-08-15T06:51:58.618932+00:00,external_ems_2,bess_2,good,0.6517,warning,PCS DC voltage and BMS voltage mismatch: 6.5; PCS DC current and BMS current mismatch: 64.9,0.2,0.2,6.5,64.9,0.0,1.7,2.0,255.2,255.0,255.2,53.1,53.1,53.3,856.2,-40.2,50.3,0.0,-44.4,46.5,849.7,24.7,23.3,46.5,100.0,3278.0,3276.0,25.5,23.8,24.3,20000.0,856.4,0,0,0.660082929844512,True
816308,2026-08-15T06:51:59.618567+00:00,external_ems_2,bess_2,good,0.6517,warning,PCS DC voltage and BMS voltage mismatch: 6.5; PCS DC current and BMS current mismatch: 64.9,0.2,0.2,6.5,64.9,0.0,1.7,2.0,255.2,255.0,255.2,53.1,53.1,53.3,856.2,-40.2,50.3,0.0,-44.4,46.5,849.7,24.7,23.3,46.5,100.0,3278.0,3276.0,25.5,23.8,24.3,20000.0,856.4,0,0,0.660082929844512,True
479982,2026-08-13T08:09:16.629005+00:00,external_ems_2,bess_2,good,0.4593,warning,PCS phase current imbalance high: 11.6; PCS DC current and BMS current mismatch: 48.3,1.6,11.6,0.8,48.3,0.0,1.1,2.0,237.8,238.5,239.4,108.6,108.0,119.6,865.3,-87.8,50.36,0.0,-80.1,43.9,866.1,-39.5,-46.4,43.9,100.0,3350.0,3348.0,25.8,24.7,25.1,20000.0,856.4,0,0,0.6599878890958628,True
479978,2026-08-13T08:09:14.618651+00:00,external_ems_2,bess_2,good,0.4593,warning,PCS phase current imbalance high: 11.6; PCS DC current and BMS current mismatch: 48.3,1.6,11.6,0.8,48.3,0.0,1.1,2.0,237.8,238.5,239.4,108.6,108.0,119.6,865.3,-87.8,50.36,0.0,-80.1,43.9,866.1,-39.5,-46.4,43.9,100.0,3350.0,3348.0,25.8,24.7,25.1,20000.0,856.4,0,0,0.6599878890958628,True
479976,2026-08-13T08:09:13.619208+00:00,external_ems_2,bess_2,good,0.4593,warning,PCS phase current imbalance high: 11.6; PCS DC current and BMS current mismatch: 48.3,1.6,11.6,0.8,48.3,0.0,1.1,2.0,237.8,238.5,239.4,108.6,108.0,119.6,865.3,-87.8,50.36,0.0,-80.1,43.9,866.1,-39.5,-46.4,43.9,100.0,3350.0,3348.0,25.8,24.7,25.1,20000.0,856.4,0,0,0.6599878890958628,True
479980,2026-08-13T08:09:15.618645+00:00,external_ems_2,bess_2,good,0.4593,warning,PCS phase current imbalance high: 11.6; PCS DC current and BMS current mismatch: 48.3,1.6,11.6,0.8,48.3,0.0,1.1,2.0,237.8,238.5,239.4,108.6,108.0,119.6,865.3,-87.8,50.36,0.0,-80.1,43.9,866.1,-39.5,-46.4,43.9,100.0,3350.0,3348.0,25.8,24.7,25.1,20000.0,856.4,0,0,0.6599878890958628,True
647178,2026-08-14T07:22:34.618657+00:00,external_ems_2,bess_2,good,0.6283,warning,BMS cell voltage spread high: 10.0; PCS DC voltage and BMS voltage mismatch: 6.5; PCS DC current and BMS current mismatch: 57.8,0.4,0.7,6.5,57.8,0.0,1.5,10.0,256.1,255.7,256.1,66.2,66.9,66.6,869.9,-48.8,50.39,0.0,1.4,59.9,863.4,9.0,7.1,59.9,100.0,3327.0,3317.0,25.8,24.3,24.7,20000.0,856.4,0,0,0.6599840683616903,True
647176,2026-08-14T07:22:33.629171+00:00,external_ems_2,bess_2,good,0.6283,warning,BMS cell voltage spread high: 10.0; PCS DC voltage and BMS voltage mismatch: 6.5; PCS DC current and BMS current mismatch: 57.8,0.4,0.7,6.5,57.8,0.0,1.5,10.0,256.1,255.7,256.1,66.2,66.9,66.6,869.9,-48.8,50.39,0.0,1.4,59.9,863.4,9.0,7.1,59.9,100.0,3327.0,3317.0,25.8,24.3,24.7,20000.0,856.4,0,0,0.6599840683616903,True
1701092,2026-08-20T09:47:15.998045+00:00,external_ems_2,bess_2,good,0.3551,warning,PCS phase voltage imbalance high: 18.1; PCS phase current imbalance high: 20.4,18.1,20.4,0.8,4.8,0.0,1.7,3.0,234.5,252.4,252.6,34.4,51.0,54.8,877.6,-26.9,50.23,0.0,-34.2,89.9,876.8,-22.1,-22.3,89.9,100.0,3372.0,3369.0,26.1,24.4,24.9,20000.0,856.4,0,0,0.6598439502353616,True
1701150,2026-08-20T09:47:44.998092+00:00,external_ems_2,bess_2,good,0.4697,warning,PCS phase voltage imbalance high: 22.4; PCS phase current imbalance high: 17.6; PCS DC current and BMS current mismatch: 28.3,22.4,17.6,2.4,28.3,0.0,1.7,3.0,225.2,247.6,245.2,27.6,45.2,41.7,876.4,-14.6,50.15,0.0,-24.0,89.9,878.8,-42.9,-42.8,89.9,100.0,3384.0,3381.0,26.1,24.4,24.9,20000.0,856.4,0,0,0.6598218713733733,True
1701152,2026-08-20T09:47:45.998049+00:00,external_ems_2,bess_2,good,0.4697,warning,PCS phase voltage imbalance high: 22.4; PCS phase current imbalance high: 17.6; PCS DC current and BMS current mismatch: 28.3,22.4,17.6,2.4,28.3,0.0,1.7,3.0,225.2,247.6,245.2,27.6,45.2,41.7,876.4,-14.6,50.15,0.0,-24.0,89.9,878.8,-42.9,-42.8,89.9,100.0,3384.0,3381.0,26.1,24.4,24.9,20000.0,856.4,0,0,0.6598218713733733,True
1701154,2026-08-20T09:47:46.998045+00:00,external_ems_2,bess_2,good,0.4697,warning,PCS phase voltage imbalance high: 22.4; PCS phase current imbalance high: 17.6; PCS DC current and BMS current mismatch: 28.3,22.4,17.6,2.4,28.3,0.0,1.7,3.0,225.2,247.6,245.2,27.6,45.2,41.7,876.4,-14.6,50.15,0.0,-24.0,89.9,878.8,-42.9,-42.8,89.9,100.0,3384.0,3381.0,26.1,24.4,24.9,20000.0,856.4,0,0,0.6598218713733733,True
1701156,2026-08-20T09:47:47.998044+00:00,external_ems_2,bess_2,good,0.4697,warning,PCS phase voltage imbalance high: 22.4; PCS phase current imbalance high: 17.6; PCS DC current and BMS current mismatch: 28.3,22.4,17.6,2.4,28.3,0.0,1.7,3.0,225.2,247.6,245.2,27.6,45.2,41.7,876.4,-14.6,50.15,0.0,-24.0,89.9,878.8,-42.9,-42.8,89.9,100.0,3384.0,3381.0,26.1,24.4,24.9,20000.0,856.4,0,0,0.6598218713733733,True
1179562,2026-08-17T09:19:06.618579+00:00,external_ems_2,bess_2,good,0.669,warning,PCS fault or alarm flags active: 3.0,0.1,0.1,1.5,0.1,0.0,1.3,1.0,0.3,0.3,0.2,0.7,0.8,0.7,869.6,-0.1,49.95,0.0,0.0,66.7,868.1,0.0,0.1,66.7,100.0,3343.0,3342.0,25.7,24.4,24.7,20000.0,856.4,3,0,0.6596784186130105,True
1179560,2026-08-17T09:19:05.629614+00:00,external_ems_2,bess_2,good,0.669,warning,PCS fault or alarm flags active: 3.0,0.1,0.1,1.5,0.1,0.0,1.3,1.0,0.3,0.3,0.2,0.7,0.8,0.7,869.6,-0.1,49.95,0.0,0.0,66.7,868.1,0.0,0.1,66.7,100.0,3343.0,3342.0,25.7,24.4,24.7,20000.0,856.4,3,0,0.6596784186130105,True
1179566,2026-08-17T09:19:08.619127+00:00,external_ems_2,bess_2,good,0.669,warning,PCS fault or alarm flags active: 3.0,0.1,0.1,1.5,0.1,0.0,1.3,1.0,0.3,0.3,0.2,0.7,0.8,0.7,869.6,-0.1,49.95,0.0,0.0,66.7,868.1,0.0,0.1,66.7,100.0,3343.0,3342.0,25.7,24.4,24.7,20000.0,856.4,3,0,0.6596784186130105,True
1179568,2026-08-17T09:19:09.618684+00:00,external_ems_2,bess_2,good,0.669,warning,PCS fault or alarm flags active: 3.0,0.1,0.1,1.5,0.1,0.0,1.3,1.0,0.3,0.3,0.2,0.7,0.8,0.7,869.6,-0.1,49.95,0.0,0.0,66.7,868.1,0.0,0.1,66.7,100.0,3343.0,3342.0,25.7,24.4,24.7,20000.0,856.4,3,0,0.6596784186130105,True
1179564,2026-08-17T09:19:07.628707+00:00,external_ems_2,bess_2,good,0.669,warning,PCS fault or alarm flags active: 3.0,0.1,0.1,1.5,0.1,0.0,1.3,1.0,0.3,0.3,0.2,0.7,0.8,0.7,869.6,-0.1,49.95,0.0,0.0,66.7,868.1,0.0,0.1,66.7,100.0,3343.0,3342.0,25.7,24.4,24.7,20000.0,856.4,3,0,0.6596784186130105,True
1177798,2026-08-17T09:04:24.618945+00:00,external_ems_2,bess_2,good,0.669,warning,PCS fault or alarm flags active: 2.0,0.1,0.1,1.6,0.3,0.0,1.4,1.0,0.3,0.3,0.2,0.7,0.8,0.7,870.7,0.3,49.95,0.0,0.0,65.3,869.1,0.0,0.1,65.3,100.0,3347.0,3346.0,25.8,24.4,24.8,20000.0,856.4,2,0,0.6596214907566095,True
1177800,2026-08-17T09:04:25.618581+00:00,external_ems_2,bess_2,good,0.669,warning,PCS fault or alarm flags active: 2.0,0.1,0.1,1.6,0.3,0.0,1.4,1.0,0.3,0.3,0.2,0.7,0.8,0.7,870.7,0.3,49.95,0.0,0.0,65.3,869.1,0.0,0.1,65.3,100.0,3347.0,3346.0,25.8,24.4,24.8,20000.0,856.4,2,0,0.6596214907566095,True
1177796,2026-08-17T09:04:23.628918+00:00,external_ems_2,bess_2,good,0.669,warning,PCS fault or alarm flags active: 2.0,0.1,0.1,1.6,0.3,0.0,1.4,1.0,0.3,0.3,0.2,0.7,0.8,0.7,870.7,0.3,49.95,0.0,0.0,65.3,869.1,0.0,0.1,65.3,100.0,3347.0,3346.0,25.8,24.4,24.8,20000.0,856.4,2,0,0.6596214907566095,True
1177802,2026-08-17T09:04:26.629307+00:00,external_ems_2,bess_2,good,0.669,warning,PCS fault or alarm flags active: 2.0,0.1,0.1,1.6,0.3,0.0,1.4,1.0,0.3,0.3,0.2,0.7,0.8,0.7,870.7,0.3,49.95,0.0,0.0,65.3,869.1,0.0,0.1,65.3,100.0,3347.0,3346.0,25.8,24.4,24.8,20000.0,856.4,2,0,0.6596214907566095,True
805184,2026-08-15T05:19:17.619256+00:00,external_ems_2,bess_2,good,0.5786,warning,PCS DC voltage and BMS voltage mismatch: 5.9; PCS DC current and BMS current mismatch: 55.7,0.1,0.4,5.9,55.7,0.0,1.3,1.0,256.6,256.6,256.7,66.7,67.0,66.6,858.6,-52.8,50.38,0.0,1.3,47.7,852.7,2.9,2.2,47.7,100.0,3284.0,3283.0,25.2,23.9,24.2,20000.0,856.4,0,0,0.6595888904542551,True
805182,2026-08-15T05:19:16.629562+00:00,external_ems_2,bess_2,good,0.5786,warning,PCS DC voltage and BMS voltage mismatch: 5.9; PCS DC current and BMS current mismatch: 55.7,0.1,0.4,5.9,55.7,0.0,1.3,1.0,256.6,256.6,256.7,66.7,67.0,66.6,858.6,-52.8,50.38,0.0,1.3,47.7,852.7,2.9,2.2,47.7,100.0,3284.0,3283.0,25.2,23.9,24.2,20000.0,856.4,0,0,0.6595888904542551,True
805178,2026-08-15T05:19:14.618976+00:00,external_ems_2,bess_2,good,0.5786,warning,PCS DC voltage and BMS voltage mismatch: 5.9; PCS DC current and BMS current mismatch: 55.7,0.1,0.4,5.9,55.7,0.0,1.3,1.0,256.6,256.6,256.7,66.7,67.0,66.6,858.6,-52.8,50.38,0.0,1.3,47.7,852.7,2.9,2.2,47.7,100.0,3284.0,3283.0,25.2,23.9,24.2,20000.0,856.4,0,0,0.6595888904542551,True
805180,2026-08-15T05:19:15.618572+00:00,external_ems_2,bess_2,good,0.5786,warning,PCS DC voltage and BMS voltage mismatch: 5.9; PCS DC current and BMS current mismatch: 55.7,0.1,0.4,5.9,55.7,0.0,1.3,1.0,256.6,256.6,256.7,66.7,67.0,66.6,858.6,-52.8,50.38,0.0,1.3,47.7,852.7,2.9,2.2,47.7,100.0,3284.0,3283.0,25.2,23.9,24.2,20000.0,856.4,0,0,0.6595888904542551,True
1177804,2026-08-17T09:04:27.619895+00:00,external_ems_2,bess_2,good,0.669,warning,PCS fault or alarm flags active: 2.0,0.1,0.1,1.4,0.2,0.0,1.4,1.0,0.3,0.3,0.2,0.7,0.8,0.7,870.5,0.2,49.95,0.0,0.0,65.3,869.1,0.0,0.1,65.3,100.0,3347.0,3346.0,25.8,24.4,24.8,20000.0,856.4,2,0,0.6592562252854127,True
1177806,2026-08-17T09:04:28.618571+00:00,external_ems_2,bess_2,good,0.669,warning,PCS fault or alarm flags active: 2.0,0.1,0.1,1.4,0.2,0.0,1.4,1.0,0.3,0.3,0.2,0.7,0.8,0.7,870.5,0.2,49.95,0.0,0.0,65.3,869.1,0.0,0.1,65.3,100.0,3347.0,3346.0,25.8,24.4,24.8,20000.0,856.4,2,0,0.6592562252854127,True
1177812,2026-08-17T09:04:31.630269+00:00,external_ems_2,bess_2,good,0.669,warning,PCS fault or alarm flags active: 2.0,0.1,0.1,1.7,0.2,0.0,1.4,1.0,0.3,0.3,0.2,0.7,0.8,0.7,870.5,0.2,49.95,0.0,0.0,65.3,868.8,0.0,0.1,65.3,100.0,3346.0,3345.0,25.8,24.4,24.8,20000.0,856.4,2,0,0.6592361529406743,True
1177814,2026-08-17T09:04:32.619098+00:00,external_ems_2,bess_2,good,0.669,warning,PCS fault or alarm flags active: 2.0,0.1,0.1,1.7,0.2,0.0,1.4,1.0,0.3,0.3,0.2,0.7,0.8,0.7,870.5,0.2,49.95,0.0,0.0,65.3,868.8,0.0,0.1,65.3,100.0,3346.0,3345.0,25.8,24.4,24.8,20000.0,856.4,2,0,0.6592361529406743,True
1177810,2026-08-17T09:04:30.618864+00:00,external_ems_2,bess_2,good,0.669,warning,PCS fault or alarm flags active: 2.0,0.1,0.1,1.7,0.2,0.0,1.4,1.0,0.3,0.3,0.2,0.7,0.8,0.7,870.5,0.2,49.95,0.0,0.0,65.3,868.8,0.0,0.1,65.3,100.0,3346.0,3345.0,25.8,24.4,24.8,20000.0,856.4,2,0,0.6592361529406743,True
1177808,2026-08-17T09:04:29.629139+00:00,external_ems_2,bess_2,good,0.669,warning,PCS fault or alarm flags active: 2.0,0.1,0.1,1.7,0.2,0.0,1.4,1.0,0.3,0.3,0.2,0.7,0.8,0.7,870.5,0.2,49.95,0.0,0.0,65.3,868.8,0.0,0.1,65.3,100.0,3346.0,3345.0,25.8,24.4,24.8,20000.0,856.4,2,0,0.6592361529406743,True
1150564,2026-08-17T05:17:27.618578+00:00,external_ems_2,bess_2,good,0.6602,warning,PCS phase current imbalance high: 8.6; PCS DC voltage and BMS voltage mismatch: 7.6; PCS DC current and BMS current mismatch: 76.3,2.6,8.6,7.6,76.3,0.0,1.0,2.0,254.6,252.1,254.7,67.8,59.2,67.8,864.3,-51.8,50.35,0.0,-49.3,48.8,856.7,24.5,26.1,48.8,100.0,3302.0,3300.0,25.6,24.6,24.9,20000.0,856.4,0,0,0.6590941684265973,True
1150562,2026-08-17T05:17:26.647030+00:00,external_ems_2,bess_2,good,0.6602,warning,PCS phase current imbalance high: 8.6; PCS DC voltage and BMS voltage mismatch: 7.6; PCS DC current and BMS current mismatch: 76.3,2.6,8.6,7.6,76.3,0.0,1.0,2.0,254.6,252.1,254.7,67.8,59.2,67.8,864.3,-51.8,50.35,0.0,-49.3,48.8,856.7,24.5,26.1,48.8,100.0,3302.0,3300.0,25.6,24.6,24.9,20000.0,856.4,0,0,0.6590941684265973,True
1150566,2026-08-17T05:17:28.629730+00:00,external_ems_2,bess_2,good,0.6602,warning,PCS phase current imbalance high: 8.6; PCS DC voltage and BMS voltage mismatch: 7.6; PCS DC current and BMS current mismatch: 76.3,2.6,8.6,7.6,76.3,0.0,1.0,2.0,254.6,252.1,254.7,67.8,59.2,67.8,864.3,-51.8,50.35,0.0,-49.3,48.8,856.7,24.5,26.1,48.8,100.0,3302.0,3300.0,25.6,24.6,24.9,20000.0,856.4,0,0,0.6590941684265973,True
1150568,2026-08-17T05:17:29.618582+00:00,external_ems_2,bess_2,good,0.6602,warning,PCS phase current imbalance high: 8.6; PCS DC voltage and BMS voltage mismatch: 7.6; PCS DC current and BMS current mismatch: 76.3,2.6,8.6,7.6,76.3,0.0,1.0,2.0,254.6,252.1,254.7,67.8,59.2,67.8,864.3,-51.8,50.35,0.0,-49.3,48.8,856.7,24.5,26.1,48.8,100.0,3302.0,3300.0,25.6,24.6,24.9,20000.0,856.4,0,0,0.6590941684265973,True
629989,2026-08-14T04:59:20.618580+00:00,external_ems_1,bess_1,good,0.3682,warning,PCS phase current imbalance high: 20.2; PCS DC current and BMS current mismatch: 41.8,0.9,20.2,0.2,41.8,0.0,1.8,3.0,239.0,238.1,238.3,49.6,49.9,29.7,877.1,-5.8,50.33,0.0,-67.9,90.0,876.9,-47.6,-40.3,90.0,100.0,3374.0,3371.0,26.6,24.8,25.2,20000.0,855.9,0,0,0.6588573596822795,True
629991,2026-08-14T04:59:21.630543+00:00,external_ems_1,bess_1,good,0.3682,warning,PCS phase current imbalance high: 20.2; PCS DC current and BMS current mismatch: 41.8,0.9,20.2,0.2,41.8,0.0,1.8,3.0,239.0,238.1,238.3,49.6,49.9,29.7,877.1,-5.8,50.33,0.0,-67.9,90.0,876.9,-47.6,-40.3,90.0,100.0,3374.0,3371.0,26.6,24.8,25.2,20000.0,855.9,0,0,0.6588573596822795,True
647188,2026-08-14T07:22:39.618802+00:00,external_ems_2,bess_2,good,0.6635,warning,BMS cell voltage spread high: 10.0; PCS DC voltage and BMS voltage mismatch: 6.5; PCS DC current and BMS current mismatch: 60.4,0.4,0.7,6.5,60.4,0.0,1.5,10.0,256.1,255.7,256.1,66.2,66.9,66.6,869.9,-48.8,50.39,0.0,1.4,59.9,863.4,11.6,9.2,59.9,100.0,3330.0,3320.0,25.8,24.3,24.7,20000.0,856.4,0,0,0.6587528299854088,True
647184,2026-08-14T07:22:37.618606+00:00,external_ems_2,bess_2,good,0.6635,warning,BMS cell voltage spread high: 10.0; PCS DC voltage and BMS voltage mismatch: 6.5; PCS DC current and BMS current mismatch: 60.4,0.4,0.7,6.5,60.4,0.0,1.5,10.0,256.1,255.7,256.1,66.2,66.9,66.6,869.9,-48.8,50.39,0.0,1.4,59.9,863.4,11.6,9.2,59.9,100.0,3330.0,3320.0,25.8,24.3,24.7,20000.0,856.4,0,0,0.6587528299854088,True
647186,2026-08-14T07:22:38.630275+00:00,external_ems_2,bess_2,good,0.6635,warning,BMS cell voltage spread high: 10.0; PCS DC voltage and BMS voltage mismatch: 6.5; PCS DC current and BMS current mismatch: 60.4,0.4,0.7,6.5,60.4,0.0,1.5,10.0,256.1,255.7,256.1,66.2,66.9,66.6,869.9,-48.8,50.39,0.0,1.4,59.9,863.4,11.6,9.2,59.9,100.0,3330.0,3320.0,25.8,24.3,24.7,20000.0,856.4,0,0,0.6587528299854088,True
647180,2026-08-14T07:22:35.629450+00:00,external_ems_2,bess_2,good,0.6635,warning,BMS cell voltage spread high: 10.0; PCS DC voltage and BMS voltage mismatch: 6.5; PCS DC current and BMS current mismatch: 60.4,0.4,0.7,6.5,60.4,0.0,1.5,10.0,256.1,255.7,256.1,66.2,66.9,66.6,869.9,-48.8,50.39,0.0,1.4,59.9,863.4,11.6,9.2,59.9,100.0,3330.0,3320.0,25.8,24.3,24.7,20000.0,856.4,0,0,0.6587528299854088,True
647182,2026-08-14T07:22:36.619282+00:00,external_ems_2,bess_2,good,0.6635,warning,BMS cell voltage spread high: 10.0; PCS DC voltage and BMS voltage mismatch: 6.5; PCS DC current and BMS current mismatch: 60.4,0.4,0.7,6.5,60.4,0.0,1.5,10.0,256.1,255.7,256.1,66.2,66.9,66.6,869.9,-48.8,50.39,0.0,1.4,59.9,863.4,11.6,9.2,59.9,100.0,3330.0,3320.0,25.8,24.3,24.7,20000.0,856.4,0,0,0.6587528299854088,True
795612,2026-08-15T03:59:31.618582+00:00,external_ems_2,bess_2,good,0.6538,warning,PCS DC voltage and BMS voltage mismatch: 6.8; PCS DC current and BMS current mismatch: 65.4,1.8,7.1,6.8,65.4,0.0,0.9,2.0,254.4,252.7,254.5,67.6,60.5,67.6,862.5,-54.8,50.34,0.0,-51.4,50.9,855.7,10.6,10.5,50.9,100.0,3295.0,3293.0,25.3,24.4,24.7,20000.0,856.4,0,0,0.6587069126915193,True
795614,2026-08-15T03:59:32.628771+00:00,external_ems_2,bess_2,good,0.6538,warning,PCS DC voltage and BMS voltage mismatch: 6.8; PCS DC current and BMS current mismatch: 65.4,1.8,7.1,6.8,65.4,0.0,0.9,2.0,254.4,252.7,254.5,67.6,60.5,67.6,862.5,-54.8,50.34,0.0,-51.4,50.9,855.7,10.6,10.5,50.9,100.0,3295.0,3293.0,25.3,24.4,24.7,20000.0,856.4,0,0,0.6587069126915193,True
1340132,2026-08-18T07:37:11.618583+00:00,external_ems_2,bess_2,good,0.5872,warning,BMS cell voltage spread high: 14.0; PCS DC voltage and BMS voltage mismatch: 5.5; PCS DC current and BMS current mismatch: 52.9,0.6,0.6,5.5,52.9,0.0,1.4,14.0,255.5,255.3,255.9,65.5,66.1,65.5,868.2,-53.4,50.34,0.0,-49.1,60.5,862.7,-0.5,0.4,60.5,100.0,3329.0,3315.0,25.8,24.4,24.8,20000.0,856.4,0,0,0.6586893050592069,True
1340130,2026-08-18T07:37:10.630064+00:00,external_ems_2,bess_2,good,0.5872,warning,BMS cell voltage spread high: 14.0; PCS DC voltage and BMS voltage mismatch: 5.5; PCS DC current and BMS current mismatch: 52.9,0.6,0.6,5.5,52.9,0.0,1.4,14.0,255.5,255.3,255.9,65.5,66.1,65.5,868.2,-53.4,50.34,0.0,-49.1,60.5,862.7,-0.5,0.4,60.5,100.0,3329.0,3315.0,25.8,24.4,24.8,20000.0,856.4,0,0,0.6586893050592069,True
1000202,2026-08-16T08:24:26.629398+00:00,external_ems_2,bess_2,good,0.6552,warning,PCS DC voltage and BMS voltage mismatch: 7.0; PCS DC current and BMS current mismatch: 74.9,0.2,0.6,7.0,74.9,0.0,1.4,1.0,254.4,254.6,254.6,66.6,66.9,66.3,860.4,-54.9,50.28,0.0,-51.7,55.2,853.4,20.0,19.3,55.2,100.0,3289.0,3288.0,25.4,24.0,24.4,20000.0,856.4,0,0,0.6585808424297839,True
1000198,2026-08-16T08:24:24.618830+00:00,external_ems_2,bess_2,good,0.6552,warning,PCS DC voltage and BMS voltage mismatch: 7.0; PCS DC current and BMS current mismatch: 74.9,0.2,0.6,7.0,74.9,0.0,1.4,1.0,254.4,254.6,254.6,66.6,66.9,66.3,860.4,-54.9,50.28,0.0,-51.7,55.2,853.4,20.0,19.3,55.2,100.0,3289.0,3288.0,25.4,24.0,24.4,20000.0,856.4,0,0,0.6585808424297839,True
1000200,2026-08-16T08:24:25.618560+00:00,external_ems_2,bess_2,good,0.6552,warning,PCS DC voltage and BMS voltage mismatch: 7.0; PCS DC current and BMS current mismatch: 74.9,0.2,0.6,7.0,74.9,0.0,1.4,1.0,254.4,254.6,254.6,66.6,66.9,66.3,860.4,-54.9,50.28,0.0,-51.7,55.2,853.4,20.0,19.3,55.2,100.0,3289.0,3288.0,25.4,24.0,24.4,20000.0,856.4,0,0,0.6585808424297839,True
1000206,2026-08-16T08:24:28.618562+00:00,external_ems_2,bess_2,good,0.6552,warning,PCS DC voltage and BMS voltage mismatch: 7.0; PCS DC current and BMS current mismatch: 74.9,0.2,0.6,7.0,74.9,0.0,1.4,1.0,254.4,254.6,254.6,66.6,66.9,66.3,860.4,-54.9,50.28,0.0,-51.7,55.2,853.4,20.0,19.3,55.2,100.0,3289.0,3288.0,25.4,24.0,24.4,20000.0,856.4,0,0,0.6585808424297839,True
1000204,2026-08-16T08:24:27.618643+00:00,external_ems_2,bess_2,good,0.6552,warning,PCS DC voltage and BMS voltage mismatch: 7.0; PCS DC current and BMS current mismatch: 74.9,0.2,0.6,7.0,74.9,0.0,1.4,1.0,254.4,254.6,254.6,66.6,66.9,66.3,860.4,-54.9,50.28,0.0,-51.7,55.2,853.4,20.0,19.3,55.2,100.0,3289.0,3288.0,25.4,24.0,24.4,20000.0,856.4,0,0,0.6585808424297839,True
624139,2026-08-14T04:10:35.618563+00:00,external_ems_1,bess_1,good,0.6418,warning,PCS phase current imbalance high: 8.3; PCS DC current and BMS current mismatch: 62.4,0.7,8.3,0.1,62.4,0.0,1.7,2.0,238.2,237.7,237.5,106.9,104.0,112.3,873.1,-90.7,50.33,0.0,-73.2,80.2,873.2,-28.3,-28.0,80.2,100.0,3364.0,3362.0,26.1,24.4,24.8,20000.0,855.9,0,0,0.6584923707861955,True
624141,2026-08-14T04:10:36.628856+00:00,external_ems_1,bess_1,good,0.6418,warning,PCS phase current imbalance high: 8.3; PCS DC current and BMS current mismatch: 62.4,0.7,8.3,0.1,62.4,0.0,1.7,2.0,238.2,237.7,237.5,106.9,104.0,112.3,873.1,-90.7,50.33,0.0,-73.2,80.2,873.2,-28.3,-28.0,80.2,100.0,3364.0,3362.0,26.1,24.4,24.8,20000.0,855.9,0,0,0.6584923707861955,True
624137,2026-08-14T04:10:34.628698+00:00,external_ems_1,bess_1,good,0.6418,warning,PCS phase current imbalance high: 8.3; PCS DC current and BMS current mismatch: 62.4,0.7,8.3,0.1,62.4,0.0,1.7,2.0,238.2,237.7,237.5,106.9,104.0,112.3,873.1,-90.7,50.33,0.0,-73.2,80.2,873.2,-28.3,-28.0,80.2,100.0,3364.0,3362.0,26.1,24.4,24.8,20000.0,855.9,0,0,0.6584923707861955,True
624135,2026-08-14T04:10:33.618597+00:00,external_ems_1,bess_1,good,0.6418,warning,PCS phase current imbalance high: 8.3; PCS DC current and BMS current mismatch: 62.4,0.7,8.3,0.1,62.4,0.0,1.7,2.0,238.2,237.7,237.5,106.9,104.0,112.3,873.1,-90.7,50.33,0.0,-73.2,80.2,873.2,-28.3,-28.0,80.2,100.0,3364.0,3362.0,26.1,24.4,24.8,20000.0,855.9,0,0,0.6584923707861955,True
1155078,2026-08-17T05:55:04.618573+00:00,external_ems_2,bess_2,good,0.6607,warning,PCS DC voltage and BMS voltage mismatch: 7.8; PCS DC current and BMS current mismatch: 80.8,0.2,0.4,7.8,80.8,0.0,1.0,1.0,255.1,254.9,255.0,67.3,67.5,67.1,862.8,-56.1,50.35,0.0,-19.3,49.9,855.0,24.7,26.3,49.9,100.0,3293.0,3292.0,25.4,24.4,24.7,20000.0,856.4,0,0,0.6583395930257555,True
1155072,2026-08-17T05:55:01.618595+00:00,external_ems_2,bess_2,good,0.6607,warning,PCS DC voltage and BMS voltage mismatch: 7.8; PCS DC current and BMS current mismatch: 80.8,0.2,0.4,7.8,80.8,0.0,1.0,1.0,255.1,254.9,255.0,67.3,67.5,67.1,862.8,-56.1,50.35,0.0,-19.3,49.9,855.0,24.7,26.3,49.9,100.0,3293.0,3292.0,25.4,24.4,24.7,20000.0,856.4,0,0,0.6583395930257555,True
1155074,2026-08-17T05:55:02.629890+00:00,external_ems_2,bess_2,good,0.6607,warning,PCS DC voltage and BMS voltage mismatch: 7.8; PCS DC current and BMS current mismatch: 80.8,0.2,0.4,7.8,80.8,0.0,1.0,1.0,255.1,254.9,255.0,67.3,67.5,67.1,862.8,-56.1,50.35,0.0,-19.3,49.9,855.0,24.7,26.3,49.9,100.0,3293.0,3292.0,25.4,24.4,24.7,20000.0,856.4,0,0,0.6583395930257555,True
1155076,2026-08-17T05:55:03.618580+00:00,external_ems_2,bess_2,good,0.6607,warning,PCS DC voltage and BMS voltage mismatch: 7.8; PCS DC current and BMS current mismatch: 80.8,0.2,0.4,7.8,80.8,0.0,1.0,1.0,255.1,254.9,255.0,67.3,67.5,67.1,862.8,-56.1,50.35,0.0,-19.3,49.9,855.0,24.7,26.3,49.9,100.0,3293.0,3292.0,25.4,24.4,24.7,20000.0,856.4,0,0,0.6583395930257555,True
801368,2026-08-15T04:47:29.618566+00:00,external_ems_2,bess_2,good,0.6648,warning,PCS DC voltage and BMS voltage mismatch: 8.4; PCS DC current and BMS current mismatch: 78.0,1.1,3.1,8.4,78.0,0.0,1.1,1.0,253.7,252.6,253.7,69.6,66.5,69.0,859.8,-51.3,50.35,0.0,2.2,48.9,851.4,26.7,26.5,48.9,100.0,3279.0,3278.0,25.3,24.2,24.5,20000.0,856.4,0,0,0.658339533996893,True
801370,2026-08-15T04:47:30.629144+00:00,external_ems_2,bess_2,good,0.6648,warning,PCS DC voltage and BMS voltage mismatch: 8.4; PCS DC current and BMS current mismatch: 78.0,1.1,3.1,8.4,78.0,0.0,1.1,1.0,253.7,252.6,253.7,69.6,66.5,69.0,859.8,-51.3,50.35,0.0,2.2,48.9,851.4,26.7,26.5,48.9,100.0,3279.0,3278.0,25.3,24.2,24.5,20000.0,856.4,0,0,0.658339533996893,True
801374,2026-08-15T04:47:32.618583+00:00,external_ems_2,bess_2,good,0.6648,warning,PCS DC voltage and BMS voltage mismatch: 8.4; PCS DC current and BMS current mismatch: 78.0,1.1,3.1,8.4,78.0,0.0,1.1,1.0,253.7,252.6,253.7,69.6,66.5,69.0,859.8,-51.3,50.35,0.0,2.2,48.9,851.4,26.7,26.5,48.9,100.0,3279.0,3278.0,25.3,24.2,24.5,20000.0,856.4,0,0,0.658339533996893,True
801372,2026-08-15T04:47:31.618630+00:00,external_ems_2,bess_2,good,0.6648,warning,PCS DC voltage and BMS voltage mismatch: 8.4; PCS DC current and BMS current mismatch: 78.0,1.1,3.1,8.4,78.0,0.0,1.1,1.0,253.7,252.6,253.7,69.6,66.5,69.0,859.8,-51.3,50.35,0.0,2.2,48.9,851.4,26.7,26.5,48.9,100.0,3279.0,3278.0,25.3,24.2,24.5,20000.0,856.4,0,0,0.658339533996893,True
634022,2026-08-14T05:32:56.629483+00:00,external_ems_2,bess_2,good,0.669,warning,PCS DC voltage and BMS voltage mismatch: 9.0; PCS DC current and BMS current mismatch: 79.5,4.6,5.3,9.0,79.5,0.0,1.1,2.0,215.5,211.4,216.0,35.2,38.1,32.8,858.1,22.6,49.81,0.0,21.7,55.3,867.1,-56.9,-57.1,55.3,100.0,3339.0,3337.0,26.3,25.2,25.5,20000.0,856.4,0,0,0.6580024094916689,True
634020,2026-08-14T05:32:55.618617+00:00,external_ems_2,bess_2,good,0.669,warning,PCS DC voltage and BMS voltage mismatch: 9.0; PCS DC current and BMS current mismatch: 79.5,4.6,5.3,9.0,79.5,0.0,1.1,2.0,215.5,211.4,216.0,35.2,38.1,32.8,858.1,22.6,49.81,0.0,21.7,55.3,867.1,-56.9,-57.1,55.3,100.0,3339.0,3337.0,26.3,25.2,25.5,20000.0,856.4,0,0,0.6580024094916689,True
1177794,2026-08-17T09:04:22.618573+00:00,external_ems_2,bess_2,good,0.669,warning,PCS fault or alarm flags active: 2.0,0.1,0.1,1.3,0.3,0.0,1.4,1.0,0.3,0.3,0.2,0.7,0.8,0.7,870.7,0.3,49.95,0.0,0.0,65.3,869.4,0.0,0.1,65.3,100.0,3347.0,3346.0,25.8,24.4,24.8,20000.0,856.4,2,0,0.6577002392030977,True
1177792,2026-08-17T09:04:21.629494+00:00,external_ems_2,bess_2,good,0.669,warning,PCS fault or alarm flags active: 2.0,0.1,0.1,1.3,0.3,0.0,1.4,1.0,0.3,0.3,0.2,0.7,0.8,0.7,870.7,0.3,49.95,0.0,0.0,65.3,869.4,0.0,0.1,65.3,100.0,3348.0,3347.0,25.8,24.4,24.8,20000.0,856.4,2,0,0.6577002392030977,True
1352838,2026-08-18T09:23:04.629021+00:00,external_ems_2,bess_2,good,0.5972,warning,PCS DC voltage and BMS voltage mismatch: 6.5; PCS DC current and BMS current mismatch: 56.6,0.6,0.1,6.5,56.6,0.0,1.8,7.0,256.7,256.8,257.3,61.6,61.7,61.7,869.2,-44.9,50.33,0.0,-48.4,61.6,862.7,11.7,9.8,61.6,100.0,3324.0,3317.0,25.8,24.0,24.5,20000.0,856.4,0,0,0.6574830397060832,True
1352836,2026-08-18T09:23:03.618607+00:00,external_ems_2,bess_2,good,0.5972,warning,PCS DC voltage and BMS voltage mismatch: 6.5; PCS DC current and BMS current mismatch: 56.6,0.6,0.1,6.5,56.6,0.0,1.8,7.0,256.7,256.8,257.3,61.6,61.7,61.7,869.2,-44.9,50.33,0.0,-48.4,61.6,862.7,11.7,9.8,61.6,100.0,3324.0,3317.0,25.8,24.0,24.5,20000.0,856.4,0,0,0.6574830397060832,True
1263586,2026-08-17T20:59:18.629518+00:00,external_ems_2,bess_2,good,0.669,warning,PCS fault or alarm flags active: 2.0,0.1,0.1,1.9,0.2,0.0,1.0,2.0,0.3,0.3,0.2,0.7,0.8,0.7,854.3,-0.2,49.95,0.0,0.0,50.1,852.4,0.0,0.1,50.1,100.0,3284.0,3282.0,24.9,23.9,24.2,20000.0,856.4,2,0,0.6571299554469273,True
1263588,2026-08-17T20:59:19.618629+00:00,external_ems_2,bess_2,good,0.669,warning,PCS fault or alarm flags active: 2.0,0.1,0.1,1.9,0.2,0.0,1.0,2.0,0.3,0.3,0.2,0.7,0.8,0.7,854.3,-0.2,49.95,0.0,0.0,50.1,852.4,0.0,0.1,50.1,100.0,3284.0,3282.0,24.9,23.9,24.2,20000.0,856.4,2,0,0.6571299554469273,True
1166114,2026-08-17T07:27:02.629392+00:00,external_ems_2,bess_2,good,0.6531,warning,PCS DC voltage and BMS voltage mismatch: 6.7; PCS DC current and BMS current mismatch: 64.8,0.4,1.1,6.7,64.8,0.4,1.3,2.0,241.5,241.1,241.4,71.2,70.2,71.3,869.4,-51.2,50.36,0.0,-50.6,55.1,862.7,13.6,12.7,55.5,100.0,3324.0,3322.0,26.0,24.7,25.1,20000.0,856.4,0,0,0.6568059496087273,True
1166110,2026-08-17T07:27:00.619118+00:00,external_ems_2,bess_2,good,0.6531,warning,PCS DC voltage and BMS voltage mismatch: 6.7; PCS DC current and BMS current mismatch: 64.8,0.4,1.1,6.7,64.8,0.4,1.3,2.0,241.5,241.1,241.4,71.2,70.2,71.3,869.4,-51.2,50.36,0.0,-50.6,55.1,862.7,13.6,12.7,55.5,100.0,3324.0,3322.0,26.0,24.7,25.1,20000.0,856.4,0,0,0.6568059496087273,True
1166112,2026-08-17T07:27:01.618565+00:00,external_ems_2,bess_2,good,0.6531,warning,PCS DC voltage and BMS voltage mismatch: 6.7; PCS DC current and BMS current mismatch: 64.8,0.4,1.1,6.7,64.8,0.4,1.3,2.0,241.5,241.1,241.4,71.2,70.2,71.3,869.4,-51.2,50.36,0.0,-50.6,55.1,862.7,13.6,12.7,55.5,100.0,3324.0,3322.0,26.0,24.7,25.1,20000.0,856.4,0,0,0.6568059496087273,True
1166116,2026-08-17T07:27:03.619374+00:00,external_ems_2,bess_2,good,0.6531,warning,PCS DC voltage and BMS voltage mismatch: 6.7; PCS DC current and BMS current mismatch: 64.8,0.4,1.1,6.7,64.8,0.4,1.3,2.0,241.5,241.1,241.4,71.2,70.2,71.3,869.4,-51.2,50.36,0.0,-50.6,55.1,862.7,13.6,12.7,55.5,100.0,3324.0,3322.0,26.0,24.7,25.1,20000.0,856.4,0,0,0.6568059496087273,True
1505566,2026-08-19T06:35:48.628753+00:00,external_ems_2,bess_2,good,0.6559,warning,PCS DC voltage and BMS voltage mismatch: 7.1; PCS DC current and BMS current mismatch: 75.3,0.5,0.4,7.1,75.3,0.0,1.3,1.0,255.8,255.9,256.3,64.3,64.7,64.4,862.1,-54.4,50.34,0.0,-52.4,48.0,855.0,20.9,21.0,48.0,100.0,3294.0,3293.0,25.8,24.5,24.9,20000.0,856.4,0,0,0.6564369836061065,True
1505560,2026-08-19T06:35:45.629277+00:00,external_ems_2,bess_2,good,0.6559,warning,PCS DC voltage and BMS voltage mismatch: 7.1; PCS DC current and BMS current mismatch: 75.3,0.5,0.4,7.1,75.3,0.0,1.3,1.0,255.8,255.9,256.3,64.3,64.7,64.4,862.1,-54.4,50.34,0.0,-52.4,48.0,855.0,20.9,21.0,48.0,100.0,3294.0,3293.0,25.8,24.5,24.9,20000.0,856.4,0,0,0.6564369836061065,True
1505562,2026-08-19T06:35:46.618578+00:00,external_ems_2,bess_2,good,0.6559,warning,PCS DC voltage and BMS voltage mismatch: 7.1; PCS DC current and BMS current mismatch: 75.3,0.5,0.4,7.1,75.3,0.0,1.3,1.0,255.8,255.9,256.3,64.3,64.7,64.4,862.1,-54.4,50.34,0.0,-52.4,48.0,855.0,20.9,21.0,48.0,100.0,3294.0,3293.0,25.8,24.5,24.9,20000.0,856.4,0,0,0.6564369836061065,True
1505564,2026-08-19T06:35:47.618569+00:00,external_ems_2,bess_2,good,0.6559,warning,PCS DC voltage and BMS voltage mismatch: 7.1; PCS DC current and BMS current mismatch: 75.3,0.5,0.4,7.1,75.3,0.0,1.3,1.0,255.8,255.9,256.3,64.3,64.7,64.4,862.1,-54.4,50.34,0.0,-52.4,48.0,855.0,20.9,21.0,48.0,100.0,3294.0,3293.0,25.8,24.5,24.9,20000.0,856.4,0,0,0.6564369836061065,True
1505558,2026-08-19T06:35:44.618578+00:00,external_ems_2,bess_2,good,0.6559,warning,PCS DC voltage and BMS voltage mismatch: 7.1; PCS DC current and BMS current mismatch: 75.3,0.5,0.4,7.1,75.3,0.0,1.3,1.0,255.8,255.9,256.3,64.3,64.7,64.4,862.1,-54.4,50.34,0.0,-52.4,48.0,855.0,20.9,21.0,48.0,100.0,3294.0,3293.0,25.8,24.5,24.9,20000.0,856.4,0,0,0.6564369836061065,True
629713,2026-08-14T04:57:02.618591+00:00,external_ems_1,bess_1,good,0.4153,warning,PCS DC current and BMS current mismatch: 45.9,0.2,6.4,1.5,45.9,0.0,1.8,4.0,238.1,237.9,238.1,28.0,21.6,23.0,878.4,-16.8,50.3,0.0,-37.3,89.2,876.9,-62.7,-50.6,89.2,100.0,3393.0,3389.0,26.6,24.8,25.2,20000.0,855.9,0,0,0.6562651515172069,True
629711,2026-08-14T04:57:01.629385+00:00,external_ems_1,bess_1,good,0.4153,warning,PCS DC current and BMS current mismatch: 45.9,0.2,6.4,1.5,45.9,0.0,1.8,4.0,238.1,237.9,238.1,28.0,21.6,23.0,878.4,-16.8,50.3,0.0,-37.3,89.2,876.9,-62.7,-50.6,89.2,100.0,3393.0,3389.0,26.6,24.8,25.2,20000.0,855.9,0,0,0.6562651515172069,True
634964,2026-08-14T05:40:47.619476+00:00,external_ems_2,bess_2,good,0.6621,warning,PCS DC voltage and BMS voltage mismatch: 8.0; PCS DC current and BMS current mismatch: 80.3,0.8,3.6,8.0,80.3,0.0,1.1,1.0,255.0,254.4,255.2,53.9,50.4,54.0,864.0,-54.7,50.3,0.0,-42.9,55.3,856.0,25.6,24.6,55.3,100.0,3300.0,3299.0,26.1,25.0,25.3,20000.0,856.4,0,0,0.6557680073290022,True
634968,2026-08-14T05:40:49.629636+00:00,external_ems_2,bess_2,good,0.6621,warning,PCS DC voltage and BMS voltage mismatch: 8.0; PCS DC current and BMS current mismatch: 80.3,0.8,3.6,8.0,80.3,0.0,1.1,1.0,255.0,254.4,255.2,53.9,50.4,54.0,864.0,-54.7,50.3,0.0,-42.9,55.3,856.0,25.6,24.6,55.3,100.0,3300.0,3299.0,26.1,25.0,25.3,20000.0,856.4,0,0,0.6557680073290022,True
634970,2026-08-14T05:40:50.619156+00:00,external_ems_2,bess_2,good,0.6621,warning,PCS DC voltage and BMS voltage mismatch: 8.0; PCS DC current and BMS current mismatch: 80.3,0.8,3.6,8.0,80.3,0.0,1.1,1.0,255.0,254.4,255.2,53.9,50.4,54.0,864.0,-54.7,50.3,0.0,-42.9,55.3,856.0,25.6,24.6,55.3,100.0,3300.0,3299.0,26.1,25.0,25.3,20000.0,856.4,0,0,0.6557680073290022,True
634972,2026-08-14T05:40:51.618691+00:00,external_ems_2,bess_2,good,0.6621,warning,PCS DC voltage and BMS voltage mismatch: 8.0; PCS DC current and BMS current mismatch: 80.3,0.8,3.6,8.0,80.3,0.0,1.1,1.0,255.0,254.4,255.2,53.9,50.4,54.0,864.0,-54.7,50.3,0.0,-42.9,55.3,856.0,25.6,24.6,55.3,100.0,3300.0,3299.0,26.1,25.0,25.3,20000.0,856.4,0,0,0.6557680073290022,True
634966,2026-08-14T05:40:48.618570+00:00,external_ems_2,bess_2,good,0.6621,warning,PCS DC voltage and BMS voltage mismatch: 8.0; PCS DC current and BMS current mismatch: 80.3,0.8,3.6,8.0,80.3,0.0,1.1,1.0,255.0,254.4,255.2,53.9,50.4,54.0,864.0,-54.7,50.3,0.0,-42.9,55.3,856.0,25.6,24.6,55.3,100.0,3300.0,3299.0,26.1,25.0,25.3,20000.0,856.4,0,0,0.6557680073290022,True
295136,2026-08-12T06:28:53.630006+00:00,external_ems_2,bess_2,good,0.3681,warning,PCS phase current imbalance high: 8.6; PCS DC current and BMS current mismatch: 42.9,1.1,8.6,3.8,42.9,0.0,1.1,2.0,236.8,237.2,237.9,98.1,106.7,104.6,862.6,-93.1,50.32,0.0,-28.3,40.8,866.4,-50.2,-51.2,40.8,100.0,3346.0,3344.0,25.8,24.7,25.0,20000.0,856.4,0,0,0.6556852826471163,True
638946,2026-08-14T06:13:58.618851+00:00,external_ems_2,bess_2,good,0.6429,warning,PCS phase current imbalance high: 9.0; PCS DC current and BMS current mismatch: 63.2,2.2,9.0,4.9,63.2,0.0,1.3,2.0,256.5,254.4,256.6,65.6,57.4,66.4,859.6,-46.9,50.29,0.0,-47.6,54.5,854.7,16.3,16.9,54.5,100.0,3295.0,3293.0,25.7,24.4,24.8,20000.0,856.4,0,0,0.6556634012114583,True
638950,2026-08-14T06:14:00.629515+00:00,external_ems_2,bess_2,good,0.6429,warning,PCS phase current imbalance high: 9.0; PCS DC current and BMS current mismatch: 63.2,2.2,9.0,4.9,63.2,0.0,1.3,2.0,256.5,254.4,256.6,65.6,57.4,66.4,859.6,-46.9,50.29,0.0,-47.6,54.5,854.7,16.3,16.9,54.5,100.0,3295.0,3293.0,25.7,24.4,24.8,20000.0,856.4,0,0,0.6556634012114583,True
638952,2026-08-14T06:14:01.618578+00:00,external_ems_2,bess_2,good,0.6429,warning,PCS phase current imbalance high: 9.0; PCS DC current and BMS current mismatch: 63.2,2.2,9.0,4.9,63.2,0.0,1.3,2.0,256.5,254.4,256.6,65.6,57.4,66.4,859.6,-46.9,50.29,0.0,-47.6,54.5,854.7,16.3,16.9,54.5,100.0,3295.0,3293.0,25.7,24.4,24.8,20000.0,856.4,0,0,0.6556634012114583,True
638948,2026-08-14T06:13:59.618580+00:00,external_ems_2,bess_2,good,0.6429,warning,PCS phase current imbalance high: 9.0; PCS DC current and BMS current mismatch: 63.2,2.2,9.0,4.9,63.2,0.0,1.3,2.0,256.5,254.4,256.6,65.6,57.4,66.4,859.6,-46.9,50.29,0.0,-47.6,54.5,854.7,16.3,16.9,54.5,100.0,3295.0,3293.0,25.7,24.4,24.8,20000.0,856.4,0,0,0.6556634012114583,True
1263584,2026-08-17T20:59:17.618568+00:00,external_ems_2,bess_2,good,0.669,warning,PCS fault or alarm flags active: 2.0,0.1,0.1,1.8,0.0,0.0,1.0,2.0,0.3,0.3,0.2,0.7,0.8,0.7,854.2,0.0,49.95,0.0,0.0,50.1,852.4,0.0,0.1,50.1,100.0,3284.0,3282.0,24.9,23.9,24.2,20000.0,856.4,2,0,0.6552800020971116,True
1263580,2026-08-17T20:59:15.618575+00:00,external_ems_2,bess_2,good,0.669,warning,PCS fault or alarm flags active: 2.0,0.1,0.1,1.8,0.0,0.0,1.0,2.0,0.3,0.3,0.2,0.7,0.8,0.7,854.2,0.0,49.95,0.0,0.0,50.1,852.4,0.0,0.1,50.1,100.0,3284.0,3282.0,24.9,23.9,24.2,20000.0,856.4,2,0,0.6552800020971116,True
1263578,2026-08-17T20:59:14.628876+00:00,external_ems_2,bess_2,good,0.669,warning,PCS fault or alarm flags active: 2.0,0.1,0.1,1.8,0.0,0.0,1.0,2.0,0.3,0.3,0.2,0.7,0.8,0.7,854.2,0.0,49.95,0.0,0.0,50.1,852.4,0.0,0.1,50.1,100.0,3284.0,3282.0,24.9,23.9,24.2,20000.0,856.4,2,0,0.6552800020971116,True
1263582,2026-08-17T20:59:16.618567+00:00,external_ems_2,bess_2,good,0.669,warning,PCS fault or alarm flags active: 2.0,0.1,0.1,1.8,0.0,0.0,1.0,2.0,0.3,0.3,0.2,0.7,0.8,0.7,854.2,0.0,49.95,0.0,0.0,50.1,852.4,0.0,0.1,50.1,100.0,3284.0,3282.0,24.9,23.9,24.2,20000.0,856.4,2,0,0.6552800020971116,True
295138,2026-08-12T06:28:54.618693+00:00,external_ems_2,bess_2,good,0.3681,warning,PCS phase current imbalance high: 8.6; PCS DC current and BMS current mismatch: 42.9,1.1,8.6,3.8,42.9,0.0,1.1,2.0,236.8,237.2,237.9,98.1,106.7,104.6,862.6,-93.1,50.32,0.0,-28.3,40.8,866.4,-50.2,-51.2,40.8,100.0,3322.0,3320.0,25.8,24.7,25.0,20000.0,856.4,0,0,0.6552454213687103,True
816302,2026-08-15T06:51:56.618584+00:00,external_ems_2,bess_2,good,0.3768,warning,PCS DC current and BMS current mismatch: 43.5,0.2,0.2,4.5,43.5,0.0,1.7,1.0,255.2,255.0,255.2,53.1,53.1,53.3,856.2,-40.2,50.3,0.0,-44.4,46.5,851.7,3.3,1.8,46.5,100.0,3280.0,3279.0,25.5,23.8,24.3,20000.0,856.4,0,0,0.6552301639640534,True
1263574,2026-08-17T20:59:12.629459+00:00,external_ems_2,bess_2,good,0.669,warning,PCS fault or alarm flags active: 2.0,0.1,0.1,1.8,0.0,0.0,1.0,1.0,0.3,0.3,0.2,0.7,0.8,0.7,854.2,0.0,49.95,0.0,0.0,50.1,852.4,0.0,0.1,50.1,100.0,3283.0,3282.0,24.9,23.9,24.2,20000.0,856.4,2,0,0.6551625587551708,True
1263576,2026-08-17T20:59:13.618727+00:00,external_ems_2,bess_2,good,0.669,warning,PCS fault or alarm flags active: 2.0,0.1,0.1,1.8,0.0,0.0,1.0,1.0,0.3,0.3,0.2,0.7,0.8,0.7,854.2,0.0,49.95,0.0,0.0,50.1,852.4,0.0,0.1,50.1,100.0,3283.0,3282.0,24.9,23.9,24.2,20000.0,856.4,2,0,0.6551625587551708,True
630207,2026-08-14T05:01:09.629965+00:00,external_ems_1,bess_1,good,0.4062,warning,PCS phase current imbalance high: 25.1,1.2,25.1,0.4,14.4,0.0,1.8,2.0,236.3,235.3,236.5,61.8,66.9,41.8,877.5,-27.8,50.33,0.0,-75.9,90.4,877.9,-42.2,-44.6,90.4,100.0,3372.0,3370.0,26.6,24.8,25.2,20000.0,855.9,0,0,0.6550761773417245,True
630205,2026-08-14T05:01:08.618558+00:00,external_ems_1,bess_1,good,0.4062,warning,PCS phase current imbalance high: 25.1,1.2,25.1,0.4,14.4,0.0,1.8,2.0,236.3,235.3,236.5,61.8,66.9,41.8,877.5,-27.8,50.33,0.0,-75.9,90.4,877.9,-42.2,-44.6,90.4,100.0,3372.0,3370.0,26.6,24.8,25.2,20000.0,855.9,0,0,0.6550761773417245,True
295153,2026-08-12T06:29:02.630331+00:00,external_ems_1,bess_1,good,0.3967,warning,PCS phase current imbalance high: 24.7,0.7,24.7,3.8,0.8,0.0,2.0,3.0,238.7,239.0,238.3,51.5,31.3,56.0,878.3,-46.7,50.35,0.0,-75.9,68.9,874.5,-47.5,-40.5,68.9,100.0,3375.0,3372.0,26.4,24.4,24.9,20000.0,855.9,0,0,0.6549332128340736,True
295155,2026-08-12T06:29:03.618589+00:00,external_ems_1,bess_1,good,0.3967,warning,PCS phase current imbalance high: 24.7,0.7,24.7,3.8,0.8,0.0,2.0,3.0,238.7,239.0,238.3,51.5,31.3,56.0,878.3,-46.7,50.35,0.0,-75.9,68.9,874.5,-47.5,-40.5,68.9,100.0,3375.0,3372.0,26.4,24.4,24.9,20000.0,855.9,0,0,0.6549332128340736,True
795622,2026-08-15T03:59:36.629012+00:00,external_ems_2,bess_2,good,0.6437,warning,PCS DC voltage and BMS voltage mismatch: 5.8; PCS DC current and BMS current mismatch: 59.8,1.8,7.1,5.8,59.8,0.0,0.9,1.0,254.4,252.7,254.5,67.6,60.5,67.6,862.5,-54.8,50.34,0.0,-51.4,50.9,856.7,5.0,3.3,50.9,100.0,3300.0,3299.0,25.3,24.4,24.7,20000.0,856.4,0,0,0.6548997899473797,True
795618,2026-08-15T03:59:34.618567+00:00,external_ems_2,bess_2,good,0.6437,warning,PCS DC voltage and BMS voltage mismatch: 5.8; PCS DC current and BMS current mismatch: 59.8,1.8,7.1,5.8,59.8,0.0,0.9,1.0,254.4,252.7,254.5,67.6,60.5,67.6,862.5,-54.8,50.34,0.0,-51.4,50.9,856.7,5.0,3.3,50.9,100.0,3300.0,3299.0,25.3,24.4,24.7,20000.0,856.4,0,0,0.6548997899473797,True
795616,2026-08-15T03:59:33.618615+00:00,external_ems_2,bess_2,good,0.6437,warning,PCS DC voltage and BMS voltage mismatch: 5.8; PCS DC current and BMS current mismatch: 59.8,1.8,7.1,5.8,59.8,0.0,0.9,1.0,254.4,252.7,254.5,67.6,60.5,67.6,862.5,-54.8,50.34,0.0,-51.4,50.9,856.7,5.0,3.3,50.9,100.0,3300.0,3299.0,25.3,24.4,24.7,20000.0,856.4,0,0,0.6548997899473797,True
795620,2026-08-15T03:59:35.618571+00:00,external_ems_2,bess_2,good,0.6437,warning,PCS DC voltage and BMS voltage mismatch: 5.8; PCS DC current and BMS current mismatch: 59.8,1.8,7.1,5.8,59.8,0.0,0.9,1.0,254.4,252.7,254.5,67.6,60.5,67.6,862.5,-54.8,50.34,0.0,-51.4,50.9,856.7,5.0,3.3,50.9,100.0,3300.0,3299.0,25.3,24.4,24.7,20000.0,856.4,0,0,0.6548997899473797,True
1698080,2026-08-20T09:20:05.618624+00:00,external_ems_2,bess_2,good,0.6546,warning,PCS phase voltage imbalance high: 5.9; PCS DC voltage and BMS voltage mismatch: 6.7; PCS DC current and BMS current mismatch: 61.8,5.9,2.4,6.7,61.8,0.0,1.6,3.0,222.2,217.2,223.1,12.7,13.3,10.9,872.1,6.3,49.91,0.0,2.1,85.9,878.8,-55.5,-55.0,85.9,100.0,3383.0,3380.0,26.0,24.4,24.8,20000.0,856.4,0,0,0.6548848852420988,True
624397,2026-08-14T04:12:44.628957+00:00,external_ems_1,bess_1,good,0.4003,warning,PCS phase current imbalance high: 22.3; PCS DC current and BMS current mismatch: 43.6,0.6,22.3,1.3,43.6,0.0,1.6,3.0,236.4,236.1,236.7,48.3,43.3,26.0,874.9,-7.1,50.3,0.0,-64.9,80.6,876.2,-50.7,-50.1,80.6,100.0,3388.0,3385.0,26.1,24.5,24.9,20000.0,855.9,0,0,0.6548131642513657,True
624399,2026-08-14T04:12:45.618579+00:00,external_ems_1,bess_1,good,0.4003,warning,PCS phase current imbalance high: 22.3; PCS DC current and BMS current mismatch: 43.6,0.6,22.3,1.3,43.6,0.0,1.6,3.0,236.4,236.1,236.7,48.3,43.3,26.0,874.9,-7.1,50.3,0.0,-64.9,80.6,876.2,-50.7,-50.1,80.6,100.0,3388.0,3385.0,26.1,24.5,24.9,20000.0,855.9,0,0,0.6548131642513657,True
813720,2026-08-15T06:30:25.618941+00:00,external_ems_2,bess_2,good,0.6545,warning,PCS DC voltage and BMS voltage mismatch: 6.9; PCS DC current and BMS current mismatch: 67.4,0.9,2.7,6.9,67.4,0.0,1.6,1.0,251.8,251.1,252.0,65.5,62.8,65.2,858.3,-51.0,50.39,0.0,-51.9,47.7,851.4,16.4,17.4,47.7,100.0,3285.0,3284.0,25.7,24.1,24.5,20000.0,856.4,0,0,0.654753241537303,True
