0	2026-07-25T23:49:15.0000000000	/mnt/ems-logs/backups/frdm_kinetics_running_snapshot_20260804_231509/opt/kinetics-gateway/venv/lib/python3.13/site-packages/pip/_internal/operations/__init__.py
0	2026-07-25T23:49:15.0000000000	/mnt/ems-logs/backups/frdm_kinetics_running_snapshot_20260804_231509/opt/kinetics-gateway/venv/lib/python3.13/site-packages/pip/_internal/operations/build/__init__.py
0	2026-07-25T23:49:15.0000000000	/mnt/ems-logs/backups/frdm_kinetics_running_snapshot_20260804_231509/opt/kinetics-gateway/venv/lib/python3.13/site-packages/pip/_internal/resolution/__init__.py
0	2026-07-25T23:49:15.0000000000	/mnt/ems-logs/backups/frdm_kinetics_running_snapshot_20260804_231509/opt/kinetics-gateway/venv/lib/python3.13/site-packages/pip/_internal/resolution/legacy/__init__.py
0	2026-07-25T23:49:15.0000000000	/mnt/ems-logs/backups/frdm_kinetics_running_snapshot_20260804_231509/opt/kinetics-gateway/venv/lib/python3.13/site-packages/pip/_internal/resolution/resolvelib/__init__.py
0	2026-07-25T23:49:15.0000000000	/mnt/ems-logs/backups/frdm_kinetics_running_snapshot_20260804_231509/opt/kinetics-gateway/venv/lib/python3.13/site-packages/pip/_internal/utils/__init__.py
0	2026-07-25T23:49:15.0000000000	/mnt/ems-logs/backups/frdm_kinetics_running_snapshot_20260804_231509/opt/kinetics-gateway/venv/lib/python3.13/site-packages/pip/_vendor/cachecontrol/py.typed
0	2026-07-25T23:49:15.0000000000	/mnt/ems-logs/backups/frdm_kinetics_running_snapshot_20260804_231509/opt/kinetics-gateway/venv/lib/python3.13/site-packages/pip/_vendor/certifi/py.typed
0	2026-07-25T23:49:15.0000000000	/mnt/ems-logs/backups/frdm_kinetics_running_snapshot_20260804_231509/opt/kinetics-gateway/venv/lib/python3.13/site-packages/pip/_vendor/distro/py.typed
0	2026-07-25T23:49:15.0000000000	/mnt/ems-logs/backups/frdm_kinetics_running_snapshot_20260804_231509/opt/kinetics-gateway/venv/lib/python3.13/site-packages/pip/_vendor/idna/py.typed
0	2026-07-25T23:49:15.0000000000	/mnt/ems-logs/backups/frdm_kinetics_running_snapshot_20260804_231509/opt/kinetics-gateway/venv/lib/python3.13/site-packages/pip/_vendor/packaging/py.typed
0	2026-07-25T23:49:15.0000000000	/mnt/ems-logs/backups/frdm_kinetics_running_snapshot_20260804_231509/opt/kinetics-gateway/venv/lib/python3.13/site-packages/pip/_vendor/platformdirs/py.typed
0	2026-07-25T23:49:15.0000000000	/mnt/ems-logs/backups/frdm_kinetics_running_snapshot_20260804_231509/opt/kinetics-gateway/venv/lib/python3.13/site-packages/pip/_vendor/pyproject_hooks/py.typed
0	2026-07-25T23:49:15.0000000000	/mnt/ems-logs/backups/frdm_kinetics_running_snapshot_20260804_231509/opt/kinetics-gateway/venv/lib/python3.13/site-packages/pip/_vendor/resolvelib/py.typed
0	2026-07-25T23:49:15.0000000000	/mnt/ems-logs/backups/frdm_kinetics_running_snapshot_20260804_231509/opt/kinetics-gateway/venv/lib/python3.13/site-packages/pip/_vendor/rich/py.typed
0	2026-07-25T23:49:15.0000000000	/mnt/ems-logs/backups/frdm_kinetics_running_snapshot_20260804_231509/opt/kinetics-gateway/venv/lib/python3.13/site-packages/pip/_vendor/truststore/py.typed
0	2026-07-25T23:49:15.0000000000	/mnt/ems-logs/backups/frdm_kinetics_running_snapshot_20260804_231509/opt/kinetics-gateway/venv/lib/python3.13/site-packages/pip/_vendor/urllib3/contrib/__init__.py
0	2026-07-25T23:49:21.0000000000	/mnt/ems-logs/backups/frdm_kinetics_running_snapshot_20260804_231509/opt/kinetics-gateway/venv/lib/python3.13/site-packages/pip-26.1.2.dist-info/REQUESTED
0	2026-07-25T23:53:06.0000000000	/mnt/ems-logs/backups/frdm_kinetics_running_snapshot_20260804_231509/opt/kinetics-gateway/venv/lib/python3.13/site-packages/websockets/asyncio/__init__.py
0	2026-07-25T23:53:06.0000000000	/mnt/ems-logs/backups/frdm_kinetics_running_snapshot_20260804_231509/opt/kinetics-gateway/venv/lib/python3.13/site-packages/websockets/py.typed
0	2026-07-25T23:53:06.0000000000	/mnt/ems-logs/backups/frdm_kinetics_running_snapshot_20260804_231509/opt/kinetics-gateway/venv/lib/python3.13/site-packages/websockets/sync/__init__.py
0	2026-07-25T23:53:07.0000000000	/mnt/ems-logs/backups/frdm_kinetics_running_snapshot_20260804_231509/opt/kinetics-gateway/venv/lib/python3.13/site-packages/jwt/py.typed
0	2026-07-25T23:53:07.0000000000	/mnt/ems-logs/backups/frdm_kinetics_running_snapshot_20260804_231509/opt/kinetics-gateway/venv/lib/python3.13/site-packages/uvloop/py.typed
0	2026-07-25T23:53:08.0000000000	/mnt/ems-logs/backups/frdm_kinetics_running_snapshot_20260804_231509/opt/kinetics-gateway/venv/lib/python3.13/site-packages/click/py.typed
0	2026-07-25T23:53:08.0000000000	/mnt/ems-logs/backups/frdm_kinetics_running_snapshot_20260804_231509/opt/kinetics-gateway/venv/lib/python3.13/site-packages/httptools/py.typed
0	2026-07-25T23:53:08.0000000000	/mnt/ems-logs/backups/frdm_kinetics_running_snapshot_20260804_231509/opt/kinetics-gateway/venv/lib/python3.13/site-packages/idna/py.typed
0	2026-07-25T23:53:08.0000000000	/mnt/ems-logs/backups/frdm_kinetics_running_snapshot_20260804_231509/opt/kinetics-gateway/venv/lib/python3.13/site-packages/pyjwt-2.13.0.dist-info/REQUESTED
0	2026-07-25T23:53:09.0000000000	/mnt/ems-logs/backups/frdm_kinetics_running_snapshot_20260804_231509/opt/kinetics-gateway/venv/lib/python3.13/site-packages/annotated_doc/py.typed
0	2026-07-25T23:53:09.0000000000	/mnt/ems-logs/backups/frdm_kinetics_running_snapshot_20260804_231509/opt/kinetics-gateway/venv/lib/python3.13/site-packages/annotated_types/py.typed
0	2026-07-25T23:53:09.0000000000	/mnt/ems-logs/backups/frdm_kinetics_running_snapshot_20260804_231509/opt/kinetics-gateway/venv/lib/python3.13/site-packages/pydantic_core/py.typed
0	2026-07-25T23:53:09.0000000000	/mnt/ems-logs/backups/frdm_kinetics_running_snapshot_20260804_231509/opt/kinetics-gateway/venv/lib/python3.13/site-packages/typing_inspection/__init__.py
0	2026-07-25T23:53:09.0000000000	/mnt/ems-logs/backups/frdm_kinetics_running_snapshot_20260804_231509/opt/kinetics-gateway/venv/lib/python3.13/site-packages/typing_inspection/py.typed
0	2026-07-25T23:53:09.0000000000	/mnt/ems-logs/backups/frdm_kinetics_running_snapshot_20260804_231509/opt/kinetics-gateway/venv/lib/python3.13/site-packages/uvicorn-0.51.0.dist-info/REQUESTED
0	2026-07-25T23:53:09.0000000000	/mnt/ems-logs/backups/frdm_kinetics_running_snapshot_20260804_231509/opt/kinetics-gateway/venv/lib/python3.13/site-packages/uvicorn/lifespan/__init__.py
0	2026-07-25T23:53:09.0000000000	/mnt/ems-logs/backups/frdm_kinetics_running_snapshot_20260804_231509/opt/kinetics-gateway/venv/lib/python3.13/site-packages/uvicorn/loops/__init__.py
0	2026-07-25T23:53:09.0000000000	/mnt/ems-logs/backups/frdm_kinetics_running_snapshot_20260804_231509/opt/kinetics-gateway/venv/lib/python3.13/site-packages/uvicorn/middleware/__init__.py
0	2026-07-25T23:53:09.0000000000	/mnt/ems-logs/backups/frdm_kinetics_running_snapshot_20260804_231509/opt/kinetics-gateway/venv/lib/python3.13/site-packages/uvicorn/protocols/__init__.py
0	2026-07-25T23:53:09.0000000000	/mnt/ems-logs/backups/frdm_kinetics_running_snapshot_20260804_231509/opt/kinetics-gateway/venv/lib/python3.13/site-packages/uvicorn/protocols/http/__init__.py
0	2026-07-25T23:53:09.0000000000	/mnt/ems-logs/backups/frdm_kinetics_running_snapshot_20260804_231509/opt/kinetics-gateway/venv/lib/python3.13/site-packages/uvicorn/protocols/websockets/__init__.py
0	2026-07-25T23:53:11.0000000000	/mnt/ems-logs/backups/frdm_kinetics_running_snapshot_20260804_231509/opt/kinetics-gateway/venv/lib/python3.13/site-packages/anyio/_backends/__init__.py
0	2026-07-25T23:53:11.0000000000	/mnt/ems-logs/backups/frdm_kinetics_running_snapshot_20260804_231509/opt/kinetics-gateway/venv/lib/python3.13/site-packages/anyio/_core/__init__.py
0	2026-07-25T23:53:11.0000000000	/mnt/ems-logs/backups/frdm_kinetics_running_snapshot_20260804_231509/opt/kinetics-gateway/venv/lib/python3.13/site-packages/anyio/py.typed
0	2026-07-25T23:53:11.0000000000	/mnt/ems-logs/backups/frdm_kinetics_running_snapshot_20260804_231509/opt/kinetics-gateway/venv/lib/python3.13/site-packages/anyio/streams/__init__.py
0	2026-07-25T23:53:11.0000000000	/mnt/ems-logs/backups/frdm_kinetics_running_snapshot_20260804_231509/opt/kinetics-gateway/venv/lib/python3.13/site-packages/openpyxl-3.1.5.dist-info/REQUESTED
0	2026-07-25T23:53:12.0000000000	/mnt/ems-logs/backups/frdm_kinetics_running_snapshot_20260804_231509/opt/kinetics-gateway/venv/lib/python3.13/site-packages/starlette/py.typed
0	2026-07-25T23:53:13.0000000000	/mnt/ems-logs/backups/frdm_kinetics_running_snapshot_20260804_231509/opt/kinetics-gateway/venv/lib/python3.13/site-packages/pydantic/_internal/__init__.py
0	2026-07-25T23:53:13.0000000000	/mnt/ems-logs/backups/frdm_kinetics_running_snapshot_20260804_231509/opt/kinetics-gateway/venv/lib/python3.13/site-packages/pydantic/deprecated/__init__.py
0	2026-07-25T23:53:13.0000000000	/mnt/ems-logs/backups/frdm_kinetics_running_snapshot_20260804_231509/opt/kinetics-gateway/venv/lib/python3.13/site-packages/pydantic/py.typed
0	2026-07-25T23:53:13.0000000000	/mnt/ems-logs/backups/frdm_kinetics_running_snapshot_20260804_231509/opt/kinetics-gateway/venv/lib/python3.13/site-packages/pydantic/v1/py.typed
0	2026-07-25T23:53:15.0000000000	/mnt/ems-logs/backups/frdm_kinetics_running_snapshot_20260804_231509/opt/kinetics-gateway/venv/lib/python3.13/site-packages/fastapi/dependencies/__init__.py
0	2026-07-25T23:53:15.0000000000	/mnt/ems-logs/backups/frdm_kinetics_running_snapshot_20260804_231509/opt/kinetics-gateway/venv/lib/python3.13/site-packages/fastapi/openapi/__init__.py
0	2026-07-25T23:53:15.0000000000	/mnt/ems-logs/backups/frdm_kinetics_running_snapshot_20260804_231509/opt/kinetics-gateway/venv/lib/python3.13/site-packages/fastapi/py.typed
0	2026-07-25T23:53:15.0000000000	/mnt/ems-logs/backups/frdm_kinetics_running_snapshot_20260804_231509/opt/kinetics-gateway/venv/lib/python3.13/site-packages/pydantic-2.13.4.dist-info/REQUESTED
0	2026-07-25T23:53:16.0000000000	/mnt/ems-logs/backups/frdm_kinetics_running_snapshot_20260804_231509/opt/kinetics-gateway/venv/lib/python3.13/site-packages/fastapi-0.140.0.dist-info/REQUESTED
0	2026-07-25T23:56:52.0000000000	/mnt/ems-logs/backups/frdm_kinetics_running_snapshot_20260804_231509/opt/kinetics-gateway/backend/app/__init__.py
0	2026-07-25T23:56:52.0000000000	/mnt/ems-logs/backups/frdm_kinetics_running_snapshot_20260804_231509/opt/kinetics-gateway/backend/app/api/__init__.py
0	2026-07-25T23:56:52.0000000000	/mnt/ems-logs/backups/frdm_kinetics_running_snapshot_20260804_231509/opt/kinetics-gateway/backend/app/assets/__init__.py
0	2026-07-25T23:56:52.0000000000	/mnt/ems-logs/backups/frdm_kinetics_running_snapshot_20260804_231509/opt/kinetics-gateway/backend/app/core/__init__.py
0	2026-07-25T23:56:52.0000000000	/mnt/ems-logs/backups/frdm_kinetics_running_snapshot_20260804_231509/opt/kinetics-gateway/backend/app/protocols/__init__.py
0	2026-07-25T23:56:52.0000000000	/mnt/ems-logs/backups/frdm_kinetics_running_snapshot_20260804_231509/opt/kinetics-gateway/backend/app/security/__init__.py
0	2026-07-25T23:56:52.0000000000	/mnt/ems-logs/backups/frdm_kinetics_running_snapshot_20260804_231509/opt/kinetics-gateway/backend/app/services/__init__.py
0	2026-07-25T23:56:52.0000000000	/mnt/ems-logs/backups/frdm_kinetics_running_snapshot_20260804_231509/opt/kinetics-gateway/backend/app/storage/__init__.py
0	2026-07-25T23:56:52.0000000000	/mnt/ems-logs/backups/frdm_kinetics_running_snapshot_20260804_231509/opt/kinetics-gateway/staging/v3_0_0_20260731T161022Z/backend/app/__init__.py
0	2026-07-25T23:56:52.0000000000	/mnt/ems-logs/backups/frdm_kinetics_running_snapshot_20260804_231509/opt/kinetics-gateway/staging/v3_0_0_20260731T161022Z/backend/app/api/__init__.py
0	2026-07-25T23:56:52.0000000000	/mnt/ems-logs/backups/frdm_kinetics_running_snapshot_20260804_231509/opt/kinetics-gateway/staging/v3_0_0_20260731T161022Z/backend/app/assets/__init__.py
0	2026-07-25T23:56:52.0000000000	/mnt/ems-logs/backups/frdm_kinetics_running_snapshot_20260804_231509/opt/kinetics-gateway/staging/v3_0_0_20260731T161022Z/backend/app/core/__init__.py
0	2026-07-25T23:56:52.0000000000	/mnt/ems-logs/backups/frdm_kinetics_running_snapshot_20260804_231509/opt/kinetics-gateway/staging/v3_0_0_20260731T161022Z/backend/app/protocols/__init__.py
0	2026-07-25T23:56:52.0000000000	/mnt/ems-logs/backups/frdm_kinetics_running_snapshot_20260804_231509/opt/kinetics-gateway/staging/v3_0_0_20260731T161022Z/backend/app/security/__init__.py
0	2026-07-25T23:56:52.0000000000	/mnt/ems-logs/backups/frdm_kinetics_running_snapshot_20260804_231509/opt/kinetics-gateway/staging/v3_0_0_20260731T161022Z/backend/app/services/__init__.py
0	2026-07-25T23:56:52.0000000000	/mnt/ems-logs/backups/frdm_kinetics_running_snapshot_20260804_231509/opt/kinetics-gateway/staging/v3_0_0_20260731T161022Z/backend/app/storage/__init__.py
0	2026-07-26T00:10:12.0000000000	/mnt/ems-logs/backups/frdm_kinetics_running_snapshot_20260804_231509/opt/kinetics-gateway/venv/lib/python3.13/site-packages/httpcore2/_backends/__init__.py
0	2026-07-26T00:10:12.0000000000	/mnt/ems-logs/backups/frdm_kinetics_running_snapshot_20260804_231509/opt/kinetics-gateway/venv/lib/python3.13/site-packages/httpcore2/py.typed
0	2026-07-26T00:10:12.0000000000	/mnt/ems-logs/backups/frdm_kinetics_running_snapshot_20260804_231509/opt/kinetics-gateway/venv/lib/python3.13/site-packages/truststore/py.typed
0	2026-07-26T00:10:13.0000000000	/mnt/ems-logs/backups/frdm_kinetics_running_snapshot_20260804_231509/opt/kinetics-gateway/venv/lib/python3.13/site-packages/httpx2-2.9.1.dist-info/REQUESTED
0	2026-07-26T00:10:13.0000000000	/mnt/ems-logs/backups/frdm_kinetics_running_snapshot_20260804_231509/opt/kinetics-gateway/venv/lib/python3.13/site-packages/httpx2/py.typed
0	2026-07-27T09:05:59.0000000000	/mnt/ems-logs/backups/frdm_kinetics_running_snapshot_20260804_231509/opt/kinetics-gateway/venv/lib/python3.13/site-packages/pyserial-3.5.dist-info/REQUESTED
0	2026-07-27T09:05:59.0000000000	/mnt/ems-logs/backups/frdm_kinetics_running_snapshot_20260804_231509/opt/kinetics-gateway/venv/lib/python3.13/site-packages/serial/tools/__init__.py
0	2026-07-27T09:05:59.0000000000	/mnt/ems-logs/backups/frdm_kinetics_running_snapshot_20260804_231509/opt/kinetics-gateway/venv/lib/python3.13/site-packages/serial/urlhandler/__init__.py
0	2026-07-28T09:47:00.0000000000	/mnt/ems-logs/backups/frdm_kinetics_running_snapshot_20260804_231509/opt/kinetics-gateway/backend/--confirmation
0	2026-07-28T09:47:00.0000000000	/mnt/ems-logs/backups/frdm_kinetics_running_snapshot_20260804_231509/opt/kinetics-gateway/backend/--open-bms
0	2026-07-28T09:47:00.0000000000	/mnt/ems-logs/backups/frdm_kinetics_running_snapshot_20260804_231509/opt/kinetics-gateway/backend/--pair-id
0	2026-07-28T09:47:00.0000000000	/mnt/ems-logs/backups/frdm_kinetics_running_snapshot_20260804_231509/opt/kinetics-gateway/backups/v2_5_0_field_validated_control_20260728_064310/tools/control_sequence_cli.py
0	2026-07-28T09:47:00.0000000000	/mnt/ems-logs/backups/frdm_kinetics_running_snapshot_20260804_231509/opt/kinetics-gateway/staging/v3_0_0_20260731T161022Z/backend/--confirmation
0	2026-07-28T09:47:00.0000000000	/mnt/ems-logs/backups/frdm_kinetics_running_snapshot_20260804_231509/opt/kinetics-gateway/staging/v3_0_0_20260731T161022Z/backend/--open-bms
0	2026-07-28T09:47:00.0000000000	/mnt/ems-logs/backups/frdm_kinetics_running_snapshot_20260804_231509/opt/kinetics-gateway/staging/v3_0_0_20260731T161022Z/backend/--pair-id
0	2026-07-28T10:23:28.0000000000	/mnt/ems-logs/backups/frdm_kinetics_running_snapshot_20260804_231509/opt/kinetics-gateway/backend/-H
0	2026-07-28T10:23:28.0000000000	/mnt/ems-logs/backups/frdm_kinetics_running_snapshot_20260804_231509/opt/kinetics-gateway/backend/-o
0	2026-07-28T10:23:28.0000000000	/mnt/ems-logs/backups/frdm_kinetics_running_snapshot_20260804_231509/opt/kinetics-gateway/backend/curl
0	2026-07-28T10:23:28.0000000000	/mnt/ems-logs/backups/frdm_kinetics_running_snapshot_20260804_231509/opt/kinetics-gateway/staging/v3_0_0_20260731T161022Z/backend/-H
0	2026-07-28T10:23:28.0000000000	/mnt/ems-logs/backups/frdm_kinetics_running_snapshot_20260804_231509/opt/kinetics-gateway/staging/v3_0_0_20260731T161022Z/backend/-o
0	2026-07-28T10:23:28.0000000000	/mnt/ems-logs/backups/frdm_kinetics_running_snapshot_20260804_231509/opt/kinetics-gateway/staging/v3_0_0_20260731T161022Z/backend/curl
0	2026-08-01T10:06:30.0000000000	/mnt/ems-logs/backups/frdm_kinetics_running_snapshot_20260804_231509/opt/kinetics-gateway/venv/lib/python3.13/site-packages/packaging/py.typed
0	2026-08-01T10:06:30.0000000000	/mnt/ems-logs/backups/frdm_kinetics_running_snapshot_20260804_231509/opt/kinetics-gateway/venv/lib/python3.13/site-packages/pluggy/py.typed
0	2026-08-01T10:06:31.0000000000	/mnt/ems-logs/backups/frdm_kinetics_running_snapshot_20260804_231509/opt/kinetics-gateway/venv/lib/python3.13/site-packages/_pytest/_py/__init__.py
0	2026-08-01T10:06:31.0000000000	/mnt/ems-logs/backups/frdm_kinetics_running_snapshot_20260804_231509/opt/kinetics-gateway/venv/lib/python3.13/site-packages/_pytest/py.typed
0	2026-08-01T10:06:31.0000000000	/mnt/ems-logs/backups/frdm_kinetics_running_snapshot_20260804_231509/opt/kinetics-gateway/venv/lib/python3.13/site-packages/iniconfig/py.typed
0	2026-08-01T10:06:31.0000000000	/mnt/ems-logs/backups/frdm_kinetics_running_snapshot_20260804_231509/opt/kinetics-gateway/venv/lib/python3.13/site-packages/pytest/py.typed
0	2026-08-01T10:06:34.0000000000	/mnt/ems-logs/backups/frdm_kinetics_running_snapshot_20260804_231509/opt/kinetics-gateway/venv/lib/python3.13/site-packages/pytest-8.4.2.dist-info/REQUESTED
0	2026-08-04T23:15:35.7450371060	/mnt/ems-logs/backups/frdm_kinetics_running_snapshot_20260804_231509/manifests/file_inventory.tsv
1	2026-07-25T23:53:09.0000000000	/mnt/ems-logs/backups/frdm_kinetics_running_snapshot_20260804_231509/opt/kinetics-gateway/venv/lib/python3.13/site-packages/uvicorn/py.typed
10	2026-07-25T23:53:08.0000000000	/mnt/ems-logs/backups/frdm_kinetics_running_snapshot_20260804_231509/opt/kinetics-gateway/venv/lib/python3.13/site-packages/httptools-0.8.0.dist-info/top_level.txt
10	2026-08-01T10:06:31.0000000000	/mnt/ems-logs/backups/frdm_kinetics_running_snapshot_20260804_231509/opt/kinetics-gateway/venv/lib/python3.13/site-packages/iniconfig-2.3.0.dist-info/top_level.txt
10008	2026-08-01T09:57:29.0000000000	/mnt/ems-logs/backups/frdm_kinetics_running_snapshot_20260804_231509/opt/kinetics-gateway/venv/lib/python3.13/site-packages/starlette/middleware/__pycache__/errors.cpython-313.pyc
1001	2026-07-25T23:49:15.0000000000	/mnt/ems-logs/backups/frdm_kinetics_running_snapshot_20260804_231509/opt/kinetics-gateway/venv/lib/python3.13/site-packages/pip/_vendor/urllib3/util/__init__.py
10031	2026-07-25T23:49:15.0000000000	/mnt/ems-logs/backups/frdm_kinetics_running_snapshot_20260804_231509/opt/kinetics-gateway/venv/lib/python3.13/site-packages/pip/_vendor/pygments/util.py
10032	2026-08-01T10:06:21.0000000000	/mnt/ems-logs/backups/frdm_kinetics_running_snapshot_20260804_231509/opt/kinetics-gateway/venv/lib/python3.13/site-packages/pygments/lexers/algebra.py
10045	2026-08-01T10:06:21.0000000000	/mnt/ems-logs/backups/frdm_kinetics_running_snapshot_20260804_231509/opt/kinetics-gateway/venv/lib/python3.13/site-packages/pygments/lexers/teraterm.py
10046	2026-08-01T10:06:21.0000000000	/mnt/ems-logs/backups/frdm_kinetics_running_snapshot_20260804_231509/opt/kinetics-gateway/venv/lib/python3.13/site-packages/pygments/util.py
1005	2026-07-25T23:49:15.0000000000	/mnt/ems-logs/backups/frdm_kinetics_running_snapshot_20260804_231509/opt/kinetics-gateway/venv/lib/python3.13/site-packages/pip/_vendor/pygments/modeline.py
1005	2026-08-01T10:06:07.0000000000	/mnt/ems-logs/backups/frdm_kinetics_running_snapshot_20260804_231509/opt/kinetics-gateway/venv/lib/python3.13/site-packages/pip/_vendor/urllib3/util/__pycache__/__init__.cpython-313.pyc
1008	2026-08-01T10:06:21.0000000000	/mnt/ems-logs/backups/frdm_kinetics_running_snapshot_20260804_231509/opt/kinetics-gateway/venv/lib/python3.13/site-packages/pygments/modeline.py
100849	2026-07-25T23:49:15.0000000000	/mnt/ems-logs/backups/frdm_kinetics_running_snapshot_20260804_231509/opt/kinetics-gateway/venv/lib/python3.13/site-packages/pip/_vendor/rich/console.py
100908	2026-08-01T10:06:08.0000000000	/mnt/ems-logs/backups/frdm_kinetics_running_snapshot_20260804_231509/opt/kinetics-gateway/venv/lib/python3.13/site-packages/pip/_vendor/idna/__pycache__/idnadata.cpython-313.pyc
10105	2026-07-25T23:49:15.0000000000	/mnt/ems-logs/backups/frdm_kinetics_running_snapshot_20260804_231509/opt/kinetics-gateway/venv/lib/python3.13/site-packages/pip/_internal/commands/configuration.py
10111	2026-07-25T23:53:15.0000000000	/mnt/ems-logs/backups/frdm_kinetics_running_snapshot_20260804_231509/opt/kinetics-gateway/venv/lib/python3.13/site-packages/fastapi/.agents/skills/fastapi/SKILL.md
10120	2026-08-01T10:06:29.0000000000	/mnt/ems-logs/backups/frdm_kinetics_running_snapshot_20260804_231509/opt/kinetics-gateway/venv/lib/python3.13/site-packages/pygments/lexers/__pycache__/testing.cpython-313.pyc
10125	2026-08-01T10:06:26.0000000000	/mnt/ems-logs/backups/frdm_kinetics_running_snapshot_20260804_231509/opt/kinetics-gateway/venv/lib/python3.13/site-packages/pygments/lexers/__pycache__/mime.cpython-313.pyc
10135	2026-08-01T09:57:24.0000000000	/mnt/ems-logs/backups/frdm_kinetics_running_snapshot_20260804_231509/opt/kinetics-gateway/venv/lib/python3.13/site-packages/uvicorn/middleware/__pycache__/wsgi.cpython-313.pyc
10135	2026-08-01T10:06:30.0000000000	/mnt/ems-logs/backups/frdm_kinetics_running_snapshot_20260804_231509/opt/kinetics-gateway/venv/lib/python3.13/site-packages/packaging/__pycache__/_manylinux.cpython-313.pyc
10142	2026-07-25T23:49:15.0000000000	/mnt/ems-logs/backups/frdm_kinetics_running_snapshot_20260804_231509/opt/kinetics-gateway/venv/lib/python3.13/site-packages/pip-26.1.2.dist-info/licenses/src/pip/_vendor/requests/LICENSE
10142	2026-07-25T23:49:15.0000000000	/mnt/ems-logs/backups/frdm_kinetics_running_snapshot_20260804_231509/opt/kinetics-gateway/venv/lib/python3.13/site-packages/pip/_vendor/requests/LICENSE
10147	2026-08-01T10:06:00.0000000000	/mnt/ems-logs/backups/frdm_kinetics_running_snapshot_20260804_231509/opt/kinetics-gateway/venv/lib/python3.13/site-packages/pip/_vendor/packaging/__pycache__/_manylinux.cpython-313.pyc
1015	2026-07-25T23:49:15.0000000000	/mnt/ems-logs/backups/frdm_kinetics_running_snapshot_20260804_231509/opt/kinetics-gateway/venv/lib/python3.13/site-packages/pip/_internal/utils/_log.py
1015	2026-08-04T23:15:29.4969443480	/mnt/ems-logs/backups/frdm_kinetics_running_snapshot_20260804_231509/metadata/filesystem_usage.txt
10154	2026-08-01T10:06:31.0000000000	/mnt/ems-logs/backups/frdm_kinetics_running_snapshot_20260804_231509/opt/kinetics-gateway/venv/lib/python3.13/site-packages/_pytest/mark/expression.py
1016	2026-07-25T23:53:10.0000000000	/mnt/ems-logs/backups/frdm_kinetics_running_snapshot_20260804_231509/opt/kinetics-gateway/venv/lib/python3.13/site-packages/openpyxl/xml/__init__.py
1016	2026-07-25T23:53:11.0000000000	/mnt/ems-logs/backups/frdm_kinetics_running_snapshot_20260804_231509/opt/kinetics-gateway/venv/lib/python3.13/site-packages/anyio/_core/_signals.py
10169	2026-08-01T10:06:31.0000000000	/mnt/ems-logs/backups/frdm_kinetics_running_snapshot_20260804_231509/opt/kinetics-gateway/venv/lib/python3.13/site-packages/_pytest/assertion/__pycache__/__init__.cpython-313.pyc
1017	2026-07-28T15:57:23.0000000000	/mnt/ems-logs/backups/frdm_kinetics_running_snapshot_20260804_231509/opt/kinetics-gateway/backend/CHANGELOG_V2_5_1.txt
1017	2026-07-28T15:57:23.0000000000	/mnt/ems-logs/backups/frdm_kinetics_running_snapshot_20260804_231509/opt/kinetics-gateway/staging/v3_0_0_20260731T161022Z/backend/CHANGELOG_V2_5_1.txt
10170	2026-07-25T23:49:15.0000000000	/mnt/ems-logs/backups/frdm_kinetics_running_snapshot_20260804_231509/opt/kinetics-gateway/venv/lib/python3.13/site-packages/pip/_vendor/requests/auth.py
10174	2026-07-25T23:49:15.0000000000	/mnt/ems-logs/backups/frdm_kinetics_running_snapshot_20260804_231509/opt/kinetics-gateway/venv/lib/python3.13/site-packages/pip-26.1.2.dist-info/licenses/src/pip/_vendor/packaging/LICENSE.APACHE
10174	2026-07-25T23:49:15.0000000000	/mnt/ems-logs/backups/frdm_kinetics_running_snapshot_20260804_231509/opt/kinetics-gateway/venv/lib/python3.13/site-packages/pip/_vendor/packaging/LICENSE.APACHE
10174	2026-08-01T10:06:30.0000000000	/mnt/ems-logs/backups/frdm_kinetics_running_snapshot_20260804_231509/opt/kinetics-gateway/venv/lib/python3.13/site-packages/packaging-26.2.dist-info/licenses/LICENSE.APACHE
1018	2026-08-01T10:06:26.0000000000	/mnt/ems-logs/backups/frdm_kinetics_running_snapshot_20260804_231509/opt/kinetics-gateway/venv/lib/python3.13/site-packages/pygments/lexers/__pycache__/math.cpython-313.pyc
101888	2026-07-25T23:49:15.0000000000	/mnt/ems-logs/backups/frdm_kinetics_running_snapshot_20260804_231509/opt/kinetics-gateway/venv/lib/python3.13/site-packages/pip/_vendor/distlib/w64.exe
102	2026-07-25T23:49:15.0000000000	/mnt/ems-logs/backups/frdm_kinetics_running_snapshot_20260804_231509/opt/kinetics-gateway/venv/lib/python3.13/site-packages/pip/_vendor/rich/themes.py
102	2026-07-25T23:53:06.0000000000	/mnt/ems-logs/backups/frdm_kinetics_running_snapshot_20260804_231509/opt/kinetics-gateway/venv/lib/python3.13/site-packages/websockets/speedups.pyi
10209	2026-07-25T23:49:15.0000000000	/mnt/ems-logs/backups/frdm_kinetics_running_snapshot_20260804_231509/opt/kinetics-gateway/venv/lib/python3.13/site-packages/pip/_vendor/rich/_cell_widths.py
10210	2026-08-01T10:06:02.0000000000	/mnt/ems-logs/backups/frdm_kinetics_running_snapshot_20260804_231509/opt/kinetics-gateway/venv/lib/python3.13/site-packages/pip/_internal/utils/__pycache__/filesystem.cpython-313.pyc
10218	2026-07-25T23:49:15.0000000000	/mnt/ems-logs/backups/frdm_kinetics_running_snapshot_20260804_231509/opt/kinetics-gateway/venv/lib/python3.13/site-packages/pip/_vendor/packaging/dependency_groups.py
10218	2026-08-01T10:06:30.0000000000	/mnt/ems-logs/backups/frdm_kinetics_running_snapshot_20260804_231509/opt/kinetics-gateway/venv/lib/python3.13/site-packages/packaging/dependency_groups.py
1022	2026-08-01T10:02:36.0000000000	/mnt/ems-logs/backups/frdm_kinetics_running_snapshot_20260804_231509/opt/kinetics-gateway/backend/tests/__pycache__/test_control_route_compatibility.cpython-313.pyc
1023	2026-07-25T23:49:15.0000000000	/mnt/ems-logs/backups/frdm_kinetics_running_snapshot_20260804_231509/opt/kinetics-gateway/venv/lib/python3.13/site-packages/pip-26.1.2.dist-info/licenses/src/pip/_vendor/pkg_resources/LICENSE
1023	2026-07-25T23:49:15.0000000000	/mnt/ems-logs/backups/frdm_kinetics_running_snapshot_20260804_231509/opt/kinetics-gateway/venv/lib/python3.13/site-packages/pip/_vendor/pkg_resources/LICENSE
1023	2026-07-25T23:53:10.0000000000	/mnt/ems-logs/backups/frdm_kinetics_running_snapshot_20260804_231509/opt/kinetics-gateway/venv/lib/python3.13/site-packages/openpyxl/compat/singleton.py
1023	2026-08-01T10:06:25.0000000000	/mnt/ems-logs/backups/frdm_kinetics_running_snapshot_20260804_231509/opt/kinetics-gateway/venv/lib/python3.13/site-packages/pygments/lexers/__pycache__/functional.cpython-313.pyc
10234	2026-08-01T10:06:21.0000000000	/mnt/ems-logs/backups/frdm_kinetics_running_snapshot_20260804_231509/opt/kinetics-gateway/venv/lib/python3.13/site-packages/pygments/lexers/fantom.py
1024	2026-08-01T10:06:23.0000000000	/mnt/ems-logs/backups/frdm_kinetics_running_snapshot_20260804_231509/opt/kinetics-gateway/venv/lib/python3.13/site-packages/pygments/lexers/__pycache__/_luau_builtins.cpython-313.pyc
1025	2026-07-25T23:49:15.0000000000	/mnt/ems-logs/backups/frdm_kinetics_running_snapshot_20260804_231509/opt/kinetics-gateway/venv/lib/python3.13/site-packages/pip/_vendor/rich/diagnose.py
1026	2026-08-01T10:06:44.0000000000	/mnt/ems-logs/backups/frdm_kinetics_running_snapshot_20260804_231509/opt/kinetics-gateway/venv/lib/python3.13/site-packages/anyio/_core/__pycache__/_resources.cpython-313-pytest-8.4.2.pyc
10260	2026-08-01T10:06:27.0000000000	/mnt/ems-logs/backups/frdm_kinetics_running_snapshot_20260804_231509/opt/kinetics-gateway/venv/lib/python3.13/site-packages/pygments/lexers/__pycache__/praat.cpython-313.pyc
10271	2026-07-25T23:53:09.0000000000	/mnt/ems-logs/backups/frdm_kinetics_running_snapshot_20260804_231509/opt/kinetics-gateway/venv/lib/python3.13/site-packages/uvicorn/supervisors/multiprocess.py
10281	2026-07-25T23:53:13.0000000000	/mnt/ems-logs/backups/frdm_kinetics_running_snapshot_20260804_231509/opt/kinetics-gateway/venv/lib/python3.13/site-packages/pydantic/deprecated/class_validators.py
10283	2026-07-25T23:53:10.0000000000	/mnt/ems-logs/backups/frdm_kinetics_running_snapshot_20260804_231509/opt/kinetics-gateway/venv/lib/python3.13/site-packages/openpyxl/worksheet/_writer.py
1030	2026-07-25T23:49:15.0000000000	/mnt/ems-logs/backups/frdm_kinetics_running_snapshot_20260804_231509/opt/kinetics-gateway/venv/lib/python3.13/site-packages/pip/_internal/models/index.py
10314	2026-08-04T23:15:26.0888937510	/mnt/ems-logs/backups/frdm_kinetics_running_snapshot_20260804_231509/systemd/bess-seven-day-v302.service.properties.txt
10320	2026-07-25T23:53:10.0000000000	/mnt/ems-logs/backups/frdm_kinetics_running_snapshot_20260804_231509/opt/kinetics-gateway/venv/lib/python3.13/site-packages/openpyxl/writer/theme.py
10324	2026-07-25T23:49:15.0000000000	/mnt/ems-logs/backups/frdm_kinetics_running_snapshot_20260804_231509/opt/kinetics-gateway/venv/lib/python3.13/site-packages/pip/_vendor/rich/align.py
10326	2026-07-25T23:53:12.0000000000	/mnt/ems-logs/backups/frdm_kinetics_running_snapshot_20260804_231509/opt/kinetics-gateway/venv/lib/python3.13/site-packages/starlette/middleware/base.py
10339	2026-07-25T23:53:13.0000000000	/mnt/ems-logs/backups/frdm_kinetics_running_snapshot_20260804_231509/opt/kinetics-gateway/venv/lib/python3.13/site-packages/pydantic/v1/decorator.py
10345	2026-07-25T23:49:15.0000000000	/mnt/ems-logs/backups/frdm_kinetics_running_snapshot_20260804_231509/opt/kinetics-gateway/venv/lib/python3.13/site-packages/pip/_internal/cache.py
10355	2026-08-01T09:57:28.0000000000	/mnt/ems-logs/backups/frdm_kinetics_running_snapshot_20260804_231509/opt/kinetics-gateway/venv/lib/python3.13/site-packages/fastapi/security/__pycache__/api_key.cpython-313.pyc
10362	2026-07-25T23:49:15.0000000000	/mnt/ems-logs/backups/frdm_kinetics_running_snapshot_20260804_231509/opt/kinetics-gateway/venv/lib/python3.13/site-packages/pip/_vendor/platformdirs/windows.py
10363	2026-07-25T23:49:15.0000000000	/mnt/ems-logs/backups/frdm_kinetics_running_snapshot_20260804_231509/opt/kinetics-gateway/venv/lib/python3.13/site-packages/pip/_vendor/urllib3/util/timeout.py
10385	2026-08-01T10:06:21.0000000000	/mnt/ems-logs/backups/frdm_kinetics_running_snapshot_20260804_231509/opt/kinetics-gateway/venv/lib/python3.13/site-packages/pygments/lexers/fortran.py
10389	2026-08-01T10:06:34.0000000000	/mnt/ems-logs/backups/frdm_kinetics_running_snapshot_20260804_231509/opt/kinetics-gateway/venv/lib/python3.13/site-packages/pytest-8.4.2.dist-info/RECORD
1039	2026-07-25T23:53:13.0000000000	/mnt/ems-logs/backups/frdm_kinetics_running_snapshot_20260804_231509/opt/kinetics-gateway/venv/lib/python3.13/site-packages/pydantic/v1/version.py
104	2026-07-25T23:53:13.0000000000	/mnt/ems-logs/backups/frdm_kinetics_running_snapshot_20260804_231509/opt/kinetics-gateway/venv/lib/python3.13/site-packages/pydantic/experimental/__init__.py
10404	2026-08-03T20:04:57.0000000000	/mnt/ems-logs/backups/frdm_kinetics_running_snapshot_20260804_231509/opt/kinetics-gateway/venv/lib/python3.13/site-packages/pip/_internal/operations/__pycache__/freeze.cpython-313.pyc
1041	2026-07-25T23:53:12.0000000000	/mnt/ems-logs/backups/frdm_kinetics_running_snapshot_20260804_231509/opt/kinetics-gateway/venv/lib/python3.13/site-packages/starlette/types.py
10412	2026-07-25T23:53:08.0000000000	/mnt/ems-logs/backups/frdm_kinetics_running_snapshot_20260804_231509/opt/kinetics-gateway/venv/lib/python3.13/site-packages/h11/_headers.py
10412	2026-08-01T10:06:21.0000000000	/mnt/ems-logs/backups/frdm_kinetics_running_snapshot_20260804_231509/opt/kinetics-gateway/venv/lib/python3.13/site-packages/pygments/lexers/dylan.py
104400	2026-07-25T23:53:11.0000000000	/mnt/ems-logs/backups/frdm_kinetics_running_snapshot_20260804_231509/opt/kinetics-gateway/venv/lib/python3.13/site-packages/anyio/_backends/_asyncio.py
10443	2026-08-01T10:06:10.0000000000	/mnt/ems-logs/backups/frdm_kinetics_running_snapshot_20260804_231509/opt/kinetics-gateway/venv/lib/python3.13/site-packages/pip/_vendor/rich/__pycache__/progress_bar.cpython-313.pyc
10444	2026-07-25T23:53:08.0000000000	/mnt/ems-logs/backups/frdm_kinetics_running_snapshot_20260804_231509/opt/kinetics-gateway/venv/lib/python3.13/site-packages/click/formatting.py
1045	2026-07-25T23:53:10.0000000000	/mnt/ems-logs/backups/frdm_kinetics_running_snapshot_20260804_231509/opt/kinetics-gateway/venv/lib/python3.13/site-packages/openpyxl/worksheet/formula.py
1045	2026-08-01T10:06:00.0000000000	/mnt/ems-logs/backups/frdm_kinetics_running_snapshot_20260804_231509/opt/kinetics-gateway/venv/lib/python3.13/site-packages/pip/_internal/models/__pycache__/scheme.cpython-313.pyc
10458	2026-07-25T23:49:15.0000000000	/mnt/ems-logs/backups/frdm_kinetics_running_snapshot_20260804_231509/opt/kinetics-gateway/venv/lib/python3.13/site-packages/pip/_vendor/platformdirs/unix.py
10459	2026-08-01T10:06:21.0000000000	/mnt/ems-logs/backups/frdm_kinetics_running_snapshot_20260804_231509/opt/kinetics-gateway/venv/lib/python3.13/site-packages/pygments/lexers/tnt.py
1046	2026-08-01T09:57:23.0000000000	/mnt/ems-logs/backups/frdm_kinetics_running_snapshot_20260804_231509/opt/kinetics-gateway/venv/lib/python3.13/site-packages/uvicorn/middleware/__pycache__/asgi2.cpython-313.pyc
10495	2026-08-01T10:01:23.0000000000	/mnt/ems-logs/backups/frdm_kinetics_running_snapshot_20260804_231509/opt/kinetics-gateway/venv/lib/python3.13/site-packages/uvloop/__pycache__/__init__.cpython-313.pyc
10502	2026-08-01T10:06:21.0000000000	/mnt/ems-logs/backups/frdm_kinetics_running_snapshot_20260804_231509/opt/kinetics-gateway/venv/lib/python3.13/site-packages/pygments/lexers/ul4.py
10502	2026-08-01T10:06:31.0000000000	/mnt/ems-logs/backups/frdm_kinetics_running_snapshot_20260804_231509/opt/kinetics-gateway/venv/lib/python3.13/site-packages/_pytest/outcomes.py
10503	2026-08-01T10:06:21.0000000000	/mnt/ems-logs/backups/frdm_kinetics_running_snapshot_20260804_231509/opt/kinetics-gateway/venv/lib/python3.13/site-packages/pygments/lexers/esoteric.py
10504	2026-07-25T23:53:07.0000000000	/mnt/ems-logs/backups/frdm_kinetics_running_snapshot_20260804_231509/opt/kinetics-gateway/venv/lib/python3.13/site-packages/uvloop/loop.pyi
105176	2026-08-01T10:06:21.0000000000	/mnt/ems-logs/backups/frdm_kinetics_running_snapshot_20260804_231509/opt/kinetics-gateway/venv/lib/python3.13/site-packages/pygments/lexers/_cocoa_builtins.py
10519	2026-08-01T10:06:21.0000000000	/mnt/ems-logs/backups/frdm_kinetics_running_snapshot_20260804_231509/opt/kinetics-gateway/venv/lib/python3.13/site-packages/pygments/lexers/webidl.py
1054	2026-07-25T23:49:15.0000000000	/mnt/ems-logs/backups/frdm_kinetics_running_snapshot_20260804_231509/opt/kinetics-gateway/venv/lib/python3.13/site-packages/pip/_vendor/rich/color_triplet.py
10544	2026-07-25T23:49:15.0000000000	/mnt/ems-logs/backups/frdm_kinetics_running_snapshot_20260804_231509/opt/kinetics-gateway/venv/lib/python3.13/site-packages/pip/_internal/metadata/pkg_resources.py
10545	2026-08-01T09:57:25.0000000000	/mnt/ems-logs/backups/frdm_kinetics_running_snapshot_20260804_231509/opt/kinetics-gateway/venv/lib/python3.13/site-packages/fastapi/__pycache__/exceptions.cpython-313.pyc
10556	2026-08-01T10:01:22.0000000000	/mnt/ems-logs/backups/frdm_kinetics_running_snapshot_20260804_231509/opt/kinetics-gateway/venv/lib/python3.13/site-packages/pydantic/v1/__pycache__/datetime_parse.cpython-313.pyc
1056	2026-07-25T23:49:15.0000000000	/mnt/ems-logs/backups/frdm_kinetics_running_snapshot_20260804_231509/opt/kinetics-gateway/venv/lib/python3.13/site-packages/pip-26.1.2.dist-info/licenses/src/pip/_vendor/rich/LICENSE
1056	2026-07-25T23:49:15.0000000000	/mnt/ems-logs/backups/frdm_kinetics_running_snapshot_20260804_231509/opt/kinetics-gateway/venv/lib/python3.13/site-packages/pip/_vendor/rich/LICENSE
1057	2026-07-25T23:49:15.0000000000	/mnt/ems-logs/backups/frdm_kinetics_running_snapshot_20260804_231509/opt/kinetics-gateway/venv/lib/python3.13/site-packages/pip/_vendor/requests/packages.py
105961	2026-07-25T23:53:13.0000000000	/mnt/ems-logs/backups/frdm_kinetics_running_snapshot_20260804_231509/opt/kinetics-gateway/venv/lib/python3.13/site-packages/pydantic/types.py
10610	2026-08-01T10:06:27.0000000000	/mnt/ems-logs/backups/frdm_kinetics_running_snapshot_20260804_231509/opt/kinetics-gateway/venv/lib/python3.13/site-packages/pygments/lexers/__pycache__/prolog.cpython-313.pyc
10623	2026-07-27T09:05:59.0000000000	/mnt/ems-logs/backups/frdm_kinetics_running_snapshot_20260804_231509/opt/kinetics-gateway/venv/lib/python3.13/site-packages/serial/urlhandler/protocol_loop.py
10623	2026-08-01T10:06:31.0000000000	/mnt/ems-logs/backups/frdm_kinetics_running_snapshot_20260804_231509/opt/kinetics-gateway/venv/lib/python3.13/site-packages/_pytest/skipping.py
1064	2026-07-25T23:49:15.0000000000	/mnt/ems-logs/backups/frdm_kinetics_running_snapshot_20260804_231509/opt/kinetics-gateway/venv/lib/python3.13/site-packages/pip/_vendor/rich/_emoji_replace.py
10641	2026-08-01T10:06:31.0000000000	/mnt/ems-logs/backups/frdm_kinetics_running_snapshot_20260804_231509/opt/kinetics-gateway/venv/lib/python3.13/site-packages/iniconfig/__pycache__/__init__.cpython-313.pyc
10662	2026-08-01T10:06:31.0000000000	/mnt/ems-logs/backups/frdm_kinetics_running_snapshot_20260804_231509/opt/kinetics-gateway/venv/lib/python3.13/site-packages/_pytest/compat.py
10681	2026-07-25T23:53:11.0000000000	/mnt/ems-logs/backups/frdm_kinetics_running_snapshot_20260804_231509/opt/kinetics-gateway/venv/lib/python3.13/site-packages/anyio/abc/_eventloop.py
10686	2026-07-25T23:49:15.0000000000	/mnt/ems-logs/backups/frdm_kinetics_running_snapshot_20260804_231509/opt/kinetics-gateway/venv/lib/python3.13/site-packages/pip/_vendor/rich/box.py
1069	2026-07-25T23:53:08.0000000000	/mnt/ems-logs/backups/frdm_kinetics_running_snapshot_20260804_231509/opt/kinetics-gateway/venv/lib/python3.13/site-packages/httptools-0.8.0.dist-info/licenses/vendor/llhttp/LICENSE
107	2026-07-25T23:53:15.0000000000	/mnt/ems-logs/backups/frdm_kinetics_running_snapshot_20260804_231509/opt/kinetics-gateway/venv/lib/python3.13/site-packages/fastapi/middleware/wsgi.py
1071	2026-08-01T10:06:21.0000000000	/mnt/ems-logs/backups/frdm_kinetics_running_snapshot_20260804_231509/opt/kinetics-gateway/venv/lib/python3.13/site-packages/pygments/lexers/text.py
1072	2026-07-25T23:49:15.0000000000	/mnt/ems-logs/backups/frdm_kinetics_running_snapshot_20260804_231509/opt/kinetics-gateway/venv/lib/python3.13/site-packages/pip-26.1.2.dist-info/licenses/src/pip/_vendor/tomli/LICENSE
1072	2026-07-25T23:49:15.0000000000	/mnt/ems-logs/backups/frdm_kinetics_running_snapshot_20260804_231509/opt/kinetics-gateway/venv/lib/python3.13/site-packages/pip-26.1.2.dist-info/licenses/src/pip/_vendor/tomli_w/LICENSE
1072	2026-07-25T23:49:15.0000000000	/mnt/ems-logs/backups/frdm_kinetics_running_snapshot_20260804_231509/opt/kinetics-gateway/venv/lib/python3.13/site-packages/pip/_vendor/tomli/LICENSE
1072	2026-07-25T23:49:15.0000000000	/mnt/ems-logs/backups/frdm_kinetics_running_snapshot_20260804_231509/opt/kinetics-gateway/venv/lib/python3.13/site-packages/pip/_vendor/tomli_w/LICENSE
10721	2026-07-25T23:53:10.0000000000	/mnt/ems-logs/backups/frdm_kinetics_running_snapshot_20260804_231509/opt/kinetics-gateway/venv/lib/python3.13/site-packages/openpyxl/drawing/spreadsheet_drawing.py
10749	2026-08-01T10:07:22.0000000000	/mnt/ems-logs/backups/frdm_kinetics_running_snapshot_20260804_231509/opt/kinetics-gateway/venv/lib/python3.13/site-packages/httpx2/__pycache__/_content.cpython-313.pyc
1075	2026-07-25T23:53:09.0000000000	/mnt/ems-logs/backups/frdm_kinetics_running_snapshot_20260804_231509/opt/kinetics-gateway/venv/lib/python3.13/site-packages/annotated_doc/main.py
10750	2026-08-01T10:06:26.0000000000	/mnt/ems-logs/backups/frdm_kinetics_running_snapshot_20260804_231509/opt/kinetics-gateway/venv/lib/python3.13/site-packages/pygments/lexers/__pycache__/minecraft.cpython-313.pyc
1076	2026-07-25T23:53:09.0000000000	/mnt/ems-logs/backups/frdm_kinetics_running_snapshot_20260804_231509/opt/kinetics-gateway/venv/lib/python3.13/site-packages/typing_inspection-0.4.2.dist-info/RECORD
10760	2026-08-01T10:05:58.0000000000	/mnt/ems-logs/backups/frdm_kinetics_running_snapshot_20260804_231509/opt/kinetics-gateway/venv/lib/python3.13/site-packages/pip/_vendor/rich/__pycache__/control.cpython-313.pyc
10767	2026-08-04T23:15:25.9768920880	/mnt/ems-logs/backups/frdm_kinetics_running_snapshot_20260804_231509/systemd/kinetics-gateway.service.properties.txt
1077	2026-07-25T23:53:08.0000000000	/mnt/ems-logs/backups/frdm_kinetics_running_snapshot_20260804_231509/opt/kinetics-gateway/venv/lib/python3.13/site-packages/httptools-0.8.0.dist-info/licenses/vendor/http-parser/LICENSE-MIT
10776	2026-07-25T23:53:11.0000000000	/mnt/ems-logs/backups/frdm_kinetics_running_snapshot_20260804_231509/opt/kinetics-gateway/venv/lib/python3.13/site-packages/anyio/streams/memory.py
1078	2026-08-01T10:06:00.0000000000	/mnt/ems-logs/backups/frdm_kinetics_running_snapshot_20260804_231509/opt/kinetics-gateway/venv/lib/python3.13/site-packages/pip/_vendor/pyproject_hooks/_in_process/__pycache__/__init__.cpython-313.pyc
10798	2026-08-01T10:06:22.0000000000	/mnt/ems-logs/backups/frdm_kinetics_running_snapshot_20260804_231509/opt/kinetics-gateway/venv/lib/python3.13/site-packages/pygments/lexers/__pycache__/_googlesql_builtins.cpython-313.pyc
1080	2026-07-25T23:53:09.0000000000	/mnt/ems-logs/backups/frdm_kinetics_running_snapshot_20260804_231509/opt/kinetics-gateway/venv/lib/python3.13/site-packages/pydantic_core-2.46.4.dist-info/licenses/LICENSE
108032	2026-07-25T23:49:15.0000000000	/mnt/ems-logs/backups/frdm_kinetics_running_snapshot_20260804_231509/opt/kinetics-gateway/venv/lib/python3.13/site-packages/pip/_vendor/distlib/t64.exe
108054	2026-08-01T10:06:21.0000000000	/mnt/ems-logs/backups/frdm_kinetics_running_snapshot_20260804_231509/opt/kinetics-gateway/venv/lib/python3.13/site-packages/pygments/lexers/_php_builtins.py
1081	2026-07-25T23:49:15.0000000000	/mnt/ems-logs/backups/frdm_kinetics_running_snapshot_20260804_231509/opt/kinetics-gateway/venv/lib/python3.13/site-packages/pip-26.1.2.dist-info/licenses/src/pip/_vendor/pyproject_hooks/LICENSE
1081	2026-07-25T23:49:15.0000000000	/mnt/ems-logs/backups/frdm_kinetics_running_snapshot_20260804_231509/opt/kinetics-gateway/venv/lib/python3.13/site-packages/pip/_vendor/msgpack/exceptions.py
1081	2026-07-25T23:49:15.0000000000	/mnt/ems-logs/backups/frdm_kinetics_running_snapshot_20260804_231509/opt/kinetics-gateway/venv/lib/python3.13/site-packages/pip/_vendor/pyproject_hooks/LICENSE
1081	2026-07-25T23:53:11.0000000000	/mnt/ems-logs/backups/frdm_kinetics_running_snapshot_20260804_231509/opt/kinetics-gateway/venv/lib/python3.13/site-packages/anyio-4.14.2.dist-info/licenses/LICENSE
1081	2026-07-25T23:53:15.0000000000	/mnt/ems-logs/backups/frdm_kinetics_running_snapshot_20260804_231509/opt/kinetics-gateway/venv/lib/python3.13/site-packages/fastapi/__init__.py
10812	2026-08-01T10:06:21.0000000000	/mnt/ems-logs/backups/frdm_kinetics_running_snapshot_20260804_231509/opt/kinetics-gateway/venv/lib/python3.13/site-packages/pygments/lexers/tact.py
10813	2026-08-01T10:06:21.0000000000	/mnt/ems-logs/backups/frdm_kinetics_running_snapshot_20260804_231509/opt/kinetics-gateway/venv/lib/python3.13/site-packages/pygments/lexers/testing.py
10820	2026-07-25T23:49:15.0000000000	/mnt/ems-logs/backups/frdm_kinetics_running_snapshot_20260804_231509/opt/kinetics-gateway/venv/lib/python3.13/site-packages/pip/_vendor/distlib/resources.py
10829	2026-07-25T23:49:15.0000000000	/mnt/ems-logs/backups/frdm_kinetics_running_snapshot_20260804_231509/opt/kinetics-gateway/venv/lib/python3.13/site-packages/pip/_vendor/urllib3/fields.py
1083	2026-07-25T23:53:09.0000000000	/mnt/ems-logs/backups/frdm_kinetics_running_snapshot_20260804_231509/opt/kinetics-gateway/venv/lib/python3.13/site-packages/annotated_types-0.8.0.dist-info/licenses/LICENSE
10834	2026-08-01T10:06:30.0000000000	/mnt/ems-logs/backups/frdm_kinetics_running_snapshot_20260804_231509/opt/kinetics-gateway/venv/lib/python3.13/site-packages/pygments/lexers/__pycache__/wgsl.cpython-313.pyc
10845	2026-07-25T23:53:13.0000000000	/mnt/ems-logs/backups/frdm_kinetics_running_snapshot_20260804_231509/opt/kinetics-gateway/venv/lib/python3.13/site-packages/pydantic/deprecated/decorator.py
1085	2026-07-25T23:53:07.0000000000	/mnt/ems-logs/backups/frdm_kinetics_running_snapshot_20260804_231509/opt/kinetics-gateway/venv/lib/python3.13/site-packages/pyjwt-2.13.0.dist-info/licenses/LICENSE
10850	2026-08-01T10:06:31.0000000000	/mnt/ems-logs/backups/frdm_kinetics_running_snapshot_20260804_231509/opt/kinetics-gateway/venv/lib/python3.13/site-packages/packaging/__pycache__/utils.cpython-313.pyc
1086	2026-07-25T23:49:15.0000000000	/mnt/ems-logs/backups/frdm_kinetics_running_snapshot_20260804_231509/opt/kinetics-gateway/venv/lib/python3.13/site-packages/pip-26.1.2.dist-info/licenses/src/pip/_vendor/truststore/LICENSE
1086	2026-07-25T23:49:15.0000000000	/mnt/ems-logs/backups/frdm_kinetics_running_snapshot_20260804_231509/opt/kinetics-gateway/venv/lib/python3.13/site-packages/pip/_vendor/truststore/LICENSE
1086	2026-07-25T23:53:09.0000000000	/mnt/ems-logs/backups/frdm_kinetics_running_snapshot_20260804_231509/opt/kinetics-gateway/venv/lib/python3.13/site-packages/annotated_doc-0.0.4.dist-info/licenses/LICENSE
1086	2026-07-25T23:53:15.0000000000	/mnt/ems-logs/backups/frdm_kinetics_running_snapshot_20260804_231509/opt/kinetics-gateway/venv/lib/python3.13/site-packages/fastapi-0.140.0.dist-info/licenses/LICENSE
1086	2026-07-26T00:10:12.0000000000	/mnt/ems-logs/backups/frdm_kinetics_running_snapshot_20260804_231509/opt/kinetics-gateway/venv/lib/python3.13/site-packages/truststore-0.10.4.dist-info/licenses/LICENSE
10862	2026-08-01T10:06:00.0000000000	/mnt/ems-logs/backups/frdm_kinetics_running_snapshot_20260804_231509/opt/kinetics-gateway/venv/lib/python3.13/site-packages/pip/_vendor/packaging/__pycache__/utils.cpython-313.pyc
10865	2026-07-26T00:10:13.0000000000	/mnt/ems-logs/backups/frdm_kinetics_running_snapshot_20260804_231509/opt/kinetics-gateway/venv/lib/python3.13/site-packages/httpx2/websockets/_transport.py
1087	2026-08-01T09:57:25.0000000000	/mnt/ems-logs/backups/frdm_kinetics_running_snapshot_20260804_231509/opt/kinetics-gateway/venv/lib/python3.13/site-packages/fastapi/__pycache__/__init__.cpython-313.pyc
1087	2026-08-01T10:06:31.0000000000	/mnt/ems-logs/backups/frdm_kinetics_running_snapshot_20260804_231509/opt/kinetics-gateway/venv/lib/python3.13/site-packages/iniconfig-2.3.0.dist-info/RECORD
10873	2026-08-01T10:06:21.0000000000	/mnt/ems-logs/backups/frdm_kinetics_running_snapshot_20260804_231509/opt/kinetics-gateway/venv/lib/python3.13/site-packages/pygments-2.20.0.dist-info/licenses/AUTHORS
1088	2026-08-01T10:06:08.0000000000	/mnt/ems-logs/backups/frdm_kinetics_running_snapshot_20260804_231509/opt/kinetics-gateway/venv/lib/python3.13/site-packages/pip/_vendor/requests/__pycache__/hooks.cpython-313.pyc
1089	2026-07-25T23:49:15.0000000000	/mnt/ems-logs/backups/frdm_kinetics_running_snapshot_20260804_231509/opt/kinetics-gateway/venv/lib/python3.13/site-packages/pip-26.1.2.dist-info/licenses/src/pip/_vendor/platformdirs/LICENSE
1089	2026-07-25T23:49:15.0000000000	/mnt/ems-logs/backups/frdm_kinetics_running_snapshot_20260804_231509/opt/kinetics-gateway/venv/lib/python3.13/site-packages/pip/_vendor/platformdirs/LICENSE
109	2026-07-25T23:53:15.0000000000	/mnt/ems-logs/backups/frdm_kinetics_running_snapshot_20260804_231509/opt/kinetics-gateway/venv/lib/python3.13/site-packages/fastapi/middleware/trustedhost.py
1090	2026-07-25T23:53:09.0000000000	/mnt/ems-logs/backups/frdm_kinetics_running_snapshot_20260804_231509/opt/kinetics-gateway/venv/lib/python3.13/site-packages/typing_inspection-0.4.2.dist-info/licenses/LICENSE
1091	2026-07-25T23:53:12.0000000000	/mnt/ems-logs/backups/frdm_kinetics_running_snapshot_20260804_231509/opt/kinetics-gateway/venv/lib/python3.13/site-packages/watchfiles-1.2.0.dist-info/licenses/LICENSE
1091	2026-08-01T10:06:31.0000000000	/mnt/ems-logs/backups/frdm_kinetics_running_snapshot_20260804_231509/opt/kinetics-gateway/venv/lib/python3.13/site-packages/pytest-8.4.2.dist-info/licenses/LICENSE
10917	2026-07-25T23:49:15.0000000000	/mnt/ems-logs/backups/frdm_kinetics_running_snapshot_20260804_231509/opt/kinetics-gateway/venv/lib/python3.13/site-packages/pip/_vendor/packaging/direct_url.py
10917	2026-08-01T10:06:30.0000000000	/mnt/ems-logs/backups/frdm_kinetics_running_snapshot_20260804_231509/opt/kinetics-gateway/venv/lib/python3.13/site-packages/packaging/direct_url.py
1093	2026-07-25T23:49:15.0000000000	/mnt/ems-logs/backups/frdm_kinetics_running_snapshot_20260804_231509/opt/kinetics-gateway/venv/lib/python3.13/site-packages/pip-26.1.2.dist-info/licenses/LICENSE.txt
1093	2026-07-25T23:49:15.0000000000	/mnt/ems-logs/backups/frdm_kinetics_running_snapshot_20260804_231509/opt/kinetics-gateway/venv/lib/python3.13/site-packages/pip-26.1.2.dist-info/licenses/src/pip/_vendor/urllib3/LICENSE.txt
1093	2026-07-25T23:49:15.0000000000	/mnt/ems-logs/backups/frdm_kinetics_running_snapshot_20260804_231509/opt/kinetics-gateway/venv/lib/python3.13/site-packages/pip/_vendor/urllib3/LICENSE.txt
1093	2026-07-25T23:53:08.0000000000	/mnt/ems-logs/backups/frdm_kinetics_running_snapshot_20260804_231509/opt/kinetics-gateway/venv/lib/python3.13/site-packages/httptools-0.8.0.dist-info/licenses/LICENSE
1093	2026-08-01T10:06:11.0000000000	/mnt/ems-logs/backups/frdm_kinetics_running_snapshot_20260804_231509/opt/kinetics-gateway/venv/lib/python3.13/site-packages/pip/_vendor/truststore/__pycache__/_ssl_constants.cpython-313.pyc
109397	2026-07-25T23:53:13.0000000000	/mnt/ems-logs/backups/frdm_kinetics_running_snapshot_20260804_231509/opt/kinetics-gateway/venv/lib/python3.13/site-packages/pydantic-2.13.4.dist-info/METADATA
10941	2026-08-01T09:57:26.0000000000	/mnt/ems-logs/backups/frdm_kinetics_running_snapshot_20260804_231509/opt/kinetics-gateway/venv/lib/python3.13/site-packages/pydantic/_internal/__pycache__/_mock_val_ser.cpython-313.pyc
10956	2026-08-01T10:06:11.0000000000	/mnt/ems-logs/backups/frdm_kinetics_running_snapshot_20260804_231509/opt/kinetics-gateway/venv/lib/python3.13/site-packages/pip/_internal/__pycache__/wheel_builder.cpython-313.pyc
10978	2026-08-01T09:57:25.0000000000	/mnt/ems-logs/backups/frdm_kinetics_running_snapshot_20260804_231509/opt/kinetics-gateway/venv/lib/python3.13/site-packages/pydantic/__pycache__/_migration.cpython-313.pyc
1098	2026-08-01T10:06:31.0000000000	/mnt/ems-logs/backups/frdm_kinetics_running_snapshot_20260804_231509/opt/kinetics-gateway/venv/lib/python3.13/site-packages/iniconfig-2.3.0.dist-info/licenses/LICENSE
11	2026-07-25T23:53:06.0000000000	/mnt/ems-logs/backups/frdm_kinetics_running_snapshot_20260804_231509/opt/kinetics-gateway/venv/lib/python3.13/site-packages/websockets-16.1.1.dist-info/top_level.txt
11	2026-07-25T23:53:07.0000000000	/mnt/ems-logs/backups/frdm_kinetics_running_snapshot_20260804_231509/opt/kinetics-gateway/venv/lib/python3.13/site-packages/pyyaml-6.0.3.dist-info/top_level.txt
11	2026-07-25T23:53:08.0000000000	/mnt/ems-logs/backups/frdm_kinetics_running_snapshot_20260804_231509/opt/kinetics-gateway/venv/lib/python3.13/site-packages/et_xmlfile-2.0.0.dist-info/top_level.txt
110	2026-07-25T23:53:10.0000000000	/mnt/ems-logs/backups/frdm_kinetics_running_snapshot_20260804_231509/opt/kinetics-gateway/venv/lib/python3.13/site-packages/openpyxl-3.1.5.dist-info/WHEEL
110	2026-07-27T09:05:59.0000000000	/mnt/ems-logs/backups/frdm_kinetics_running_snapshot_20260804_231509/opt/kinetics-gateway/venv/lib/python3.13/site-packages/pyserial-3.5.dist-info/WHEEL
1101	2026-07-25T23:53:07.0000000000	/mnt/ems-logs/backups/frdm_kinetics_running_snapshot_20260804_231509/opt/kinetics-gateway/venv/lib/python3.13/site-packages/pyyaml-6.0.3.dist-info/licenses/LICENSE
1102	2026-07-25T23:53:08.0000000000	/mnt/ems-logs/backups/frdm_kinetics_running_snapshot_20260804_231509/opt/kinetics-gateway/venv/lib/python3.13/site-packages/et_xmlfile-2.0.0.dist-info/RECORD
1103	2026-07-25T23:53:10.0000000000	/mnt/ems-logs/backups/frdm_kinetics_running_snapshot_20260804_231509/opt/kinetics-gateway/venv/lib/python3.13/site-packages/openpyxl/worksheet/hyperlink.py
1103	2026-07-25T23:56:52.0000000000	/mnt/ems-logs/backups/frdm_kinetics_running_snapshot_20260804_231509/opt/kinetics-gateway/staging/v3_0_0_20260731T161022Z/backend/.pytest_cache/v/cache/nodeids
11041	2026-08-01T10:06:25.0000000000	/mnt/ems-logs/backups/frdm_kinetics_running_snapshot_20260804_231509/opt/kinetics-gateway/venv/lib/python3.13/site-packages/pygments/lexers/__pycache__/julia.cpython-313.pyc
1105	2026-07-25T23:53:07.0000000000	/mnt/ems-logs/backups/frdm_kinetics_running_snapshot_20260804_231509/opt/kinetics-gateway/venv/lib/python3.13/site-packages/uvloop-0.22.1.dist-info/licenses/LICENSE-MIT
1106	2026-08-01T10:06:30.0000000000	/mnt/ems-logs/backups/frdm_kinetics_running_snapshot_20260804_231509/opt/kinetics-gateway/venv/lib/python3.13/site-packages/pygments/styles/__pycache__/abap.cpython-313.pyc
1107	2026-07-25T23:53:06.0000000000	/mnt/ems-logs/backups/frdm_kinetics_running_snapshot_20260804_231509/opt/kinetics-gateway/venv/lib/python3.13/site-packages/websockets/sync/utils.py
1108	2026-07-25T23:49:15.0000000000	/mnt/ems-logs/backups/frdm_kinetics_running_snapshot_20260804_231509/opt/kinetics-gateway/venv/lib/python3.13/site-packages/pip/_internal/commands/help.py
1108840	2026-07-25T23:53:12.0000000000	/mnt/ems-logs/backups/frdm_kinetics_running_snapshot_20260804_231509/opt/kinetics-gateway/venv/lib/python3.13/site-packages/watchfiles/_rust_notify.cpython-313-aarch64-linux-gnu.so
1109	2026-07-25T23:49:15.0000000000	/mnt/ems-logs/backups/frdm_kinetics_running_snapshot_20260804_231509/opt/kinetics-gateway/venv/lib/python3.13/site-packages/pip/_vendor/msgpack/__init__.py
1109	2026-07-25T23:49:15.0000000000	/mnt/ems-logs/backups/frdm_kinetics_running_snapshot_20260804_231509/opt/kinetics-gateway/venv/lib/python3.13/site-packages/pip/_vendor/packaging/_structures.py
1109	2026-08-01T10:06:30.0000000000	/mnt/ems-logs/backups/frdm_kinetics_running_snapshot_20260804_231509/opt/kinetics-gateway/venv/lib/python3.13/site-packages/packaging/_structures.py
1110	2026-08-01T10:06:30.0000000000	/mnt/ems-logs/backups/frdm_kinetics_running_snapshot_20260804_231509/opt/kinetics-gateway/venv/lib/python3.13/site-packages/pluggy-1.6.0.dist-info/licenses/LICENSE
11100	2026-08-01T10:06:30.0000000000	/mnt/ems-logs/backups/frdm_kinetics_running_snapshot_20260804_231509/opt/kinetics-gateway/venv/lib/python3.13/site-packages/packaging/__pycache__/dependency_groups.cpython-313.pyc
11112	2026-08-01T10:06:11.0000000000	/mnt/ems-logs/backups/frdm_kinetics_running_snapshot_20260804_231509/opt/kinetics-gateway/venv/lib/python3.13/site-packages/pip/_vendor/packaging/__pycache__/dependency_groups.cpython-313.pyc
11129	2026-07-25T23:53:06.0000000000	/mnt/ems-logs/backups/frdm_kinetics_running_snapshot_20260804_231509/opt/kinetics-gateway/venv/lib/python3.13/site-packages/websockets/asyncio/messages.py
1113	2026-07-25T23:53:10.0000000000	/mnt/ems-logs/backups/frdm_kinetics_running_snapshot_20260804_231509/opt/kinetics-gateway/venv/lib/python3.13/site-packages/openpyxl/reader/strings.py
11138	2026-07-27T09:05:59.0000000000	/mnt/ems-logs/backups/frdm_kinetics_running_snapshot_20260804_231509/opt/kinetics-gateway/venv/lib/python3.13/site-packages/serial/win32.py
11157	2026-07-25T23:49:15.0000000000	/mnt/ems-logs/backups/frdm_kinetics_running_snapshot_20260804_231509/opt/kinetics-gateway/venv/lib/python3.13/site-packages/pip/_vendor/rich/panel.py
11159	2026-08-01T10:06:24.0000000000	/mnt/ems-logs/backups/frdm_kinetics_running_snapshot_20260804_231509/opt/kinetics-gateway/venv/lib/python3.13/site-packages/pygments/lexers/__pycache__/actionscript.cpython-313.pyc
11178	2026-07-27T09:05:59.0000000000	/mnt/ems-logs/backups/frdm_kinetics_running_snapshot_20260804_231509/opt/kinetics-gateway/venv/lib/python3.13/site-packages/serial/tools/list_ports_osx.py
112	2026-07-27T09:05:59.0000000000	/mnt/ems-logs/backups/frdm_kinetics_running_snapshot_20260804_231509/opt/kinetics-gateway/venv/lib/python3.13/site-packages/pyserial-3.5.dist-info/entry_points.txt
1121	2026-08-01T10:06:30.0000000000	/mnt/ems-logs/backups/frdm_kinetics_running_snapshot_20260804_231509/opt/kinetics-gateway/venv/lib/python3.13/site-packages/pygments/styles/__pycache__/staroffice.cpython-313.pyc
1122	2026-07-25T23:53:12.0000000000	/mnt/ems-logs/backups/frdm_kinetics_running_snapshot_20260804_231509/opt/kinetics-gateway/venv/lib/python3.13/site-packages/starlette/background.py
11225	2026-08-01T10:06:31.0000000000	/mnt/ems-logs/backups/frdm_kinetics_running_snapshot_20260804_231509/opt/kinetics-gateway/venv/lib/python3.13/site-packages/_pytest/_io/__pycache__/terminalwriter.cpython-313.pyc
1123	2026-07-31T15:20:11.0000000000	/mnt/ems-logs/backups/frdm_kinetics_running_snapshot_20260804_231509/opt/kinetics-gateway/staging/v3_0_0_20260731T161022Z/backend/FIELD_VALIDATION_V3_0_0.md
1123	2026-07-31T21:44:51.0000000000	/mnt/ems-logs/backups/frdm_kinetics_running_snapshot_20260804_231509/opt/kinetics-gateway/backups/v3_0_0_incremental_before_20260731T161610Z/FIELD_VALIDATION_V3_0_0.md
1123	2026-07-31T21:46:10.0000000000	/mnt/ems-logs/backups/frdm_kinetics_running_snapshot_20260804_231509/opt/kinetics-gateway/backend/FIELD_VALIDATION_V3_0_0.md
1124	2026-07-25T23:53:08.0000000000	/mnt/ems-logs/backups/frdm_kinetics_running_snapshot_20260804_231509/opt/kinetics-gateway/venv/lib/python3.13/site-packages/h11-0.16.0.dist-info/licenses/LICENSE.txt
1124	2026-08-01T10:06:01.0000000000	/mnt/ems-logs/backups/frdm_kinetics_running_snapshot_20260804_231509/opt/kinetics-gateway/venv/lib/python3.13/site-packages/pip/_internal/utils/__pycache__/filetypes.cpython-313.pyc
1126	2026-08-01T09:57:23.0000000000	/mnt/ems-logs/backups/frdm_kinetics_running_snapshot_20260804_231509/opt/kinetics-gateway/venv/lib/python3.13/site-packages/uvicorn/__pycache__/_ansi.cpython-313.pyc
11263	2026-08-01T10:06:31.0000000000	/mnt/ems-logs/backups/frdm_kinetics_running_snapshot_20260804_231509/opt/kinetics-gateway/venv/lib/python3.13/site-packages/_pytest/tmpdir.py
11269	2026-08-01T10:06:24.0000000000	/mnt/ems-logs/backups/frdm_kinetics_running_snapshot_20260804_231509/opt/kinetics-gateway/venv/lib/python3.13/site-packages/pygments/lexers/__pycache__/algebra.cpython-313.pyc
1128	2026-07-25T23:53:09.0000000000	/mnt/ems-logs/backups/frdm_kinetics_running_snapshot_20260804_231509/opt/kinetics-gateway/venv/lib/python3.13/site-packages/pydantic_core-2.46.4.dist-info/RECORD
1128	2026-07-25T23:53:09.0000000000	/mnt/ems-logs/backups/frdm_kinetics_running_snapshot_20260804_231509/opt/kinetics-gateway/venv/lib/python3.13/site-packages/uvicorn/importer.py
1129	2026-07-25T23:53:13.0000000000	/mnt/ems-logs/backups/frdm_kinetics_running_snapshot_20260804_231509/opt/kinetics-gateway/venv/lib/python3.13/site-packages/pydantic-2.13.4.dist-info/licenses/LICENSE
113	2011-04-06T04:30:00.0000000000	/mnt/ems-logs/backups/frdm_kinetics_running_snapshot_20260804_231509/etc/wpa_supplicant.conf
1130	2026-07-25T23:49:15.0000000000	/mnt/ems-logs/backups/frdm_kinetics_running_snapshot_20260804_231509/opt/kinetics-gateway/venv/lib/python3.13/site-packages/pip/_vendor/truststore/_ssl_constants.py
1130	2026-07-26T00:10:12.0000000000	/mnt/ems-logs/backups/frdm_kinetics_running_snapshot_20260804_231509/opt/kinetics-gateway/venv/lib/python3.13/site-packages/truststore/_ssl_constants.py
1130	2026-08-01T10:06:21.0000000000	/mnt/ems-logs/backups/frdm_kinetics_running_snapshot_20260804_231509/opt/kinetics-gateway/venv/lib/python3.13/site-packages/pygments/lexers/rita.py
1131	2026-07-25T23:53:08.0000000000	/mnt/ems-logs/backups/frdm_kinetics_running_snapshot_20260804_231509/opt/kinetics-gateway/venv/lib/python3.13/site-packages/et_xmlfile-2.0.0.dist-info/LICENCE.rst
1131	2026-07-25T23:53:10.0000000000	/mnt/ems-logs/backups/frdm_kinetics_running_snapshot_20260804_231509/opt/kinetics-gateway/venv/lib/python3.13/site-packages/openpyxl-3.1.5.dist-info/LICENCE.rst
11315	2026-08-01T10:06:07.0000000000	/mnt/ems-logs/backups/frdm_kinetics_running_snapshot_20260804_231509/opt/kinetics-gateway/venv/lib/python3.13/site-packages/pip/_vendor/urllib3/util/__pycache__/timeout.cpython-313.pyc
11323	2026-08-01T10:06:01.0000000000	/mnt/ems-logs/backups/frdm_kinetics_running_snapshot_20260804_231509/opt/kinetics-gateway/venv/lib/python3.13/site-packages/pip/_internal/utils/__pycache__/pylock.cpython-313.pyc
11325	2026-07-25T23:49:15.0000000000	/mnt/ems-logs/backups/frdm_kinetics_running_snapshot_20260804_231509/opt/kinetics-gateway/venv/lib/python3.13/site-packages/pip-26.1.2.dist-info/licenses/src/pip/_vendor/distro/LICENSE
11325	2026-07-25T23:49:15.0000000000	/mnt/ems-logs/backups/frdm_kinetics_running_snapshot_20260804_231509/opt/kinetics-gateway/venv/lib/python3.13/site-packages/pip/_vendor/distro/LICENSE
11329	2026-08-01T10:06:23.0000000000	/mnt/ems-logs/backups/frdm_kinetics_running_snapshot_20260804_231509/opt/kinetics-gateway/venv/lib/python3.13/site-packages/pygments/lexers/__pycache__/_postgres_builtins.cpython-313.pyc
1133	2026-08-01T10:06:21.0000000000	/mnt/ems-logs/backups/frdm_kinetics_running_snapshot_20260804_231509/opt/kinetics-gateway/venv/lib/python3.13/site-packages/pygments/styles/vs.py
11351	2026-07-26T00:10:12.0000000000	/mnt/ems-logs/backups/frdm_kinetics_running_snapshot_20260804_231509/opt/kinetics-gateway/venv/lib/python3.13/site-packages/truststore/_api.py
1136	2026-07-25T23:49:15.0000000000	/mnt/ems-logs/backups/frdm_kinetics_running_snapshot_20260804_231509/opt/kinetics-gateway/venv/lib/python3.13/site-packages/pip/_internal/operations/build/wheel.py
11383	2026-07-27T13:11:04.0000000000	/mnt/ems-logs/backups/frdm_kinetics_running_snapshot_20260804_231509/opt/kinetics-gateway/backend/app/assets/bms_driver.py.before_fc16_fallback_20260728_082313
11383	2026-07-27T13:11:04.0000000000	/mnt/ems-logs/backups/frdm_kinetics_running_snapshot_20260804_231509/opt/kinetics-gateway/staging/v3_0_0_20260731T161022Z/backend/app/assets/bms_driver.py.before_fc16_fallback_20260728_082313
11408	2026-08-01T10:06:21.0000000000	/mnt/ems-logs/backups/frdm_kinetics_running_snapshot_20260804_231509/opt/kinetics-gateway/venv/lib/python3.13/site-packages/pygments/lexers/kuin.py
11413	2026-07-25T23:49:15.0000000000	/mnt/ems-logs/backups/frdm_kinetics_running_snapshot_20260804_231509/opt/kinetics-gateway/venv/lib/python3.13/site-packages/pip/_vendor/truststore/_api.py
11417	2026-08-01T10:06:21.0000000000	/mnt/ems-logs/backups/frdm_kinetics_running_snapshot_20260804_231509/opt/kinetics-gateway/venv/lib/python3.13/site-packages/pygments/lexers/arturo.py
114217	2026-08-01T10:05:58.0000000000	/mnt/ems-logs/backups/frdm_kinetics_running_snapshot_20260804_231509/opt/kinetics-gateway/venv/lib/python3.13/site-packages/pip/_vendor/rich/__pycache__/console.cpython-313.pyc
1143	2026-07-26T00:10:12.0000000000	/mnt/ems-logs/backups/frdm_kinetics_running_snapshot_20260804_231509/opt/kinetics-gateway/venv/lib/python3.13/site-packages/httpcore2/_sync/__init__.py
1143	2026-08-01T10:06:30.0000000000	/mnt/ems-logs/backups/frdm_kinetics_running_snapshot_20260804_231509/opt/kinetics-gateway/venv/lib/python3.13/site-packages/pygments/styles/__pycache__/igor.cpython-313.pyc
11439	2026-07-25T23:53:07.0000000000	/mnt/ems-logs/backups/frdm_kinetics_running_snapshot_20260804_231509/opt/kinetics-gateway/venv/lib/python3.13/site-packages/uvloop-0.22.1.dist-info/licenses/LICENSE-APACHE
11445	2026-08-01T10:06:11.0000000000	/mnt/ems-logs/backups/frdm_kinetics_running_snapshot_20260804_231509/opt/kinetics-gateway/venv/lib/python3.13/site-packages/pip/_internal/network/__pycache__/lazy_wheel.cpython-313.pyc
1146	2026-07-25T23:49:15.0000000000	/mnt/ems-logs/backups/frdm_kinetics_running_snapshot_20260804_231509/opt/kinetics-gateway/venv/lib/python3.13/site-packages/pip/_vendor/urllib3/util/util.py
11467	2026-08-01T09:57:28.0000000000	/mnt/ems-logs/backups/frdm_kinetics_running_snapshot_20260804_231509/opt/kinetics-gateway/venv/lib/python3.13/site-packages/fastapi/dependencies/__pycache__/models.cpython-313.pyc
1148	2026-07-25T23:49:15.0000000000	/mnt/ems-logs/backups/frdm_kinetics_running_snapshot_20260804_231509/opt/kinetics-gateway/venv/lib/python3.13/site-packages/pip/_vendor/urllib3/util/proxy.py
115	2026-07-25T23:53:15.0000000000	/mnt/ems-logs/backups/frdm_kinetics_running_snapshot_20260804_231509/opt/kinetics-gateway/venv/lib/python3.13/site-packages/fastapi/middleware/httpsredirect.py
115114	2026-08-01T10:06:21.0000000000	/mnt/ems-logs/backups/frdm_kinetics_running_snapshot_20260804_231509/opt/kinetics-gateway/venv/lib/python3.13/site-packages/pygments/lexers/_lilypond_builtins.py
1156	2026-07-25T23:53:10.0000000000	/mnt/ems-logs/backups/frdm_kinetics_running_snapshot_20260804_231509/opt/kinetics-gateway/venv/lib/python3.13/site-packages/openpyxl/chart/picture.py
11577	2026-08-01T10:06:21.0000000000	/mnt/ems-logs/backups/frdm_kinetics_running_snapshot_20260804_231509/opt/kinetics-gateway/venv/lib/python3.13/site-packages/pygments/lexers/archetype.py
1158	2026-08-01T10:06:21.0000000000	/mnt/ems-logs/backups/frdm_kinetics_running_snapshot_20260804_231509/opt/kinetics-gateway/venv/lib/python3.13/site-packages/pygments/lexers/procfile.py
116	2026-07-25T23:49:15.0000000000	/mnt/ems-logs/backups/frdm_kinetics_running_snapshot_20260804_231509/opt/kinetics-gateway/venv/lib/python3.13/site-packages/pip/_internal/cli/status_codes.py
11603	2026-07-25T23:53:15.0000000000	/mnt/ems-logs/backups/frdm_kinetics_running_snapshot_20260804_231509/opt/kinetics-gateway/venv/lib/python3.13/site-packages/fastapi/encoders.py
11608	2026-08-01T10:06:08.0000000000	/mnt/ems-logs/backups/frdm_kinetics_running_snapshot_20260804_231509/opt/kinetics-gateway/venv/lib/python3.13/site-packages/pip/_vendor/urllib3/__pycache__/fields.cpython-313.pyc
11639	2026-08-01T10:06:22.0000000000	/mnt/ems-logs/backups/frdm_kinetics_running_snapshot_20260804_231509/opt/kinetics-gateway/venv/lib/python3.13/site-packages/pygments/lexers/__pycache__/_cl_builtins.cpython-313.pyc
11648	2026-07-26T00:10:13.0000000000	/mnt/ems-logs/backups/frdm_kinetics_running_snapshot_20260804_231509/opt/kinetics-gateway/venv/lib/python3.13/site-packages/httpx2/_auth.py
11664	2026-08-01T10:05:58.0000000000	/mnt/ems-logs/backups/frdm_kinetics_running_snapshot_20260804_231509/opt/kinetics-gateway/venv/lib/python3.13/site-packages/pip/_internal/cli/__pycache__/spinners.cpython-313.pyc
11667	2026-08-01T10:05:59.0000000000	/mnt/ems-logs/backups/frdm_kinetics_running_snapshot_20260804_231509/opt/kinetics-gateway/venv/lib/python3.13/site-packages/pip/_vendor/rich/__pycache__/box.cpython-313.pyc
11671	2026-07-25T23:53:10.0000000000	/mnt/ems-logs/backups/frdm_kinetics_running_snapshot_20260804_231509/opt/kinetics-gateway/venv/lib/python3.13/site-packages/openpyxl/worksheet/table.py
11698	2026-07-25T23:49:15.0000000000	/mnt/ems-logs/backups/frdm_kinetics_running_snapshot_20260804_231509/opt/kinetics-gateway/venv/lib/python3.13/site-packages/pip/_vendor/packaging/_parser.py
11698	2026-08-01T10:06:30.0000000000	/mnt/ems-logs/backups/frdm_kinetics_running_snapshot_20260804_231509/opt/kinetics-gateway/venv/lib/python3.13/site-packages/packaging/_parser.py
11711	2026-07-27T13:10:42.0000000000	/mnt/ems-logs/backups/frdm_kinetics_running_snapshot_20260804_231509/opt/kinetics-gateway/backups/v2_5_0_field_validated_control_20260728_064310/app/core/config.py
11713	2026-08-01T10:06:21.0000000000	/mnt/ems-logs/backups/frdm_kinetics_running_snapshot_20260804_231509/opt/kinetics-gateway/venv/lib/python3.13/site-packages/pygments/lexers/julia.py
11717	2026-08-01T10:06:21.0000000000	/mnt/ems-logs/backups/frdm_kinetics_running_snapshot_20260804_231509/opt/kinetics-gateway/venv/lib/python3.13/site-packages/pygments/formatters/terminal256.py
11734	2026-08-01T10:06:33.0000000000	/mnt/ems-logs/backups/frdm_kinetics_running_snapshot_20260804_231509/opt/kinetics-gateway/venv/lib/python3.13/site-packages/_pytest/__pycache__/outcomes.cpython-313.pyc
11737	2026-08-01T10:06:21.0000000000	/mnt/ems-logs/backups/frdm_kinetics_running_snapshot_20260804_231509/opt/kinetics-gateway/venv/lib/python3.13/site-packages/pygments/lexers/actionscript.py
11772	2026-08-01T09:57:29.0000000000	/mnt/ems-logs/backups/frdm_kinetics_running_snapshot_20260804_231509/opt/kinetics-gateway/venv/lib/python3.13/site-packages/fastapi/__pycache__/encoders.cpython-313.pyc
11779	2026-08-01T10:06:02.0000000000	/mnt/ems-logs/backups/frdm_kinetics_running_snapshot_20260804_231509/opt/kinetics-gateway/venv/lib/python3.13/site-packages/pip/_internal/cli/__pycache__/base_command.cpython-313.pyc
1178	2026-07-26T00:10:13.0000000000	/mnt/ems-logs/backups/frdm_kinetics_running_snapshot_20260804_231509/opt/kinetics-gateway/venv/lib/python3.13/site-packages/httpx2/websockets/_ping.py
11787	2026-07-25T23:49:15.0000000000	/mnt/ems-logs/backups/frdm_kinetics_running_snapshot_20260804_231509/opt/kinetics-gateway/venv/lib/python3.13/site-packages/pip/_internal/vcs/subversion.py
11792	2026-07-25T23:53:08.0000000000	/mnt/ems-logs/backups/frdm_kinetics_running_snapshot_20260804_231509/opt/kinetics-gateway/venv/lib/python3.13/site-packages/h11/_events.py
11797	2026-07-25T23:53:11.0000000000	/mnt/ems-logs/backups/frdm_kinetics_running_snapshot_20260804_231509/opt/kinetics-gateway/venv/lib/python3.13/site-packages/anyio/functools.py
118	2026-08-04T23:15:29.7129475550	/mnt/ems-logs/backups/frdm_kinetics_running_snapshot_20260804_231509/metadata/gateway_command.txt
1181	2026-07-25T23:53:10.0000000000	/mnt/ems-logs/backups/frdm_kinetics_running_snapshot_20260804_231509/opt/kinetics-gateway/venv/lib/python3.13/site-packages/openpyxl/workbook/smart_tags.py
1184	2026-08-01T10:06:31.0000000000	/mnt/ems-logs/backups/frdm_kinetics_running_snapshot_20260804_231509/opt/kinetics-gateway/venv/lib/python3.13/site-packages/_pytest/setupplan.py
11862	2026-07-25T23:53:08.0000000000	/mnt/ems-logs/backups/frdm_kinetics_running_snapshot_20260804_231509/opt/kinetics-gateway/venv/lib/python3.13/site-packages/click/exceptions.py
118650	2026-07-25T23:53:07.0000000000	/mnt/ems-logs/backups/frdm_kinetics_running_snapshot_20260804_231509/opt/kinetics-gateway/venv/lib/python3.13/site-packages/uvloop/loop.pyx
11869	2026-07-25T23:49:15.0000000000	/mnt/ems-logs/backups/frdm_kinetics_running_snapshot_20260804_231509/opt/kinetics-gateway/venv/lib/python3.13/site-packages/pip-26.1.2.dist-info/licenses/AUTHORS.txt
11883	2026-08-01T10:06:21.0000000000	/mnt/ems-logs/backups/frdm_kinetics_running_snapshot_20260804_231509/opt/kinetics-gateway/venv/lib/python3.13/site-packages/pygments/lexers/wgsl.py
11886	2026-08-01T10:06:21.0000000000	/mnt/ems-logs/backups/frdm_kinetics_running_snapshot_20260804_231509/opt/kinetics-gateway/venv/lib/python3.13/site-packages/pygments/lexers/_julia_builtins.py
1189	2026-07-25T23:53:07.0000000000	/mnt/ems-logs/backups/frdm_kinetics_running_snapshot_20260804_231509/opt/kinetics-gateway/venv/lib/python3.13/site-packages/uvloop/handles/handle.pxd
11894	2026-07-28T13:53:22.0000000000	/mnt/ems-logs/backups/frdm_kinetics_running_snapshot_20260804_231509/opt/kinetics-gateway/backups/v3_0_0_incremental_before_20260731T161451Z/app/assets/bms_driver.py
11906	2026-08-01T10:07:22.0000000000	/mnt/ems-logs/backups/frdm_kinetics_running_snapshot_20260804_231509/opt/kinetics-gateway/venv/lib/python3.13/site-packages/httpx2/__pycache__/_config.cpython-313.pyc
11912	2026-08-01T09:57:29.0000000000	/mnt/ems-logs/backups/frdm_kinetics_running_snapshot_20260804_231509/opt/kinetics-gateway/venv/lib/python3.13/site-packages/starlette/__pycache__/staticfiles.cpython-313.pyc
11924	2026-08-01T10:06:21.0000000000	/mnt/ems-logs/backups/frdm_kinetics_running_snapshot_20260804_231509/opt/kinetics-gateway/venv/lib/python3.13/site-packages/pygments/formatters/rtf.py
11960	2026-08-01T09:57:23.0000000000	/mnt/ems-logs/backups/frdm_kinetics_running_snapshot_20260804_231509/opt/kinetics-gateway/venv/lib/python3.13/site-packages/uvicorn/__pycache__/_types.cpython-313.pyc
119680	2026-08-01T09:57:26.0000000000	/mnt/ems-logs/backups/frdm_kinetics_running_snapshot_20260804_231509/opt/kinetics-gateway/venv/lib/python3.13/site-packages/pydantic/__pycache__/json_schema.cpython-313.pyc
120	2026-08-04T23:15:26.7329033120	/mnt/ems-logs/backups/frdm_kinetics_running_snapshot_20260804_231509/metadata/uname.txt
12011	2026-08-01T10:06:01.0000000000	/mnt/ems-logs/backups/frdm_kinetics_running_snapshot_20260804_231509/opt/kinetics-gateway/venv/lib/python3.13/site-packages/pip/_internal/utils/__pycache__/temp_dir.cpython-313.pyc
12035	2026-08-01T09:57:29.0000000000	/mnt/ems-logs/backups/frdm_kinetics_running_snapshot_20260804_231509/opt/kinetics-gateway/venv/lib/python3.13/site-packages/starlette/middleware/__pycache__/base.cpython-313.pyc
12039	2026-07-25T23:53:07.0000000000	/mnt/ems-logs/backups/frdm_kinetics_running_snapshot_20260804_231509/opt/kinetics-gateway/venv/lib/python3.13/site-packages/uvloop/handles/udp.pyx
12070	2026-08-01T10:06:21.0000000000	/mnt/ems-logs/backups/frdm_kinetics_running_snapshot_20260804_231509/opt/kinetics-gateway/venv/lib/python3.13/site-packages/pygments/lexers/__init__.py
12079	2026-07-25T23:53:12.0000000000	/mnt/ems-logs/backups/frdm_kinetics_running_snapshot_20260804_231509/opt/kinetics-gateway/venv/lib/python3.13/site-packages/starlette/formparsers.py
1209	2026-07-26T00:10:13.0000000000	/mnt/ems-logs/backups/frdm_kinetics_running_snapshot_20260804_231509/opt/kinetics-gateway/venv/lib/python3.13/site-packages/httpx2/_transports/mock.py
1210	2026-08-01T10:06:22.0000000000	/mnt/ems-logs/backups/frdm_kinetics_running_snapshot_20260804_231509/opt/kinetics-gateway/venv/lib/python3.13/site-packages/pygments/lexers/__pycache__/_ada_builtins.cpython-313.pyc
12115	2026-07-25T23:49:15.0000000000	/mnt/ems-logs/backups/frdm_kinetics_running_snapshot_20260804_231509/opt/kinetics-gateway/venv/lib/python3.13/site-packages/pip/_vendor/pygments/lexers/__init__.py
12120	2026-08-01T09:57:29.0000000000	/mnt/ems-logs/backups/frdm_kinetics_running_snapshot_20260804_231509/opt/kinetics-gateway/venv/lib/python3.13/site-packages/starlette/__pycache__/websockets.cpython-313.pyc
12131	2026-08-01T09:57:26.0000000000	/mnt/ems-logs/backups/frdm_kinetics_running_snapshot_20260804_231509/opt/kinetics-gateway/venv/lib/python3.13/site-packages/pydantic/_internal/__pycache__/_namespace_utils.cpython-313.pyc
12138	2026-08-01T10:06:31.0000000000	/mnt/ems-logs/backups/frdm_kinetics_running_snapshot_20260804_231509/opt/kinetics-gateway/venv/lib/python3.13/site-packages/_pytest/_code/__pycache__/source.cpython-313.pyc
12150	2026-07-25T23:49:15.0000000000	/mnt/ems-logs/backups/frdm_kinetics_running_snapshot_20260804_231509/opt/kinetics-gateway/venv/lib/python3.13/site-packages/pip/_internal/resolution/resolvelib/provider.py
12160	2026-07-25T23:53:13.0000000000	/mnt/ems-logs/backups/frdm_kinetics_running_snapshot_20260804_231509/opt/kinetics-gateway/venv/lib/python3.13/site-packages/pydantic/_migration.py
12195	2026-08-01T10:06:30.0000000000	/mnt/ems-logs/backups/frdm_kinetics_running_snapshot_20260804_231509/opt/kinetics-gateway/venv/lib/python3.13/site-packages/pygments/__pycache__/sphinxext.cpython-313.pyc
122	2026-07-25T23:53:10.0000000000	/mnt/ems-logs/backups/frdm_kinetics_running_snapshot_20260804_231509/opt/kinetics-gateway/venv/lib/python3.13/site-packages/openpyxl/cell/__init__.py
122012	2026-08-01T10:06:26.0000000000	/mnt/ems-logs/backups/frdm_kinetics_running_snapshot_20260804_231509/opt/kinetics-gateway/venv/lib/python3.13/site-packages/pygments/lexers/__pycache__/lisp.cpython-313.pyc
12216	2026-07-25T23:49:15.0000000000	/mnt/ems-logs/backups/frdm_kinetics_running_snapshot_20260804_231509/opt/kinetics-gateway/venv/lib/python3.13/site-packages/pip/_vendor/pyproject_hooks/_in_process/_in_process.py
1222	2026-08-01T10:06:11.0000000000	/mnt/ems-logs/backups/frdm_kinetics_running_snapshot_20260804_231509/opt/kinetics-gateway/venv/lib/python3.13/site-packages/pip/_internal/resolution/__pycache__/base.cpython-313.pyc
1223	2026-07-26T00:10:12.0000000000	/mnt/ems-logs/backups/frdm_kinetics_running_snapshot_20260804_231509/opt/kinetics-gateway/venv/lib/python3.13/site-packages/httpcore2/_async/__init__.py
1225	2026-08-01T10:06:08.0000000000	/mnt/ems-logs/backups/frdm_kinetics_running_snapshot_20260804_231509/opt/kinetics-gateway/venv/lib/python3.13/site-packages/pip/_vendor/urllib3/util/__pycache__/proxy.cpython-313.pyc
12262	2026-08-01T10:06:27.0000000000	/mnt/ems-logs/backups/frdm_kinetics_running_snapshot_20260804_231509/opt/kinetics-gateway/venv/lib/python3.13/site-packages/pygments/lexers/__pycache__/modeling.cpython-313.pyc
12298	2026-07-25T23:53:06.0000000000	/mnt/ems-logs/backups/frdm_kinetics_running_snapshot_20260804_231509/opt/kinetics-gateway/venv/lib/python3.13/site-packages/uvloop/cbhandles.pyx
1230	2026-07-25T23:53:07.0000000000	/mnt/ems-logs/backups/frdm_kinetics_running_snapshot_20260804_231509/opt/kinetics-gateway/venv/lib/python3.13/site-packages/dotenv/__init__.py
12311	2026-07-25T23:53:07.0000000000	/mnt/ems-logs/backups/frdm_kinetics_running_snapshot_20260804_231509/opt/kinetics-gateway/venv/lib/python3.13/site-packages/yaml/__init__.py
12325	2026-08-01T10:06:17.0000000000	/mnt/ems-logs/backups/frdm_kinetics_running_snapshot_20260804_231509/opt/kinetics-gateway/venv/lib/python3.13/site-packages/pip/_internal/resolution/resolvelib/__pycache__/provider.cpython-313.pyc
12328	2026-08-01T10:06:28.0000000000	/mnt/ems-logs/backups/frdm_kinetics_running_snapshot_20260804_231509/opt/kinetics-gateway/venv/lib/python3.13/site-packages/pygments/lexers/__pycache__/rdf.cpython-313.pyc
1233224	2026-07-25T23:53:08.0000000000	/mnt/ems-logs/backups/frdm_kinetics_running_snapshot_20260804_231509/opt/kinetics-gateway/venv/lib/python3.13/site-packages/httptools/parser/parser.cpython-313-aarch64-linux-gnu.so
12357	2026-07-25T23:53:10.0000000000	/mnt/ems-logs/backups/frdm_kinetics_running_snapshot_20260804_231509/opt/kinetics-gateway/venv/lib/python3.13/site-packages/openpyxl/reader/excel.py
1236	2026-07-25T23:49:15.0000000000	/mnt/ems-logs/backups/frdm_kinetics_running_snapshot_20260804_231509/opt/kinetics-gateway/venv/lib/python3.13/site-packages/pip/_vendor/rich/_loop.py
1239	2026-07-26T00:10:12.0000000000	/mnt/ems-logs/backups/frdm_kinetics_running_snapshot_20260804_231509/opt/kinetics-gateway/venv/lib/python3.13/site-packages/httpcore2/_exceptions.py
12399	2026-08-01T10:06:23.0000000000	/mnt/ems-logs/backups/frdm_kinetics_running_snapshot_20260804_231509/opt/kinetics-gateway/venv/lib/python3.13/site-packages/pygments/lexers/__pycache__/_stan_builtins.cpython-313.pyc
12417	2026-08-01T10:05:58.0000000000	/mnt/ems-logs/backups/frdm_kinetics_running_snapshot_20260804_231509/opt/kinetics-gateway/venv/lib/python3.13/site-packages/pip/_vendor/rich/__pycache__/align.cpython-313.pyc
12417	2026-08-01T10:07:22.0000000000	/mnt/ems-logs/backups/frdm_kinetics_running_snapshot_20260804_231509/opt/kinetics-gateway/venv/lib/python3.13/site-packages/httpx2/__pycache__/_api.cpython-313.pyc
1242	2026-07-25T23:49:15.0000000000	/mnt/ems-logs/backups/frdm_kinetics_running_snapshot_20260804_231509/opt/kinetics-gateway/venv/lib/python3.13/site-packages/pip/_internal/req/pep723.py
12425	2026-07-25T23:53:15.0000000000	/mnt/ems-logs/backups/frdm_kinetics_running_snapshot_20260804_231509/opt/kinetics-gateway/venv/lib/python3.13/site-packages/fastapi/openapi/docs.py
12435	2026-08-01T10:06:17.0000000000	/mnt/ems-logs/backups/frdm_kinetics_running_snapshot_20260804_231509/opt/kinetics-gateway/venv/lib/python3.13/site-packages/pip/_internal/resolution/resolvelib/__pycache__/resolver.cpython-313.pyc
124451	2026-07-25T23:49:15.0000000000	/mnt/ems-logs/backups/frdm_kinetics_running_snapshot_20260804_231509/opt/kinetics-gateway/venv/lib/python3.13/site-packages/pip/_vendor/pkg_resources/__init__.py
12447	2026-07-25T23:49:15.0000000000	/mnt/ems-logs/backups/frdm_kinetics_running_snapshot_20260804_231509/opt/kinetics-gateway/venv/lib/python3.13/site-packages/pip/_vendor/rich/prompt.py
12449	2026-08-01T10:06:21.0000000000	/mnt/ems-logs/backups/frdm_kinetics_running_snapshot_20260804_231509/opt/kinetics-gateway/venv/lib/python3.13/site-packages/pygments/lexers/_css_builtins.py
12450	2026-08-01T10:06:09.0000000000	/mnt/ems-logs/backups/frdm_kinetics_running_snapshot_20260804_231509/opt/kinetics-gateway/venv/lib/python3.13/site-packages/pip/_internal/vcs/__pycache__/subversion.cpython-313.pyc
12468	2026-07-25T23:49:15.0000000000	/mnt/ems-logs/backups/frdm_kinetics_running_snapshot_20260804_231509/opt/kinetics-gateway/venv/lib/python3.13/site-packages/pip/_vendor/rich/logging.py
12493	2026-08-01T10:06:25.0000000000	/mnt/ems-logs/backups/frdm_kinetics_running_snapshot_20260804_231509/opt/kinetics-gateway/venv/lib/python3.13/site-packages/pygments/lexers/__pycache__/idl.cpython-313.pyc
1251	2026-08-01T10:06:31.0000000000	/mnt/ems-logs/backups/frdm_kinetics_running_snapshot_20260804_231509/opt/kinetics-gateway/venv/lib/python3.13/site-packages/iniconfig/__pycache__/exceptions.cpython-313.pyc
12517	2026-08-01T10:06:43.0000000000	/mnt/ems-logs/backups/frdm_kinetics_running_snapshot_20260804_231509/opt/kinetics-gateway/venv/lib/python3.13/site-packages/anyio/_core/__pycache__/_contextmanagers.cpython-313-pytest-8.4.2.pyc
12518	2026-08-01T10:06:09.0000000000	/mnt/ems-logs/backups/frdm_kinetics_running_snapshot_20260804_231509/opt/kinetics-gateway/venv/lib/python3.13/site-packages/pip/_internal/index/__pycache__/sources.cpython-313.pyc
1253	2026-07-25T23:56:52.0000000000	/mnt/ems-logs/backups/frdm_kinetics_running_snapshot_20260804_231509/opt/kinetics-gateway/backend/tools/mock_smoke_test.py
1253	2026-07-25T23:56:52.0000000000	/mnt/ems-logs/backups/frdm_kinetics_running_snapshot_20260804_231509/opt/kinetics-gateway/staging/v3_0_0_20260731T161022Z/backend/tools/mock_smoke_test.py
125376	2026-07-25T23:53:09.0000000000	/mnt/ems-logs/backups/frdm_kinetics_running_snapshot_20260804_231509/opt/kinetics-gateway/venv/lib/python3.13/site-packages/pydantic_core-2.46.4.dist-info/sboms/pydantic-core.cyclonedx.json
12542	2026-08-01T10:06:29.0000000000	/mnt/ems-logs/backups/frdm_kinetics_running_snapshot_20260804_231509/opt/kinetics-gateway/venv/lib/python3.13/site-packages/pygments/lexers/__pycache__/unicon.cpython-313.pyc
1257	2026-07-25T23:53:10.0000000000	/mnt/ems-logs/backups/frdm_kinetics_running_snapshot_20260804_231509/opt/kinetics-gateway/venv/lib/python3.13/site-packages/openpyxl/utils/indexed_list.py
12572	2026-08-01T10:06:32.0000000000	/mnt/ems-logs/backups/frdm_kinetics_running_snapshot_20260804_231509/opt/kinetics-gateway/venv/lib/python3.13/site-packages/_pytest/__pycache__/compat.cpython-313.pyc
12578	2026-07-25T23:49:15.0000000000	/mnt/ems-logs/backups/frdm_kinetics_running_snapshot_20260804_231509/opt/kinetics-gateway/venv/lib/python3.13/site-packages/pip/_vendor/urllib3/http2/connection.py
1258	2026-07-25T23:49:15.0000000000	/mnt/ems-logs/backups/frdm_kinetics_running_snapshot_20260804_231509/opt/kinetics-gateway/venv/lib/python3.13/site-packages/pip/_vendor/rich/styled.py
12580	2026-07-25T23:53:10.0000000000	/mnt/ems-logs/backups/frdm_kinetics_running_snapshot_20260804_231509/opt/kinetics-gateway/venv/lib/python3.13/site-packages/openpyxl/chart/axis.py
12590	2026-08-01T10:06:10.0000000000	/mnt/ems-logs/backups/frdm_kinetics_running_snapshot_20260804_231509/opt/kinetics-gateway/venv/lib/python3.13/site-packages/pip/_internal/__pycache__/cache.cpython-313.pyc
125955	2026-07-25T23:53:13.0000000000	/mnt/ems-logs/backups/frdm_kinetics_running_snapshot_20260804_231509/opt/kinetics-gateway/venv/lib/python3.13/site-packages/pydantic/json_schema.py
12598	2026-08-01T10:06:21.0000000000	/mnt/ems-logs/backups/frdm_kinetics_running_snapshot_20260804_231509/opt/kinetics-gateway/venv/lib/python3.13/site-packages/pygments/lexers/_qlik_builtins.py
126	2026-07-26T21:33:53.0000000000	/mnt/ems-logs/backups/frdm_kinetics_running_snapshot_20260804_231509/opt/kinetics-gateway/backend/requirements.txt
126	2026-07-26T21:33:53.0000000000	/mnt/ems-logs/backups/frdm_kinetics_running_snapshot_20260804_231509/opt/kinetics-gateway/staging/v3_0_0_20260731T161022Z/backend/requirements.txt
1260	2026-08-01T10:06:21.0000000000	/mnt/ems-logs/backups/frdm_kinetics_running_snapshot_20260804_231509/opt/kinetics-gateway/venv/lib/python3.13/site-packages/pygments/styles/stata_dark.py
12625	2026-07-25T23:49:15.0000000000	/mnt/ems-logs/backups/frdm_kinetics_running_snapshot_20260804_231509/opt/kinetics-gateway/venv/lib/python3.13/site-packages/pip/_internal/network/download.py
12642	2026-08-01T10:06:34.0000000000	/mnt/ems-logs/backups/frdm_kinetics_running_snapshot_20260804_231509/opt/kinetics-gateway/venv/lib/python3.13/site-packages/_pytest/__pycache__/tmpdir.cpython-313.pyc
12644	2026-08-01T10:06:32.0000000000	/mnt/ems-logs/backups/frdm_kinetics_running_snapshot_20260804_231509/opt/kinetics-gateway/venv/lib/python3.13/site-packages/_pytest/__pycache__/helpconfig.cpython-313.pyc
1265	2026-07-25T23:53:10.0000000000	/mnt/ems-logs/backups/frdm_kinetics_running_snapshot_20260804_231509/opt/kinetics-gateway/venv/lib/python3.13/site-packages/openpyxl/chartsheet/protection.py
12679	2026-08-01T10:06:21.0000000000	/mnt/ems-logs/backups/frdm_kinetics_running_snapshot_20260804_231509/opt/kinetics-gateway/venv/lib/python3.13/site-packages/pygments/lexers/praat.py
12692	2026-07-31T15:02:10.0000000000	/mnt/ems-logs/backups/frdm_kinetics_running_snapshot_20260804_231509/opt/kinetics-gateway/staging/v3_0_0_20260731T161022Z/backend/app/assets/bms_driver.py
12692	2026-07-31T21:44:51.0000000000	/mnt/ems-logs/backups/frdm_kinetics_running_snapshot_20260804_231509/opt/kinetics-gateway/backups/v3_0_0_incremental_before_20260731T161610Z/app/assets/bms_driver.py
12692	2026-07-31T21:46:10.0000000000	/mnt/ems-logs/backups/frdm_kinetics_running_snapshot_20260804_231509/opt/kinetics-gateway/backend/app/assets/bms_driver.py
12699	2026-08-01T10:05:59.0000000000	/mnt/ems-logs/backups/frdm_kinetics_running_snapshot_20260804_231509/opt/kinetics-gateway/venv/lib/python3.13/site-packages/pip/_vendor/rich/__pycache__/panel.cpython-313.pyc
127	2026-07-25T23:53:13.0000000000	/mnt/ems-logs/backups/frdm_kinetics_running_snapshot_20260804_231509/opt/kinetics-gateway/venv/lib/python3.13/site-packages/pydantic/experimental/missing_sentinel.py
12708	2026-07-25T23:53:12.0000000000	/mnt/ems-logs/backups/frdm_kinetics_running_snapshot_20260804_231509/opt/kinetics-gateway/venv/lib/python3.13/site-packages/starlette/requests.py
1275	2026-07-25T23:53:15.0000000000	/mnt/ems-logs/backups/frdm_kinetics_running_snapshot_20260804_231509/opt/kinetics-gateway/venv/lib/python3.13/site-packages/fastapi/exception_handlers.py
12753	2026-08-01T10:06:17.0000000000	/mnt/ems-logs/backups/frdm_kinetics_running_snapshot_20260804_231509/opt/kinetics-gateway/venv/lib/python3.13/site-packages/pip/_vendor/resolvelib/__pycache__/structs.cpython-313.pyc
12757	2026-08-01T10:08:10.0000000000	/mnt/ems-logs/backups/frdm_kinetics_running_snapshot_20260804_231509/opt/kinetics-gateway/backend/tests/__pycache__/test_scheduler_storage.cpython-313-pytest-8.4.2.pyc
1278	2026-07-26T00:10:12.0000000000	/mnt/ems-logs/backups/frdm_kinetics_running_snapshot_20260804_231509/opt/kinetics-gateway/venv/lib/python3.13/site-packages/truststore-0.10.4.dist-info/RECORD
12800	2026-08-01T09:57:29.0000000000	/mnt/ems-logs/backups/frdm_kinetics_running_snapshot_20260804_231509/opt/kinetics-gateway/venv/lib/python3.13/site-packages/fastapi/openapi/__pycache__/docs.cpython-313.pyc
1281	2026-08-01T10:06:24.0000000000	/mnt/ems-logs/backups/frdm_kinetics_running_snapshot_20260804_231509/opt/kinetics-gateway/venv/lib/python3.13/site-packages/pygments/lexers/__pycache__/agile.cpython-313.pyc
12812	2026-08-01T10:06:25.0000000000	/mnt/ems-logs/backups/frdm_kinetics_running_snapshot_20260804_231509/opt/kinetics-gateway/venv/lib/python3.13/site-packages/pygments/lexers/__pycache__/freefem.cpython-313.pyc
12858	2026-07-25T23:53:06.0000000000	/mnt/ems-logs/backups/frdm_kinetics_running_snapshot_20260804_231509/opt/kinetics-gateway/venv/lib/python3.13/site-packages/websockets/sync/messages.py
12859	2026-07-25T23:53:06.0000000000	/mnt/ems-logs/backups/frdm_kinetics_running_snapshot_20260804_231509/opt/kinetics-gateway/venv/lib/python3.13/site-packages/websockets/exceptions.py
12869	2026-08-01T10:06:21.0000000000	/mnt/ems-logs/backups/frdm_kinetics_running_snapshot_20260804_231509/opt/kinetics-gateway/venv/lib/python3.13/site-packages/pygments/lexers/prolog.py
12878	2026-07-25T23:53:13.0000000000	/mnt/ems-logs/backups/frdm_kinetics_running_snapshot_20260804_231509/opt/kinetics-gateway/venv/lib/python3.13/site-packages/pydantic/_internal/_namespace_utils.py
1288	2026-07-25T23:49:15.0000000000	/mnt/ems-logs/backups/frdm_kinetics_running_snapshot_20260804_231509/opt/kinetics-gateway/venv/lib/python3.13/site-packages/pip/_vendor/rich/constrain.py
1289	2026-07-26T00:10:13.0000000000	/mnt/ems-logs/backups/frdm_kinetics_running_snapshot_20260804_231509/opt/kinetics-gateway/venv/lib/python3.13/site-packages/httpx2/websockets/_exceptions.py
1289	2026-08-01T10:06:31.0000000000	/mnt/ems-logs/backups/frdm_kinetics_running_snapshot_20260804_231509/opt/kinetics-gateway/venv/lib/python3.13/site-packages/_pytest/_io/wcwidth.py
129	2026-07-25T23:53:07.0000000000	/mnt/ems-logs/backups/frdm_kinetics_running_snapshot_20260804_231509/opt/kinetics-gateway/venv/lib/python3.13/site-packages/dotenv/__main__.py
12906	2026-08-01T10:07:22.0000000000	/mnt/ems-logs/backups/frdm_kinetics_running_snapshot_20260804_231509/opt/kinetics-gateway/venv/lib/python3.13/site-packages/httpx2/__pycache__/_exceptions.cpython-313.pyc
1292	2026-08-01T10:06:21.0000000000	/mnt/ems-logs/backups/frdm_kinetics_running_snapshot_20260804_231509/opt/kinetics-gateway/venv/lib/python3.13/site-packages/pygments/styles/stata_light.py
12943	2026-07-27T13:11:04.0000000000	/mnt/ems-logs/backups/frdm_kinetics_running_snapshot_20260804_231509/opt/kinetics-gateway/backend/app/assets/pcs_driver.py
12943	2026-07-27T13:11:04.0000000000	/mnt/ems-logs/backups/frdm_kinetics_running_snapshot_20260804_231509/opt/kinetics-gateway/staging/v3_0_0_20260731T161022Z/backend/app/assets/pcs_driver.py
1295	2026-08-01T10:06:21.0000000000	/mnt/ems-logs/backups/frdm_kinetics_running_snapshot_20260804_231509/opt/kinetics-gateway/venv/lib/python3.13/site-packages/pygments/styles/rrt.py
12956	2026-07-25T23:56:52.0000000000	/mnt/ems-logs/backups/frdm_kinetics_running_snapshot_20260804_231509/opt/kinetics-gateway/backend/app/assets/mock_plant.py
12956	2026-07-25T23:56:52.0000000000	/mnt/ems-logs/backups/frdm_kinetics_running_snapshot_20260804_231509/opt/kinetics-gateway/staging/v3_0_0_20260731T161022Z/backend/app/assets/mock_plant.py
1296	2026-08-01T10:06:29.0000000000	/mnt/ems-logs/backups/frdm_kinetics_running_snapshot_20260804_231509/opt/kinetics-gateway/venv/lib/python3.13/site-packages/pygments/lexers/__pycache__/web.cpython-313.pyc
1300	2026-08-01T10:06:31.0000000000	/mnt/ems-logs/backups/frdm_kinetics_running_snapshot_20260804_231509/opt/kinetics-gateway/venv/lib/python3.13/site-packages/_pytest/freeze_support.py
1307	2026-08-01T10:01:23.0000000000	/mnt/ems-logs/backups/frdm_kinetics_running_snapshot_20260804_231509/opt/kinetics-gateway/venv/lib/python3.13/site-packages/websockets/__pycache__/typing.cpython-313.pyc
1308	2026-08-01T10:06:08.0000000000	/mnt/ems-logs/backups/frdm_kinetics_running_snapshot_20260804_231509/opt/kinetics-gateway/venv/lib/python3.13/site-packages/pip/_vendor/requests/__pycache__/packages.cpython-313.pyc
13092	2026-07-25T23:53:10.0000000000	/mnt/ems-logs/backups/frdm_kinetics_running_snapshot_20260804_231509/opt/kinetics-gateway/venv/lib/python3.13/site-packages/openpyxl/drawing/fill.py
131	2026-07-25T23:49:15.0000000000	/mnt/ems-logs/backups/frdm_kinetics_running_snapshot_20260804_231509/opt/kinetics-gateway/venv/lib/python3.13/site-packages/pip/_internal/cli/__init__.py
13115	2026-08-01T10:06:33.0000000000	/mnt/ems-logs/backups/frdm_kinetics_running_snapshot_20260804_231509/opt/kinetics-gateway/venv/lib/python3.13/site-packages/_pytest/mark/__pycache__/__init__.cpython-313.pyc
13124	2026-07-25T23:53:11.0000000000	/mnt/ems-logs/backups/frdm_kinetics_running_snapshot_20260804_231509/opt/kinetics-gateway/venv/lib/python3.13/site-packages/anyio/abc/_sockets.py
13126	2026-07-25T23:53:11.0000000000	/mnt/ems-logs/backups/frdm_kinetics_running_snapshot_20260804_231509/opt/kinetics-gateway/venv/lib/python3.13/site-packages/anyio/_core/_tasks.py
13152	2026-08-01T10:06:11.0000000000	/mnt/ems-logs/backups/frdm_kinetics_running_snapshot_20260804_231509/opt/kinetics-gateway/venv/lib/python3.13/site-packages/pip/_internal/metadata/importlib/__pycache__/_dists.cpython-313.pyc
1316	2026-08-01T09:57:27.0000000000	/mnt/ems-logs/backups/frdm_kinetics_running_snapshot_20260804_231509/opt/kinetics-gateway/venv/lib/python3.13/site-packages/starlette/__pycache__/types.cpython-313.pyc
13171	2026-08-01T10:06:21.0000000000	/mnt/ems-logs/backups/frdm_kinetics_running_snapshot_20260804_231509/opt/kinetics-gateway/venv/lib/python3.13/site-packages/pygments/lexers/php.py
13173	2026-08-01T10:06:10.0000000000	/mnt/ems-logs/backups/frdm_kinetics_running_snapshot_20260804_231509/opt/kinetics-gateway/venv/lib/python3.13/site-packages/pip/_vendor/rich/__pycache__/_spinners.cpython-313.pyc
13188	2026-07-25T23:53:13.0000000000	/mnt/ems-logs/backups/frdm_kinetics_running_snapshot_20260804_231509/opt/kinetics-gateway/venv/lib/python3.13/site-packages/pydantic/_internal/_dataclasses.py
1320	2026-07-25T23:49:15.0000000000	/mnt/ems-logs/backups/frdm_kinetics_running_snapshot_20260804_231509/opt/kinetics-gateway/venv/lib/python3.13/site-packages/pip/_vendor/truststore/__init__.py
1320	2026-07-26T00:10:12.0000000000	/mnt/ems-logs/backups/frdm_kinetics_running_snapshot_20260804_231509/opt/kinetics-gateway/venv/lib/python3.13/site-packages/truststore/__init__.py
1322	2026-07-25T23:53:07.0000000000	/mnt/ems-logs/backups/frdm_kinetics_running_snapshot_20260804_231509/opt/kinetics-gateway/venv/lib/python3.13/site-packages/uvloop/handles/basetransport.pxd
13231	2026-07-25T23:53:08.0000000000	/mnt/ems-logs/backups/frdm_kinetics_running_snapshot_20260804_231509/opt/kinetics-gateway/venv/lib/python3.13/site-packages/h11/_state.py
13232	2026-07-25T23:53:10.0000000000	/mnt/ems-logs/backups/frdm_kinetics_running_snapshot_20260804_231509/opt/kinetics-gateway/venv/lib/python3.13/site-packages/openpyxl/workbook/workbook.py
13245	2026-08-01T10:06:31.0000000000	/mnt/ems-logs/backups/frdm_kinetics_running_snapshot_20260804_231509/opt/kinetics-gateway/venv/lib/python3.13/site-packages/_pytest/recwarn.py
13245	2026-08-03T20:25:44.0000000000	/mnt/ems-logs/backups/frdm_kinetics_running_snapshot_20260804_231509/opt/kinetics-gateway/venv/lib/python3.13/site-packages/pydantic/_internal/__pycache__/_dataclasses.cpython-313.pyc
13246	2026-07-25T23:49:15.0000000000	/mnt/ems-logs/backups/frdm_kinetics_running_snapshot_20260804_231509/opt/kinetics-gateway/venv/lib/python3.13/site-packages/pip/_vendor/idna/core.py
13248	2026-07-25T23:53:07.0000000000	/mnt/ems-logs/backups/frdm_kinetics_running_snapshot_20260804_231509/opt/kinetics-gateway/venv/lib/python3.13/site-packages/uvloop/handles/handle.pyx
1325	2026-08-01T10:06:30.0000000000	/mnt/ems-logs/backups/frdm_kinetics_running_snapshot_20260804_231509/opt/kinetics-gateway/venv/lib/python3.13/site-packages/pluggy/__pycache__/_warnings.cpython-313.pyc
1326	2026-07-25T23:53:07.0000000000	/mnt/ems-logs/backups/frdm_kinetics_running_snapshot_20260804_231509/opt/kinetics-gateway/venv/lib/python3.13/site-packages/dotenv/ipython.py
1327	2026-08-01T09:57:24.0000000000	/mnt/ems-logs/backups/frdm_kinetics_running_snapshot_20260804_231509/opt/kinetics-gateway/venv/lib/python3.13/site-packages/anyio/_core/__pycache__/_signals.cpython-313.pyc
1327	2026-08-01T10:06:21.0000000000	/mnt/ems-logs/backups/frdm_kinetics_running_snapshot_20260804_231509/opt/kinetics-gateway/venv/lib/python3.13/site-packages/pygments/styles/fruity.py
13273	2026-07-25T23:53:09.0000000000	/mnt/ems-logs/backups/frdm_kinetics_running_snapshot_20260804_231509/opt/kinetics-gateway/venv/lib/python3.13/site-packages/annotated_types/__init__.py
1328	2026-08-01T09:57:26.0000000000	/mnt/ems-logs/backups/frdm_kinetics_running_snapshot_20260804_231509/opt/kinetics-gateway/venv/lib/python3.13/site-packages/pydantic/_internal/__pycache__/_forward_ref.cpython-313.pyc
1328	2026-08-04T23:15:26.0488931570	/mnt/ems-logs/backups/frdm_kinetics_running_snapshot_20260804_231509/systemd/bess-seven-day-v302.service.effective.txt
133030	2026-08-01T10:06:21.0000000000	/mnt/ems-logs/backups/frdm_kinetics_running_snapshot_20260804_231509/opt/kinetics-gateway/venv/lib/python3.13/site-packages/pygments/lexers/matlab.py
1331	2026-07-25T23:49:15.0000000000	/mnt/ems-logs/backups/frdm_kinetics_running_snapshot_20260804_231509/opt/kinetics-gateway/venv/lib/python3.13/site-packages/pip-26.1.2.dist-info/licenses/src/pip/_vendor/pygments/LICENSE
1331	2026-07-25T23:49:15.0000000000	/mnt/ems-logs/backups/frdm_kinetics_running_snapshot_20260804_231509/opt/kinetics-gateway/venv/lib/python3.13/site-packages/pip/_vendor/pygments/LICENSE
1331	2026-08-01T10:06:21.0000000000	/mnt/ems-logs/backups/frdm_kinetics_running_snapshot_20260804_231509/opt/kinetics-gateway/venv/lib/python3.13/site-packages/pygments-2.20.0.dist-info/licenses/LICENSE
13337	2026-07-27T11:41:22.0000000000	/mnt/ems-logs/backups/frdm_kinetics_running_snapshot_20260804_231509/opt/kinetics-gateway/backend/tools/extract_pcs_hmi_catalog.py
13337	2026-07-27T11:41:22.0000000000	/mnt/ems-logs/backups/frdm_kinetics_running_snapshot_20260804_231509/opt/kinetics-gateway/staging/v3_0_0_20260731T161022Z/backend/tools/extract_pcs_hmi_catalog.py
13346	2026-08-01T10:06:21.0000000000	/mnt/ems-logs/backups/frdm_kinetics_running_snapshot_20260804_231509/opt/kinetics-gateway/venv/lib/python3.13/site-packages/pygments/lexers/_postgres_builtins.py
13382	2026-07-25T23:53:09.0000000000	/mnt/ems-logs/backups/frdm_kinetics_running_snapshot_20260804_231509/opt/kinetics-gateway/venv/lib/python3.13/site-packages/uvicorn/server.py
133951	2026-08-01T09:57:26.0000000000	/mnt/ems-logs/backups/frdm_kinetics_running_snapshot_20260804_231509/opt/kinetics-gateway/venv/lib/python3.13/site-packages/pydantic/_internal/__pycache__/_generate_schema.cpython-313.pyc
13397	2026-07-26T00:10:13.0000000000	/mnt/ems-logs/backups/frdm_kinetics_running_snapshot_20260804_231509/opt/kinetics-gateway/venv/lib/python3.13/site-packages/httpx2/_decoders.py
13401	2026-08-01T10:06:29.0000000000	/mnt/ems-logs/backups/frdm_kinetics_running_snapshot_20260804_231509/opt/kinetics-gateway/venv/lib/python3.13/site-packages/pygments/lexers/__pycache__/tnt.cpython-313.pyc
13403	2026-08-01T09:57:30.0000000000	/mnt/ems-logs/backups/frdm_kinetics_running_snapshot_20260804_231509/opt/kinetics-gateway/backend/app/protocols/__pycache__/modbus_rtu.cpython-313.pyc
1341	2026-07-25T23:53:10.0000000000	/mnt/ems-logs/backups/frdm_kinetics_running_snapshot_20260804_231509/opt/kinetics-gateway/venv/lib/python3.13/site-packages/openpyxl/chartsheet/views.py
13410	2026-07-25T23:53:15.0000000000	/mnt/ems-logs/backups/frdm_kinetics_running_snapshot_20260804_231509/opt/kinetics-gateway/venv/lib/python3.13/site-packages/fastapi/security/http.py
13414	2026-07-25T23:49:15.0000000000	/mnt/ems-logs/backups/frdm_kinetics_running_snapshot_20260804_231509/opt/kinetics-gateway/venv/lib/python3.13/site-packages/pip/_internal/utils/logging.py
13437	2026-07-25T23:49:15.0000000000	/mnt/ems-logs/backups/frdm_kinetics_running_snapshot_20260804_231509/opt/kinetics-gateway/venv/lib/python3.13/site-packages/pip/_internal/resolution/resolvelib/resolver.py
1344	2026-07-25T23:49:15.0000000000	/mnt/ems-logs/backups/frdm_kinetics_running_snapshot_20260804_231509/opt/kinetics-gateway/venv/lib/python3.13/site-packages/pip-26.1.2.dist-info/licenses/src/pip/_vendor/packaging/LICENSE.BSD
1344	2026-07-25T23:49:15.0000000000	/mnt/ems-logs/backups/frdm_kinetics_running_snapshot_20260804_231509/opt/kinetics-gateway/venv/lib/python3.13/site-packages/pip/_vendor/packaging/LICENSE.BSD
1344	2026-08-01T10:06:25.0000000000	/mnt/ems-logs/backups/frdm_kinetics_running_snapshot_20260804_231509/opt/kinetics-gateway/venv/lib/python3.13/site-packages/pygments/lexers/__pycache__/gcodelexer.cpython-313.pyc
1344	2026-08-01T10:06:30.0000000000	/mnt/ems-logs/backups/frdm_kinetics_running_snapshot_20260804_231509/opt/kinetics-gateway/venv/lib/python3.13/site-packages/packaging-26.2.dist-info/licenses/LICENSE.BSD
13446	2026-08-01T10:06:07.0000000000	/mnt/ems-logs/backups/frdm_kinetics_running_snapshot_20260804_231509/opt/kinetics-gateway/venv/lib/python3.13/site-packages/pip/_vendor/urllib3/util/__pycache__/ssltransport.cpython-313.pyc
134513	2026-08-01T10:06:21.0000000000	/mnt/ems-logs/backups/frdm_kinetics_running_snapshot_20260804_231509/opt/kinetics-gateway/venv/lib/python3.13/site-packages/pygments/lexers/_lasso_builtins.py
13467	2026-08-01T10:06:00.0000000000	/mnt/ems-logs/backups/frdm_kinetics_running_snapshot_20260804_231509/opt/kinetics-gateway/venv/lib/python3.13/site-packages/pip/_vendor/platformdirs/__pycache__/api.cpython-313.pyc
1347	2026-08-01T10:01:23.0000000000	/mnt/ems-logs/backups/frdm_kinetics_running_snapshot_20260804_231509/opt/kinetics-gateway/venv/lib/python3.13/site-packages/httptools/parser/__pycache__/errors.cpython-313.pyc
1348	2026-08-01T10:06:10.0000000000	/mnt/ems-logs/backups/frdm_kinetics_running_snapshot_20260804_231509/opt/kinetics-gateway/venv/lib/python3.13/site-packages/pip/_vendor/distlib/__pycache__/__init__.cpython-313.pyc
13487	2026-07-26T00:10:12.0000000000	/mnt/ems-logs/backups/frdm_kinetics_running_snapshot_20260804_231509/opt/kinetics-gateway/venv/lib/python3.13/site-packages/httpcore2/_sync/http11.py
1349	2026-07-25T23:53:12.0000000000	/mnt/ems-logs/backups/frdm_kinetics_running_snapshot_20260804_231509/opt/kinetics-gateway/venv/lib/python3.13/site-packages/starlette/middleware/__init__.py
135	2026-07-25T23:49:15.0000000000	/mnt/ems-logs/backups/frdm_kinetics_running_snapshot_20260804_231509/opt/kinetics-gateway/venv/lib/python3.13/site-packages/pip/_internal/metadata/importlib/__init__.py
1353	2026-07-25T23:53:08.0000000000	/mnt/ems-logs/backups/frdm_kinetics_running_snapshot_20260804_231509/opt/kinetics-gateway/venv/lib/python3.13/site-packages/idna/compat.py
13584	2026-07-25T23:49:15.0000000000	/mnt/ems-logs/backups/frdm_kinetics_running_snapshot_20260804_231509/opt/kinetics-gateway/venv/lib/python3.13/site-packages/pip/_internal/utils/unpacking.py
1359	2026-07-25T23:53:06.0000000000	/mnt/ems-logs/backups/frdm_kinetics_running_snapshot_20260804_231509/opt/kinetics-gateway/venv/lib/python3.13/site-packages/websockets/utils.py
13609	2026-07-25T23:53:11.0000000000	/mnt/ems-logs/backups/frdm_kinetics_running_snapshot_20260804_231509/opt/kinetics-gateway/venv/lib/python3.13/site-packages/anyio/pytest_plugin.py
13625	2026-07-26T00:10:12.0000000000	/mnt/ems-logs/backups/frdm_kinetics_running_snapshot_20260804_231509/opt/kinetics-gateway/venv/lib/python3.13/site-packages/httpcore2/_sync/socks_proxy.py
136348	2026-07-25T23:53:13.0000000000	/mnt/ems-logs/backups/frdm_kinetics_running_snapshot_20260804_231509/opt/kinetics-gateway/venv/lib/python3.13/site-packages/pydantic/_internal/_generate_schema.py
13638	2026-07-25T23:49:15.0000000000	/mnt/ems-logs/backups/frdm_kinetics_running_snapshot_20260804_231509/opt/kinetics-gateway/venv/lib/python3.13/site-packages/pip/_internal/commands/list.py
1364	2026-07-25T23:49:15.0000000000	/mnt/ems-logs/backups/frdm_kinetics_running_snapshot_20260804_231509/opt/kinetics-gateway/venv/lib/python3.13/site-packages/pip/_internal/distributions/wheel.py
136724	2026-07-29T20:43:36.0000000000	/mnt/ems-logs/backups/frdm_kinetics_running_snapshot_20260804_231509/opt/kinetics-gateway/backend/app/services/bms_pcs_control.py.bak_20260731_043536
136724	2026-07-29T20:43:36.0000000000	/mnt/ems-logs/backups/frdm_kinetics_running_snapshot_20260804_231509/opt/kinetics-gateway/staging/v3_0_0_20260731T161022Z/backend/app/services/bms_pcs_control.py.bak_20260731_043536
1368	2026-07-25T23:53:10.0000000000	/mnt/ems-logs/backups/frdm_kinetics_running_snapshot_20260804_231509/opt/kinetics-gateway/venv/lib/python3.13/site-packages/openpyxl/chart/series_factory.py
1370	2026-08-01T10:06:23.0000000000	/mnt/ems-logs/backups/frdm_kinetics_running_snapshot_20260804_231509/opt/kinetics-gateway/venv/lib/python3.13/site-packages/pygments/lexers/__pycache__/_usd_builtins.cpython-313.pyc
13701	2026-08-01T10:06:21.0000000000	/mnt/ems-logs/backups/frdm_kinetics_running_snapshot_20260804_231509/opt/kinetics-gateway/venv/lib/python3.13/site-packages/pygments/lexers/minecraft.py
137484	2026-07-31T10:05:37.0000000000	/mnt/ems-logs/backups/frdm_kinetics_running_snapshot_20260804_231509/opt/kinetics-gateway/backups/v3_0_0_incremental_before_20260731T161451Z/app/services/bms_pcs_control.py
13764	2026-08-01T10:06:21.0000000000	/mnt/ems-logs/backups/frdm_kinetics_running_snapshot_20260804_231509/opt/kinetics-gateway/venv/lib/python3.13/site-packages/pygments/lexers/modeling.py
13789	2026-07-25T23:53:06.0000000000	/mnt/ems-logs/backups/frdm_kinetics_running_snapshot_20260804_231509/opt/kinetics-gateway/venv/lib/python3.13/site-packages/websockets/client.py
138	2026-07-25T23:53:08.0000000000	/mnt/ems-logs/backups/frdm_kinetics_running_snapshot_20260804_231509/opt/kinetics-gateway/venv/lib/python3.13/site-packages/httptools/parser/python.pxd
138	2026-07-25T23:53:13.0000000000	/mnt/ems-logs/backups/frdm_kinetics_running_snapshot_20260804_231509/opt/kinetics-gateway/venv/lib/python3.13/site-packages/pydantic/typing.py
13819	2026-08-01T10:06:22.0000000000	/mnt/ems-logs/backups/frdm_kinetics_running_snapshot_20260804_231509/opt/kinetics-gateway/venv/lib/python3.13/site-packages/pygments/formatters/__pycache__/rtf.cpython-313.pyc
13827	2026-07-25T23:49:15.0000000000	/mnt/ems-logs/backups/frdm_kinetics_running_snapshot_20260804_231509/opt/kinetics-gateway/venv/lib/python3.13/site-packages/pip/_internal/cli/parser.py
13843	2026-08-01T10:07:22.0000000000	/mnt/ems-logs/backups/frdm_kinetics_running_snapshot_20260804_231509/opt/kinetics-gateway/venv/lib/python3.13/site-packages/httpx2/__pycache__/_multipart.cpython-313.pyc
1385	2026-08-01T09:57:30.0000000000	/mnt/ems-logs/backups/frdm_kinetics_running_snapshot_20260804_231509/opt/kinetics-gateway/backend/app/services/__pycache__/logging_setup.cpython-313.pyc
13852	2026-07-26T00:10:12.0000000000	/mnt/ems-logs/backups/frdm_kinetics_running_snapshot_20260804_231509/opt/kinetics-gateway/venv/lib/python3.13/site-packages/httpcore2/_async/socks_proxy.py
13854	2026-07-25T23:53:10.0000000000	/mnt/ems-logs/backups/frdm_kinetics_running_snapshot_20260804_231509/opt/kinetics-gateway/venv/lib/python3.13/site-packages/openpyxl/worksheet/filters.py
1386	2026-07-25T23:49:15.0000000000	/mnt/ems-logs/backups/frdm_kinetics_running_snapshot_20260804_231509/opt/kinetics-gateway/venv/lib/python3.13/site-packages/pip/_vendor/cachecontrol/caches/redis_cache.py
1391	2026-07-25T23:49:15.0000000000	/mnt/ems-logs/backups/frdm_kinetics_running_snapshot_20260804_231509/opt/kinetics-gateway/venv/lib/python3.13/site-packages/pip/_vendor/rich/protocol.py
13913	2026-07-26T00:10:13.0000000000	/mnt/ems-logs/backups/frdm_kinetics_running_snapshot_20260804_231509/opt/kinetics-gateway/venv/lib/python3.13/site-packages/httpx2/_transports/default.py
1392	2026-08-01T10:06:21.0000000000	/mnt/ems-logs/backups/frdm_kinetics_running_snapshot_20260804_231509/opt/kinetics-gateway/venv/lib/python3.13/site-packages/pygments/lexers/cplint.py
13926	2026-07-26T00:10:12.0000000000	/mnt/ems-logs/backups/frdm_kinetics_running_snapshot_20260804_231509/opt/kinetics-gateway/venv/lib/python3.13/site-packages/httpcore2/_async/http11.py
13936	2026-07-25T23:53:07.0000000000	/mnt/ems-logs/backups/frdm_kinetics_running_snapshot_20260804_231509/opt/kinetics-gateway/venv/lib/python3.13/site-packages/typing_extensions-4.16.0.dist-info/licenses/LICENSE
1394	2026-07-25T23:49:15.0000000000	/mnt/ems-logs/backups/frdm_kinetics_running_snapshot_20260804_231509/opt/kinetics-gateway/venv/lib/python3.13/site-packages/pip/_vendor/rich/_null_file.py
13947	2026-08-01T10:06:31.0000000000	/mnt/ems-logs/backups/frdm_kinetics_running_snapshot_20260804_231509/opt/kinetics-gateway/venv/lib/python3.13/site-packages/_pytest/debugging.py
13949	2026-08-01T10:06:25.0000000000	/mnt/ems-logs/backups/frdm_kinetics_running_snapshot_20260804_231509/opt/kinetics-gateway/venv/lib/python3.13/site-packages/pygments/lexers/__pycache__/installers.cpython-313.pyc
139800	2026-08-01T09:57:24.0000000000	/mnt/ems-logs/backups/frdm_kinetics_running_snapshot_20260804_231509/opt/kinetics-gateway/venv/lib/python3.13/site-packages/click/__pycache__/core.cpython-313.pyc
13997	2026-08-01T10:06:21.0000000000	/mnt/ems-logs/backups/frdm_kinetics_running_snapshot_20260804_231509/opt/kinetics-gateway/venv/lib/python3.13/site-packages/pygments/lexers/_cl_builtins.py
14	2026-08-04T23:15:29.8649498110	/mnt/ems-logs/backups/frdm_kinetics_running_snapshot_20260804_231509/metadata/gateway_python_version.txt
14	2026-08-04T23:15:32.5449895990	/mnt/ems-logs/backups/frdm_kinetics_running_snapshot_20260804_231509/metadata/system_python_version.txt
140	2026-07-25T23:53:13.0000000000	/mnt/ems-logs/backups/frdm_kinetics_running_snapshot_20260804_231509/opt/kinetics-gateway/venv/lib/python3.13/site-packages/pydantic/json.py
14004	2026-07-25T23:49:15.0000000000	/mnt/ems-logs/backups/frdm_kinetics_running_snapshot_20260804_231509/opt/kinetics-gateway/venv/lib/python3.13/site-packages/pip/_vendor/rich/layout.py
1402	2026-07-25T23:53:07.0000000000	/mnt/ems-logs/backups/frdm_kinetics_running_snapshot_20260804_231509/opt/kinetics-gateway/venv/lib/python3.13/site-packages/_yaml/__init__.py
14022	2026-07-25T23:49:15.0000000000	/mnt/ems-logs/backups/frdm_kinetics_running_snapshot_20260804_231509/opt/kinetics-gateway/venv/lib/python3.13/site-packages/pip/_internal/locations/__init__.py
14023	2026-08-01T10:05:59.0000000000	/mnt/ems-logs/backups/frdm_kinetics_running_snapshot_20260804_231509/opt/kinetics-gateway/venv/lib/python3.13/site-packages/pip/_vendor/rich/__pycache__/logging.cpython-313.pyc
140235	2026-07-25T23:49:15.0000000000	/mnt/ems-logs/backups/frdm_kinetics_running_snapshot_20260804_231509/opt/kinetics-gateway/venv/lib/python3.13/site-packages/pip/_vendor/rich/_emoji_codes.py
140616	2026-07-25T23:53:08.0000000000	/mnt/ems-logs/backups/frdm_kinetics_running_snapshot_20260804_231509/opt/kinetics-gateway/venv/lib/python3.13/site-packages/click/core.py
1409	2026-08-01T10:06:21.0000000000	/mnt/ems-logs/backups/frdm_kinetics_running_snapshot_20260804_231509/opt/kinetics-gateway/venv/lib/python3.13/site-packages/pygments/styles/bw.py
141	2026-07-25T23:53:13.0000000000	/mnt/ems-logs/backups/frdm_kinetics_running_snapshot_20260804_231509/opt/kinetics-gateway/venv/lib/python3.13/site-packages/pydantic/parse.py
141	2026-07-25T23:53:13.0000000000	/mnt/ems-logs/backups/frdm_kinetics_running_snapshot_20260804_231509/opt/kinetics-gateway/venv/lib/python3.13/site-packages/pydantic/tools.py
141	2026-07-25T23:53:13.0000000000	/mnt/ems-logs/backups/frdm_kinetics_running_snapshot_20260804_231509/opt/kinetics-gateway/venv/lib/python3.13/site-packages/pydantic/utils.py
141	2026-07-25T23:53:15.0000000000	/mnt/ems-logs/backups/frdm_kinetics_running_snapshot_20260804_231509/opt/kinetics-gateway/venv/lib/python3.13/site-packages/fastapi/security/base.py
14105	2026-07-25T23:53:13.0000000000	/mnt/ems-logs/backups/frdm_kinetics_running_snapshot_20260804_231509/opt/kinetics-gateway/venv/lib/python3.13/site-packages/pydantic/v1/env_settings.py
14120	2026-08-01T10:06:08.0000000000	/mnt/ems-logs/backups/frdm_kinetics_running_snapshot_20260804_231509/opt/kinetics-gateway/venv/lib/python3.13/site-packages/pip/_vendor/requests/__pycache__/auth.cpython-313.pyc
14130	2026-08-01T09:57:24.0000000000	/mnt/ems-logs/backups/frdm_kinetics_running_snapshot_20260804_231509/opt/kinetics-gateway/venv/lib/python3.13/site-packages/click/__pycache__/formatting.cpython-313.pyc
14163	2026-08-01T10:06:30.0000000000	/mnt/ems-logs/backups/frdm_kinetics_running_snapshot_20260804_231509/opt/kinetics-gateway/venv/lib/python3.13/site-packages/pygments/__pycache__/util.cpython-313.pyc
14167	2026-08-01T10:05:59.0000000000	/mnt/ems-logs/backups/frdm_kinetics_running_snapshot_20260804_231509/opt/kinetics-gateway/venv/lib/python3.13/site-packages/pip/_vendor/pygments/__pycache__/util.cpython-313.pyc
1417	2026-07-25T23:49:15.0000000000	/mnt/ems-logs/backups/frdm_kinetics_running_snapshot_20260804_231509/opt/kinetics-gateway/venv/lib/python3.13/site-packages/pip/_vendor/cachecontrol/wrapper.py
14190	2026-07-25T23:53:07.0000000000	/mnt/ems-logs/backups/frdm_kinetics_running_snapshot_20260804_231509/opt/kinetics-gateway/venv/lib/python3.13/site-packages/yaml/representer.py
142	2026-07-25T23:53:13.0000000000	/mnt/ems-logs/backups/frdm_kinetics_running_snapshot_20260804_231509/opt/kinetics-gateway/venv/lib/python3.13/site-packages/pydantic/schema.py
142	2026-07-25T23:53:15.0000000000	/mnt/ems-logs/backups/frdm_kinetics_running_snapshot_20260804_231509/opt/kinetics-gateway/venv/lib/python3.13/site-packages/fastapi/requests.py
142	2026-08-01T00:40:27.0000000000	/mnt/ems-logs/backups/frdm_kinetics_running_snapshot_20260804_231509/opt/kinetics-gateway/backend/app/__pycache__/__init__.cpython-313.pyc
1421	2026-07-25T23:49:15.0000000000	/mnt/ems-logs/backups/frdm_kinetics_running_snapshot_20260804_231509/opt/kinetics-gateway/venv/lib/python3.13/site-packages/pip/_internal/operations/build/metadata.py
14229	2026-08-01T10:06:24.0000000000	/mnt/ems-logs/backups/frdm_kinetics_running_snapshot_20260804_231509/opt/kinetics-gateway/venv/lib/python3.13/site-packages/pygments/lexers/__pycache__/csound.cpython-313.pyc
1425	2026-08-01T10:06:30.0000000000	/mnt/ems-logs/backups/frdm_kinetics_running_snapshot_20260804_231509/opt/kinetics-gateway/venv/lib/python3.13/site-packages/pygments/lexers/__pycache__/xorg.cpython-313.pyc
14268	2026-08-01T10:06:34.0000000000	/mnt/ems-logs/backups/frdm_kinetics_running_snapshot_20260804_231509/opt/kinetics-gateway/venv/lib/python3.13/site-packages/_pytest/__pycache__/skipping.cpython-313.pyc
14274	2026-08-01T10:01:22.0000000000	/mnt/ems-logs/backups/frdm_kinetics_running_snapshot_20260804_231509/opt/kinetics-gateway/venv/lib/python3.13/site-packages/pydantic/v1/__pycache__/decorator.cpython-313.pyc
14279	2026-07-26T00:10:12.0000000000	/mnt/ems-logs/backups/frdm_kinetics_running_snapshot_20260804_231509/opt/kinetics-gateway/venv/lib/python3.13/site-packages/httpcore2/_sync/http_proxy.py
1429	2026-08-01T10:06:21.0000000000	/mnt/ems-logs/backups/frdm_kinetics_running_snapshot_20260804_231509/opt/kinetics-gateway/venv/lib/python3.13/site-packages/pygments/lexers/compiled.py
14299	2026-07-27T09:05:59.0000000000	/mnt/ems-logs/backups/frdm_kinetics_running_snapshot_20260804_231509/opt/kinetics-gateway/venv/lib/python3.13/site-packages/serial/urlhandler/protocol_socket.py
143	2026-07-25T23:53:07.0000000000	/mnt/ems-logs/backups/frdm_kinetics_running_snapshot_20260804_231509/opt/kinetics-gateway/venv/lib/python3.13/site-packages/uvloop/request.pxd
14318	2026-08-01T09:57:27.0000000000	/mnt/ems-logs/backups/frdm_kinetics_running_snapshot_20260804_231509/opt/kinetics-gateway/venv/lib/python3.13/site-packages/pydantic/_internal/__pycache__/_known_annotated_metadata.cpython-313.pyc
1432	2026-07-25T23:53:10.0000000000	/mnt/ems-logs/backups/frdm_kinetics_running_snapshot_20260804_231509/opt/kinetics-gateway/venv/lib/python3.13/site-packages/openpyxl/styles/proxy.py
14374	2026-08-01T10:06:27.0000000000	/mnt/ems-logs/backups/frdm_kinetics_running_snapshot_20260804_231509/opt/kinetics-gateway/venv/lib/python3.13/site-packages/pygments/lexers/__pycache__/mojo.cpython-313.pyc
14377	2026-08-01T10:06:27.0000000000	/mnt/ems-logs/backups/frdm_kinetics_running_snapshot_20260804_231509/opt/kinetics-gateway/venv/lib/python3.13/site-packages/pygments/lexers/__pycache__/php.cpython-313.pyc
144	2026-07-25T23:53:13.0000000000	/mnt/ems-logs/backups/frdm_kinetics_running_snapshot_20260804_231509/opt/kinetics-gateway/venv/lib/python3.13/site-packages/pydantic/_internal/_internal_dataclass.py
144	2026-07-25T23:53:13.0000000000	/mnt/ems-logs/backups/frdm_kinetics_running_snapshot_20260804_231509/opt/kinetics-gateway/venv/lib/python3.13/site-packages/pydantic/generics.py
1440	2026-07-25T23:53:07.0000000000	/mnt/ems-logs/backups/frdm_kinetics_running_snapshot_20260804_231509/opt/kinetics-gateway/venv/lib/python3.13/site-packages/yaml/nodes.py
14403	2026-08-01T09:57:25.0000000000	/mnt/ems-logs/backups/frdm_kinetics_running_snapshot_20260804_231509/opt/kinetics-gateway/venv/lib/python3.13/site-packages/pydantic/__pycache__/__init__.cpython-313.pyc
1441	2026-08-01T10:06:44.0000000000	/mnt/ems-logs/backups/frdm_kinetics_running_snapshot_20260804_231509/opt/kinetics-gateway/venv/lib/python3.13/site-packages/anyio/_core/__pycache__/_signals.cpython-313-pytest-8.4.2.pyc
1443	2026-08-01T10:06:21.0000000000	/mnt/ems-logs/backups/frdm_kinetics_running_snapshot_20260804_231509/opt/kinetics-gateway/venv/lib/python3.13/site-packages/pygments/styles/sas.py
1448	2026-08-01T10:02:36.0000000000	/mnt/ems-logs/backups/frdm_kinetics_running_snapshot_20260804_231509/opt/kinetics-gateway/backend/tests/__pycache__/test_codec.cpython-313.pyc
14494	2026-08-01T10:06:21.0000000000	/mnt/ems-logs/backups/frdm_kinetics_running_snapshot_20260804_231509/opt/kinetics-gateway/venv/lib/python3.13/site-packages/pygments/lexers/installers.py
145	2026-07-25T23:53:13.0000000000	/mnt/ems-logs/backups/frdm_kinetics_running_snapshot_20260804_231509/opt/kinetics-gateway/venv/lib/python3.13/site-packages/pydantic/decorator.py
1451	2026-07-25T23:49:15.0000000000	/mnt/ems-logs/backups/frdm_kinetics_running_snapshot_20260804_231509/opt/kinetics-gateway/venv/lib/python3.13/site-packages/pip/__pip-runner__.py
14517	2026-07-26T00:10:12.0000000000	/mnt/ems-logs/backups/frdm_kinetics_running_snapshot_20260804_231509/opt/kinetics-gateway/venv/lib/python3.13/site-packages/httpcore2/_async/http_proxy.py
1453	2026-08-01T10:06:21.0000000000	/mnt/ems-logs/backups/frdm_kinetics_running_snapshot_20260804_231509/opt/kinetics-gateway/venv/lib/python3.13/site-packages/pygments/lexers/tlb.py
14531	2026-07-25T23:49:15.0000000000	/mnt/ems-logs/backups/frdm_kinetics_running_snapshot_20260804_231509/opt/kinetics-gateway/venv/lib/python3.13/site-packages/pip-26.1.2.dist-info/licenses/src/pip/_vendor/distlib/LICENSE.txt
14531	2026-07-25T23:49:15.0000000000	/mnt/ems-logs/backups/frdm_kinetics_running_snapshot_20260804_231509/opt/kinetics-gateway/venv/lib/python3.13/site-packages/pip/_vendor/distlib/LICENSE.txt
14538	2026-08-01T09:57:28.0000000000	/mnt/ems-logs/backups/frdm_kinetics_running_snapshot_20260804_231509/opt/kinetics-gateway/venv/lib/python3.13/site-packages/fastapi/security/__pycache__/http.cpython-313.pyc
1454	2026-07-25T23:53:10.0000000000	/mnt/ems-logs/backups/frdm_kinetics_running_snapshot_20260804_231509/opt/kinetics-gateway/venv/lib/python3.13/site-packages/openpyxl/chart/print_settings.py
1455	2026-07-25T23:53:10.0000000000	/mnt/ems-logs/backups/frdm_kinetics_running_snapshot_20260804_231509/opt/kinetics-gateway/venv/lib/python3.13/site-packages/openpyxl/drawing/image.py
14562	2026-07-25T23:53:06.0000000000	/mnt/ems-logs/backups/frdm_kinetics_running_snapshot_20260804_231509/opt/kinetics-gateway/venv/lib/python3.13/site-packages/uvloop/dns.pyx
14568	2026-07-25T23:49:15.0000000000	/mnt/ems-logs/backups/frdm_kinetics_running_snapshot_20260804_231509/opt/kinetics-gateway/venv/lib/python3.13/site-packages/pip/_internal/configuration.py
145684	2026-07-31T15:16:02.0000000000	/mnt/ems-logs/backups/frdm_kinetics_running_snapshot_20260804_231509/opt/kinetics-gateway/staging/v3_0_0_20260731T161022Z/backend/app/services/bms_pcs_control.py
145684	2026-07-31T21:44:51.0000000000	/mnt/ems-logs/backups/frdm_kinetics_running_snapshot_20260804_231509/opt/kinetics-gateway/backups/v3_0_0_incremental_before_20260731T161610Z/app/services/bms_pcs_control.py
14582	2026-08-01T10:07:19.0000000000	/mnt/ems-logs/backups/frdm_kinetics_running_snapshot_20260804_231509/opt/kinetics-gateway/backend/tests/__pycache__/test_api.cpython-313-pytest-8.4.2.pyc
146	2026-07-25T23:53:13.0000000000	/mnt/ems-logs/backups/frdm_kinetics_running_snapshot_20260804_231509/opt/kinetics-gateway/venv/lib/python3.13/site-packages/pydantic/validators.py
146	2026-08-01T09:57:29.0000000000	/mnt/ems-logs/backups/frdm_kinetics_running_snapshot_20260804_231509/opt/kinetics-gateway/backend/app/api/__pycache__/__init__.cpython-313.pyc
1460	2026-08-01T09:57:24.0000000000	/mnt/ems-logs/backups/frdm_kinetics_running_snapshot_20260804_231509/opt/kinetics-gateway/venv/lib/python3.13/site-packages/click/__pycache__/_utils.cpython-313.pyc
14608	2026-07-25T23:53:15.0000000000	/mnt/ems-logs/backups/frdm_kinetics_running_snapshot_20260804_231509/opt/kinetics-gateway/venv/lib/python3.13/site-packages/fastapi/openapi/models.py
1461	2026-07-25T23:49:15.0000000000	/mnt/ems-logs/backups/frdm_kinetics_running_snapshot_20260804_231509/opt/kinetics-gateway/venv/lib/python3.13/site-packages/pip/_internal/utils/retry.py
14625	2026-08-01T10:06:31.0000000000	/mnt/ems-logs/backups/frdm_kinetics_running_snapshot_20260804_231509/opt/kinetics-gateway/venv/lib/python3.13/site-packages/_pytest/monkeypatch.py
1466	2026-07-25T23:53:10.0000000000	/mnt/ems-logs/backups/frdm_kinetics_running_snapshot_20260804_231509/opt/kinetics-gateway/venv/lib/python3.13/site-packages/openpyxl/comments/comments.py
14672	2026-07-25T23:53:13.0000000000	/mnt/ems-logs/backups/frdm_kinetics_running_snapshot_20260804_231509/opt/kinetics-gateway/venv/lib/python3.13/site-packages/pydantic/v1/class_validators.py
14683	2026-07-25T23:53:07.0000000000	/mnt/ems-logs/backups/frdm_kinetics_running_snapshot_20260804_231509/opt/kinetics-gateway/venv/lib/python3.13/site-packages/dotenv/main.py
14688	2026-07-25T23:53:08.0000000000	/mnt/ems-logs/backups/frdm_kinetics_running_snapshot_20260804_231509/opt/kinetics-gateway/venv/lib/python3.13/site-packages/et_xmlfile-2.0.0.dist-info/LICENCE.python
14691	2026-08-01T10:06:22.0000000000	/mnt/ems-logs/backups/frdm_kinetics_running_snapshot_20260804_231509/opt/kinetics-gateway/venv/lib/python3.13/site-packages/pygments/lexers/__pycache__/__init__.cpython-313.pyc
147	2026-07-25T23:53:09.0000000000	/mnt/ems-logs/backups/frdm_kinetics_running_snapshot_20260804_231509/opt/kinetics-gateway/venv/lib/python3.13/site-packages/uvicorn/__init__.py
147	2026-08-01T09:57:29.0000000000	/mnt/ems-logs/backups/frdm_kinetics_running_snapshot_20260804_231509/opt/kinetics-gateway/backend/app/core/__pycache__/__init__.cpython-313.pyc
14716	2026-08-01T10:06:30.0000000000	/mnt/ems-logs/backups/frdm_kinetics_running_snapshot_20260804_231509/opt/kinetics-gateway/venv/lib/python3.13/site-packages/packaging/__pycache__/direct_url.cpython-313.pyc
14728	2026-08-01T10:06:01.0000000000	/mnt/ems-logs/backups/frdm_kinetics_running_snapshot_20260804_231509/opt/kinetics-gateway/venv/lib/python3.13/site-packages/pip/_vendor/packaging/__pycache__/direct_url.cpython-313.pyc
14748	2026-08-01T10:05:59.0000000000	/mnt/ems-logs/backups/frdm_kinetics_running_snapshot_20260804_231509/opt/kinetics-gateway/venv/lib/python3.13/site-packages/pip/_vendor/pygments/lexers/__pycache__/__init__.cpython-313.pyc
1475	2026-07-25T23:53:08.0000000000	/mnt/ems-logs/backups/frdm_kinetics_running_snapshot_20260804_231509/opt/kinetics-gateway/venv/lib/python3.13/site-packages/click-8.4.2.dist-info/licenses/LICENSE.txt
147560	2026-08-01T10:01:29.0000000000	/mnt/ems-logs/backups/frdm_kinetics_running_snapshot_20260804_231509/opt/kinetics-gateway/venv/lib/python3.13/site-packages/anyio/_backends/__pycache__/_asyncio.cpython-313.pyc
14761	2026-08-01T10:06:00.0000000000	/mnt/ems-logs/backups/frdm_kinetics_running_snapshot_20260804_231509/opt/kinetics-gateway/venv/lib/python3.13/site-packages/pip/_vendor/platformdirs/__pycache__/unix.cpython-313.pyc
1478	2026-07-25T23:49:15.0000000000	/mnt/ems-logs/backups/frdm_kinetics_running_snapshot_20260804_231509/opt/kinetics-gateway/venv/lib/python3.13/site-packages/pip/_internal/operations/build/wheel_editable.py
1478	2026-07-25T23:53:12.0000000000	/mnt/ems-logs/backups/frdm_kinetics_running_snapshot_20260804_231509/opt/kinetics-gateway/venv/lib/python3.13/site-packages/starlette/exceptions.py
14792	2026-07-26T00:10:13.0000000000	/mnt/ems-logs/backups/frdm_kinetics_running_snapshot_20260804_231509/opt/kinetics-gateway/venv/lib/python3.13/site-packages/httpx2/_api.py
148	2026-07-25T23:53:13.0000000000	/mnt/ems-logs/backups/frdm_kinetics_running_snapshot_20260804_231509/opt/kinetics-gateway/venv/lib/python3.13/site-packages/pydantic/class_validators.py
148	2026-07-25T23:53:13.0000000000	/mnt/ems-logs/backups/frdm_kinetics_running_snapshot_20260804_231509/opt/kinetics-gateway/venv/lib/python3.13/site-packages/pydantic/env_settings.py
1482	2026-08-01T10:06:11.0000000000	/mnt/ems-logs/backups/frdm_kinetics_running_snapshot_20260804_231509/opt/kinetics-gateway/venv/lib/python3.13/site-packages/pip/_vendor/truststore/__pycache__/__init__.cpython-313.pyc
14839	2026-07-25T23:53:13.0000000000	/mnt/ems-logs/backups/frdm_kinetics_running_snapshot_20260804_231509/opt/kinetics-gateway/venv/lib/python3.13/site-packages/pydantic/_internal/_config.py
14847	2026-07-25T23:53:13.0000000000	/mnt/ems-logs/backups/frdm_kinetics_running_snapshot_20260804_231509/opt/kinetics-gateway/venv/lib/python3.13/site-packages/pydantic/v1/_hypothesis_plugin.py
14864	2026-08-01T10:06:29.0000000000	/mnt/ems-logs/backups/frdm_kinetics_running_snapshot_20260804_231509/opt/kinetics-gateway/venv/lib/python3.13/site-packages/pygments/lexers/__pycache__/theorem.cpython-313.pyc
14879	2026-07-29T20:44:06.0000000000	/mnt/ems-logs/backups/frdm_kinetics_running_snapshot_20260804_231509/opt/kinetics-gateway/backups/v3_0_0_incremental_before_20260731T161451Z/tests/test_bms_pcs_control.py
1489	2026-07-25T23:53:15.0000000000	/mnt/ems-logs/backups/frdm_kinetics_running_snapshot_20260804_231509/opt/kinetics-gateway/venv/lib/python3.13/site-packages/fastapi/concurrency.py
149	2026-07-25T23:53:09.0000000000	/mnt/ems-logs/backups/frdm_kinetics_running_snapshot_20260804_231509/opt/kinetics-gateway/venv/lib/python3.13/site-packages/pydantic_core-2.46.4.dist-info/WHEEL
149	2026-07-25T23:53:12.0000000000	/mnt/ems-logs/backups/frdm_kinetics_running_snapshot_20260804_231509/opt/kinetics-gateway/venv/lib/python3.13/site-packages/watchfiles-1.2.0.dist-info/WHEEL
149	2026-08-01T09:57:29.0000000000	/mnt/ems-logs/backups/frdm_kinetics_running_snapshot_20260804_231509/opt/kinetics-gateway/backend/app/assets/__pycache__/__init__.cpython-313.pyc
1491	2026-07-25T23:53:13.0000000000	/mnt/ems-logs/backups/frdm_kinetics_running_snapshot_20260804_231509/opt/kinetics-gateway/venv/lib/python3.13/site-packages/pydantic/_internal/_serializers.py
1491	2026-08-01T10:02:36.0000000000	/mnt/ems-logs/backups/frdm_kinetics_running_snapshot_20260804_231509/opt/kinetics-gateway/backend/tests/__pycache__/test_catalogs.cpython-313.pyc
1493	2026-08-01T10:02:36.0000000000	/mnt/ems-logs/backups/frdm_kinetics_running_snapshot_20260804_231509/opt/kinetics-gateway/backend/tools/__pycache__/scheduler_report.cpython-313.pyc
14936	2026-07-25T23:49:15.0000000000	/mnt/ems-logs/backups/frdm_kinetics_running_snapshot_20260804_231509/opt/kinetics-gateway/venv/lib/python3.13/site-packages/pip/_vendor/pyproject_hooks/_impl.py
14954	2026-08-01T09:57:25.0000000000	/mnt/ems-logs/backups/frdm_kinetics_running_snapshot_20260804_231509/opt/kinetics-gateway/venv/lib/python3.13/site-packages/anyio/streams/__pycache__/memory.cpython-313.pyc
1497	2026-08-01T10:06:28.0000000000	/mnt/ems-logs/backups/frdm_kinetics_running_snapshot_20260804_231509/opt/kinetics-gateway/venv/lib/python3.13/site-packages/pygments/lexers/__pycache__/rita.cpython-313.pyc
150	2026-07-25T23:53:13.0000000000	/mnt/ems-logs/backups/frdm_kinetics_running_snapshot_20260804_231509/opt/kinetics-gateway/venv/lib/python3.13/site-packages/pydantic/datetime_parse.py
150	2026-07-25T23:53:13.0000000000	/mnt/ems-logs/backups/frdm_kinetics_running_snapshot_20260804_231509/opt/kinetics-gateway/venv/lib/python3.13/site-packages/pydantic/error_wrappers.py
150	2026-08-01T09:57:30.0000000000	/mnt/ems-logs/backups/frdm_kinetics_running_snapshot_20260804_231509/opt/kinetics-gateway/backend/app/storage/__pycache__/__init__.cpython-313.pyc
15009	2026-07-25T23:53:09.0000000000	/mnt/ems-logs/backups/frdm_kinetics_running_snapshot_20260804_231509/opt/kinetics-gateway/venv/lib/python3.13/site-packages/annotated_types-0.8.0.dist-info/METADATA
15013	2026-07-25T23:53:10.0000000000	/mnt/ems-logs/backups/frdm_kinetics_running_snapshot_20260804_231509/opt/kinetics-gateway/venv/lib/python3.13/site-packages/openpyxl/worksheet/cell_range.py
1502	2026-07-25T23:49:15.0000000000	/mnt/ems-logs/backups/frdm_kinetics_running_snapshot_20260804_231509/opt/kinetics-gateway/venv/lib/python3.13/site-packages/pip/_vendor/requests/_internal_utils.py
150220	2026-08-01T10:07:17.0000000000	/mnt/ems-logs/backups/frdm_kinetics_running_snapshot_20260804_231509/opt/kinetics-gateway/backend/app/services/__pycache__/bms_pcs_control.cpython-313.pyc
15029	2026-07-27T11:40:36.0000000000	/mnt/ems-logs/backups/frdm_kinetics_running_snapshot_20260804_231509/opt/kinetics-gateway/backend/protocol_sources/pcs_hmi/PCS.xlsx
15029	2026-07-27T11:40:36.0000000000	/mnt/ems-logs/backups/frdm_kinetics_running_snapshot_20260804_231509/opt/kinetics-gateway/staging/v3_0_0_20260731T161022Z/backend/protocol_sources/pcs_hmi/PCS.xlsx
1503	2026-07-25T23:49:15.0000000000	/mnt/ems-logs/backups/frdm_kinetics_running_snapshot_20260804_231509/opt/kinetics-gateway/venv/lib/python3.13/site-packages/pip/_internal/models/selection_prefs.py
1505	2026-07-25T23:49:15.0000000000	/mnt/ems-logs/backups/frdm_kinetics_running_snapshot_20260804_231509/opt/kinetics-gateway/venv/lib/python3.13/site-packages/pip/_vendor/platformdirs/__main__.py
15068	2026-08-01T10:06:45.0000000000	/mnt/ems-logs/backups/frdm_kinetics_running_snapshot_20260804_231509/opt/kinetics-gateway/venv/lib/python3.13/site-packages/anyio/streams/__pycache__/memory.cpython-313-pytest-8.4.2.pyc
1507	2026-07-25T23:53:08.0000000000	/mnt/ems-logs/backups/frdm_kinetics_running_snapshot_20260804_231509/opt/kinetics-gateway/venv/lib/python3.13/site-packages/h11/__init__.py
1507	2026-08-01T10:06:21.0000000000	/mnt/ems-logs/backups/frdm_kinetics_running_snapshot_20260804_231509/opt/kinetics-gateway/venv/lib/python3.13/site-packages/pygments/styles/xcode.py
15088	2026-07-25T23:53:10.0000000000	/mnt/ems-logs/backups/frdm_kinetics_running_snapshot_20260804_231509/opt/kinetics-gateway/venv/lib/python3.13/site-packages/openpyxl/formula/tokenizer.py
1509	2026-07-25T23:49:15.0000000000	/mnt/ems-logs/backups/frdm_kinetics_running_snapshot_20260804_231509/opt/kinetics-gateway/venv/lib/python3.13/site-packages/pip/_internal/operations/build/metadata_editable.py
1509	2026-08-01T10:06:21.0000000000	/mnt/ems-logs/backups/frdm_kinetics_running_snapshot_20260804_231509/opt/kinetics-gateway/venv/lib/python3.13/site-packages/pygments/lexers/trafficscript.py
151	2026-08-01T09:57:29.0000000000	/mnt/ems-logs/backups/frdm_kinetics_running_snapshot_20260804_231509/opt/kinetics-gateway/backend/app/security/__pycache__/__init__.cpython-313.pyc
151	2026-08-01T09:57:29.0000000000	/mnt/ems-logs/backups/frdm_kinetics_running_snapshot_20260804_231509/opt/kinetics-gateway/backend/app/services/__pycache__/__init__.cpython-313.pyc
1510	2026-08-01T10:06:30.0000000000	/mnt/ems-logs/backups/frdm_kinetics_running_snapshot_20260804_231509/opt/kinetics-gateway/venv/lib/python3.13/site-packages/pygments/styles/__pycache__/vs.cpython-313.pyc
15139	2026-08-01T10:06:24.0000000000	/mnt/ems-logs/backups/frdm_kinetics_running_snapshot_20260804_231509/opt/kinetics-gateway/venv/lib/python3.13/site-packages/pygments/lexers/__pycache__/crystal.cpython-313.pyc
1514	2026-07-25T23:53:06.0000000000	/mnt/ems-logs/backups/frdm_kinetics_running_snapshot_20260804_231509/opt/kinetics-gateway/venv/lib/python3.13/site-packages/websockets-16.1.1.dist-info/licenses/LICENSE
15140	2026-07-25T23:53:08.0000000000	/mnt/ems-logs/backups/frdm_kinetics_running_snapshot_20260804_231509/opt/kinetics-gateway/venv/lib/python3.13/site-packages/httptools/parser/parser.pyx
15154	2026-08-01T10:06:17.0000000000	/mnt/ems-logs/backups/frdm_kinetics_running_snapshot_20260804_231509/opt/kinetics-gateway/venv/lib/python3.13/site-packages/pip/_internal/resolution/resolvelib/__pycache__/requirements.cpython-313.pyc
151570	2026-08-01T09:57:25.0000000000	/mnt/ems-logs/backups/frdm_kinetics_running_snapshot_20260804_231509/opt/kinetics-gateway/venv/lib/python3.13/site-packages/pydantic_core/__pycache__/core_schema.cpython-313.pyc
1516	2026-07-25T23:53:07.0000000000	/mnt/ems-logs/backups/frdm_kinetics_running_snapshot_20260804_231509/opt/kinetics-gateway/venv/lib/python3.13/site-packages/uvloop/handles/async_.pyx
15165	2026-07-25T23:53:12.0000000000	/mnt/ems-logs/backups/frdm_kinetics_running_snapshot_20260804_231509/opt/kinetics-gateway/venv/lib/python3.13/site-packages/watchfiles/main.py
15176	2026-07-25T23:53:09.0000000000	/mnt/ems-logs/backups/frdm_kinetics_running_snapshot_20260804_231509/opt/kinetics-gateway/venv/lib/python3.13/site-packages/uvicorn/protocols/websockets/websockets_impl.py
1518	2026-07-25T23:53:12.0000000000	/mnt/ems-logs/backups/frdm_kinetics_running_snapshot_20260804_231509/opt/kinetics-gateway/venv/lib/python3.13/site-packages/starlette-1.3.1.dist-info/licenses/LICENSE.md
15180	2026-07-25T23:49:15.0000000000	/mnt/ems-logs/backups/frdm_kinetics_running_snapshot_20260804_231509/opt/kinetics-gateway/venv/lib/python3.13/site-packages/pip/_vendor/rich/live.py
152	2026-08-01T00:40:27.0000000000	/mnt/ems-logs/backups/frdm_kinetics_running_snapshot_20260804_231509/opt/kinetics-gateway/backend/app/protocols/__pycache__/__init__.cpython-313.pyc
1521	2026-07-25T23:53:10.0000000000	/mnt/ems-logs/backups/frdm_kinetics_running_snapshot_20260804_231509/opt/kinetics-gateway/venv/lib/python3.13/site-packages/openpyxl/chart/radar_chart.py
15244	2026-07-25T23:53:12.0000000000	/mnt/ems-logs/backups/frdm_kinetics_running_snapshot_20260804_231509/opt/kinetics-gateway/venv/lib/python3.13/site-packages/watchfiles/run.py
15251	2026-07-25T23:53:10.0000000000	/mnt/ems-logs/backups/frdm_kinetics_running_snapshot_20260804_231509/opt/kinetics-gateway/venv/lib/python3.13/site-packages/openpyxl/drawing/colors.py
15256	2026-07-25T23:49:15.0000000000	/mnt/ems-logs/backups/frdm_kinetics_running_snapshot_20260804_231509/opt/kinetics-gateway/venv/lib/python3.13/site-packages/pip/_vendor/urllib3/util/url.py
1526	2026-07-25T23:53:09.0000000000	/mnt/ems-logs/backups/frdm_kinetics_running_snapshot_20260804_231509/opt/kinetics-gateway/venv/lib/python3.13/site-packages/uvicorn-0.51.0.dist-info/licenses/LICENSE.md
1527	2026-07-25T23:53:15.0000000000	/mnt/ems-logs/backups/frdm_kinetics_running_snapshot_20260804_231509/opt/kinetics-gateway/venv/lib/python3.13/site-packages/fastapi/.agents/skills/fastapi/references/other-tools.md
15285	2026-08-04T23:15:29.6649468420	/mnt/ems-logs/backups/frdm_kinetics_running_snapshot_20260804_231509/metadata/running_processes.txt
1529	2026-08-01T09:57:29.0000000000	/mnt/ems-logs/backups/frdm_kinetics_running_snapshot_20260804_231509/opt/kinetics-gateway/venv/lib/python3.13/site-packages/fastapi/middleware/__pycache__/asyncexitstack.cpython-313.pyc
153	2026-07-25T23:53:15.0000000000	/mnt/ems-logs/backups/frdm_kinetics_running_snapshot_20260804_231509/opt/kinetics-gateway/venv/lib/python3.13/site-packages/fastapi/openapi/constants.py
1530	2026-08-01T10:06:30.0000000000	/mnt/ems-logs/backups/frdm_kinetics_running_snapshot_20260804_231509/opt/kinetics-gateway/venv/lib/python3.13/site-packages/pluggy-1.6.0.dist-info/RECORD
153193	2026-08-01T10:06:45.0000000000	/mnt/ems-logs/backups/frdm_kinetics_running_snapshot_20260804_231509/opt/kinetics-gateway/venv/lib/python3.13/site-packages/anyio/_backends/__pycache__/_asyncio.cpython-313-pytest-8.4.2.pyc
1532	2026-08-01T10:06:29.0000000000	/mnt/ems-logs/backups/frdm_kinetics_running_snapshot_20260804_231509/opt/kinetics-gateway/venv/lib/python3.13/site-packages/pygments/lexers/__pycache__/text.cpython-313.pyc
1535	2026-07-25T23:53:07.0000000000	/mnt/ems-logs/backups/frdm_kinetics_running_snapshot_20260804_231509/opt/kinetics-gateway/venv/lib/python3.13/site-packages/uvloop/handles/stream.pxd
154	2026-08-01T10:06:31.0000000000	/mnt/ems-logs/backups/frdm_kinetics_running_snapshot_20260804_231509/opt/kinetics-gateway/venv/lib/python3.13/site-packages/pytest/__main__.py
1541	2026-07-25T23:49:15.0000000000	/mnt/ems-logs/backups/frdm_kinetics_running_snapshot_20260804_231509/opt/kinetics-gateway/venv/lib/python3.13/site-packages/pip-26.1.2.dist-info/licenses/src/pip/_vendor/idna/LICENSE.md
1541	2026-07-25T23:49:15.0000000000	/mnt/ems-logs/backups/frdm_kinetics_running_snapshot_20260804_231509/opt/kinetics-gateway/venv/lib/python3.13/site-packages/pip/_vendor/idna/LICENSE.md
1541	2026-07-25T23:53:08.0000000000	/mnt/ems-logs/backups/frdm_kinetics_running_snapshot_20260804_231509/opt/kinetics-gateway/venv/lib/python3.13/site-packages/idna-3.18.dist-info/licenses/LICENSE.md
1541	2026-08-01T10:06:01.0000000000	/mnt/ems-logs/backups/frdm_kinetics_running_snapshot_20260804_231509/opt/kinetics-gateway/venv/lib/python3.13/site-packages/pip/_internal/utils/__pycache__/datetime.cpython-313.pyc
15423	2026-08-01T10:05:59.0000000000	/mnt/ems-logs/backups/frdm_kinetics_running_snapshot_20260804_231509/opt/kinetics-gateway/venv/lib/python3.13/site-packages/pip/_internal/utils/__pycache__/logging.cpython-313.pyc
1543	2026-07-25T23:49:15.0000000000	/mnt/ems-logs/backups/frdm_kinetics_running_snapshot_20260804_231509/opt/kinetics-gateway/venv/lib/python3.13/site-packages/pip/_vendor/resolvelib/resolvers/abstract.py
1543	2026-08-01T10:06:21.0000000000	/mnt/ems-logs/backups/frdm_kinetics_running_snapshot_20260804_231509/opt/kinetics-gateway/venv/lib/python3.13/site-packages/pygments/lexers/tls.py
15443	2026-08-01T10:07:22.0000000000	/mnt/ems-logs/backups/frdm_kinetics_running_snapshot_20260804_231509/opt/kinetics-gateway/venv/lib/python3.13/site-packages/httpx2/__pycache__/_auth.cpython-313.pyc
15448	2026-07-26T00:10:13.0000000000	/mnt/ems-logs/backups/frdm_kinetics_running_snapshot_20260804_231509/opt/kinetics-gateway/venv/lib/python3.13/site-packages/httpx2/_main.py
15452	2026-08-01T10:06:21.0000000000	/mnt/ems-logs/backups/frdm_kinetics_running_snapshot_20260804_231509/opt/kinetics-gateway/venv/lib/python3.13/site-packages/pygments/lexers/idl.py
1546	2026-08-01T10:06:21.0000000000	/mnt/ems-logs/backups/frdm_kinetics_running_snapshot_20260804_231509/opt/kinetics-gateway/venv/lib/python3.13/site-packages/pygments/lexers/_ada_builtins.py
15463	2026-08-01T10:06:21.0000000000	/mnt/ems-logs/backups/frdm_kinetics_running_snapshot_20260804_231509/opt/kinetics-gateway/venv/lib/python3.13/site-packages/pygments/lexers/_tsql_builtins.py
15463	2026-08-01T10:06:22.0000000000	/mnt/ems-logs/backups/frdm_kinetics_running_snapshot_20260804_231509/opt/kinetics-gateway/venv/lib/python3.13/site-packages/pygments/formatters/__pycache__/terminal256.cpython-313.pyc
1548	2026-07-25T23:53:09.0000000000	/mnt/ems-logs/backups/frdm_kinetics_running_snapshot_20260804_231509/opt/kinetics-gateway/venv/lib/python3.13/site-packages/uvicorn/supervisors/statreload.py
155	2026-07-25T23:53:10.0000000000	/mnt/ems-logs/backups/frdm_kinetics_running_snapshot_20260804_231509/opt/kinetics-gateway/venv/lib/python3.13/site-packages/openpyxl/compat/abc.py
15527	2026-08-01T10:06:21.0000000000	/mnt/ems-logs/backups/frdm_kinetics_running_snapshot_20260804_231509/opt/kinetics-gateway/venv/lib/python3.13/site-packages/pygments/lexers/textfmts.py
15530	2026-08-01T10:06:10.0000000000	/mnt/ems-logs/backups/frdm_kinetics_running_snapshot_20260804_231509/opt/kinetics-gateway/venv/lib/python3.13/site-packages/pip/_internal/utils/__pycache__/unpacking.cpython-313.pyc
15546	2026-07-25T23:53:15.0000000000	/mnt/ems-logs/backups/frdm_kinetics_running_snapshot_20260804_231509/opt/kinetics-gateway/venv/lib/python3.13/site-packages/pydantic-2.13.4.dist-info/RECORD
155574	2026-07-25T23:53:09.0000000000	/mnt/ems-logs/backups/frdm_kinetics_running_snapshot_20260804_231509/opt/kinetics-gateway/venv/lib/python3.13/site-packages/pydantic_core/core_schema.py
1556	2026-07-25T23:53:07.0000000000	/mnt/ems-logs/backups/frdm_kinetics_running_snapshot_20260804_231509/opt/kinetics-gateway/venv/lib/python3.13/site-packages/python_dotenv-1.2.2.dist-info/licenses/LICENSE
15570	2026-07-25T23:53:06.0000000000	/mnt/ems-logs/backups/frdm_kinetics_running_snapshot_20260804_231509/opt/kinetics-gateway/venv/lib/python3.13/site-packages/uvloop/_testbase.py
15572	2026-08-01T10:01:23.0000000000	/mnt/ems-logs/backups/frdm_kinetics_running_snapshot_20260804_231509/opt/kinetics-gateway/venv/lib/python3.13/site-packages/websockets/__pycache__/http11.cpython-313.pyc
1558	2026-08-01T10:06:30.0000000000	/mnt/ems-logs/backups/frdm_kinetics_running_snapshot_20260804_231509/opt/kinetics-gateway/venv/lib/python3.13/site-packages/pygments/__pycache__/modeline.cpython-313.pyc
1563	2026-07-25T23:53:10.0000000000	/mnt/ems-logs/backups/frdm_kinetics_running_snapshot_20260804_231509/opt/kinetics-gateway/venv/lib/python3.13/site-packages/openpyxl/chart/scatter_chart.py
15642	2026-08-01T10:06:00.0000000000	/mnt/ems-logs/backups/frdm_kinetics_running_snapshot_20260804_231509/opt/kinetics-gateway/venv/lib/python3.13/site-packages/pip/_internal/locations/__pycache__/__init__.cpython-313.pyc
156569	2026-08-01T01:33:26.0000000000	/mnt/ems-logs/backups/frdm_kinetics_running_snapshot_20260804_231509/opt/kinetics-gateway/backend/app/services/bms_pcs_control.py
1567	2026-08-01T10:05:59.0000000000	/mnt/ems-logs/backups/frdm_kinetics_running_snapshot_20260804_231509/opt/kinetics-gateway/venv/lib/python3.13/site-packages/pip/_vendor/pygments/__pycache__/modeline.cpython-313.pyc
15709	2026-07-25T23:53:06.0000000000	/mnt/ems-logs/backups/frdm_kinetics_running_snapshot_20260804_231509/opt/kinetics-gateway/venv/lib/python3.13/site-packages/websockets/http11.py
15757	2026-08-01T10:06:21.0000000000	/mnt/ems-logs/backups/frdm_kinetics_running_snapshot_20260804_231509/opt/kinetics-gateway/venv/lib/python3.13/site-packages/pygments/lexers/crystal.py
15770	2026-08-01T10:06:29.0000000000	/mnt/ems-logs/backups/frdm_kinetics_running_snapshot_20260804_231509/opt/kinetics-gateway/venv/lib/python3.13/site-packages/pygments/lexers/__pycache__/textfmts.cpython-313.pyc
15778	2026-08-01T09:57:28.0000000000	/mnt/ems-logs/backups/frdm_kinetics_running_snapshot_20260804_231509/opt/kinetics-gateway/venv/lib/python3.13/site-packages/starlette/__pycache__/formparsers.cpython-313.pyc
157903	2026-08-01T10:06:21.0000000000	/mnt/ems-logs/backups/frdm_kinetics_running_snapshot_20260804_231509/opt/kinetics-gateway/venv/lib/python3.13/site-packages/pygments/lexers/lisp.py
158	2026-07-26T00:10:13.0000000000	/mnt/ems-logs/backups/frdm_kinetics_running_snapshot_20260804_231509/opt/kinetics-gateway/venv/lib/python3.13/site-packages/httpx2/__version__.py
15801	2026-07-25T23:53:11.0000000000	/mnt/ems-logs/backups/frdm_kinetics_running_snapshot_20260804_231509/opt/kinetics-gateway/venv/lib/python3.13/site-packages/anyio/streams/tls.py
15812	2026-07-25T23:53:13.0000000000	/mnt/ems-logs/backups/frdm_kinetics_running_snapshot_20260804_231509/opt/kinetics-gateway/venv/lib/python3.13/site-packages/pydantic/__init__.py
15823	2026-08-01T10:06:30.0000000000	/mnt/ems-logs/backups/frdm_kinetics_running_snapshot_20260804_231509/opt/kinetics-gateway/venv/lib/python3.13/site-packages/packaging/__pycache__/_parser.cpython-313.pyc
1583	2026-07-25T23:53:10.0000000000	/mnt/ems-logs/backups/frdm_kinetics_running_snapshot_20260804_231509/opt/kinetics-gateway/venv/lib/python3.13/site-packages/openpyxl/utils/inference.py
1583	2026-07-25T23:53:15.0000000000	/mnt/ems-logs/backups/frdm_kinetics_running_snapshot_20260804_231509/opt/kinetics-gateway/venv/lib/python3.13/site-packages/fastapi/.agents/skills/fastapi/references/path-operations.md
15835	2026-08-01T10:06:00.0000000000	/mnt/ems-logs/backups/frdm_kinetics_running_snapshot_20260804_231509/opt/kinetics-gateway/venv/lib/python3.13/site-packages/pip/_vendor/packaging/__pycache__/_parser.cpython-313.pyc
1587	2026-07-25T23:53:10.0000000000	/mnt/ems-logs/backups/frdm_kinetics_running_snapshot_20260804_231509/opt/kinetics-gateway/venv/lib/python3.13/site-packages/openpyxl/chartsheet/publish.py
1589	2026-07-26T00:10:13.0000000000	/mnt/ems-logs/backups/frdm_kinetics_running_snapshot_20260804_231509/opt/kinetics-gateway/venv/lib/python3.13/site-packages/httpx2-2.9.1.dist-info/licenses/LICENSE.md
1591	2026-07-25T23:49:15.0000000000	/mnt/ems-logs/backups/frdm_kinetics_running_snapshot_20260804_231509/opt/kinetics-gateway/venv/lib/python3.13/site-packages/pip/_vendor/rich/screen.py
1592	2026-07-25T23:53:10.0000000000	/mnt/ems-logs/backups/frdm_kinetics_running_snapshot_20260804_231509/opt/kinetics-gateway/venv/lib/python3.13/site-packages/openpyxl/compat/__init__.py
15932	2026-08-01T09:57:26.0000000000	/mnt/ems-logs/backups/frdm_kinetics_running_snapshot_20260804_231509/opt/kinetics-gateway/venv/lib/python3.13/site-packages/pydantic/_internal/__pycache__/_config.cpython-313.pyc
15959	2026-07-25T23:53:13.0000000000	/mnt/ems-logs/backups/frdm_kinetics_running_snapshot_20260804_231509/opt/kinetics-gateway/venv/lib/python3.13/site-packages/pydantic/_internal/_utils.py
1599	2026-07-26T00:10:12.0000000000	/mnt/ems-logs/backups/frdm_kinetics_running_snapshot_20260804_231509/opt/kinetics-gateway/venv/lib/python3.13/site-packages/httpcore2-2.9.1.dist-info/licenses/LICENSE.md
15995	2026-07-29T20:27:26.0000000000	/mnt/ems-logs/backups/frdm_kinetics_running_snapshot_20260804_231509/opt/kinetics-gateway/staging/v3_0_0_20260731T161022Z/backend/app/core/config.py
1601	2026-07-25T23:49:15.0000000000	/mnt/ems-logs/backups/frdm_kinetics_running_snapshot_20260804_231509/opt/kinetics-gateway/venv/lib/python3.13/site-packages/pip/_internal/utils/packaging.py
1601	2026-07-25T23:49:15.0000000000	/mnt/ems-logs/backups/frdm_kinetics_running_snapshot_20260804_231509/opt/kinetics-gateway/venv/lib/python3.13/site-packages/pip/_internal/utils/urls.py
16021	2026-07-27T09:05:59.0000000000	/mnt/ems-logs/backups/frdm_kinetics_running_snapshot_20260804_231509/opt/kinetics-gateway/venv/lib/python3.13/site-packages/serial/tools/list_ports_windows.py
1604	2026-07-25T23:53:10.0000000000	/mnt/ems-logs/backups/frdm_kinetics_running_snapshot_20260804_231509/opt/kinetics-gateway/venv/lib/python3.13/site-packages/openpyxl/chart/stock_chart.py
16046	2026-07-25T23:53:06.0000000000	/mnt/ems-logs/backups/frdm_kinetics_running_snapshot_20260804_231509/opt/kinetics-gateway/venv/lib/python3.13/site-packages/websockets/headers.py
16063	2026-08-01T10:06:21.0000000000	/mnt/ems-logs/backups/frdm_kinetics_running_snapshot_20260804_231509/opt/kinetics-gateway/venv/lib/python3.13/site-packages/pygments/lexers/rdf.py
1608	2026-07-25T23:53:10.0000000000	/mnt/ems-logs/backups/frdm_kinetics_running_snapshot_20260804_231509/opt/kinetics-gateway/venv/lib/python3.13/site-packages/openpyxl/worksheet/smart_tag.py
16080	2026-07-25T23:53:07.0000000000	/mnt/ems-logs/backups/frdm_kinetics_running_snapshot_20260804_231509/opt/kinetics-gateway/venv/lib/python3.13/site-packages/uvloop/includes/uv.pxd
161	2026-07-25T23:53:11.0000000000	/mnt/ems-logs/backups/frdm_kinetics_running_snapshot_20260804_231509/opt/kinetics-gateway/venv/lib/python3.13/site-packages/anyio-4.14.2.dist-info/scm_version.json
1612	2026-08-04T23:15:25.9368914950	/mnt/ems-logs/backups/frdm_kinetics_running_snapshot_20260804_231509/systemd/kinetics-gateway.service.effective.txt
16131	2026-08-01T10:06:33.0000000000	/mnt/ems-logs/backups/frdm_kinetics_running_snapshot_20260804_231509/opt/kinetics-gateway/venv/lib/python3.13/site-packages/_pytest/__pycache__/monkeypatch.cpython-313.pyc
16135	2026-08-01T10:06:21.0000000000	/mnt/ems-logs/backups/frdm_kinetics_running_snapshot_20260804_231509/opt/kinetics-gateway/venv/lib/python3.13/site-packages/pygments/lexers/_googlesql_builtins.py
1614	2026-08-01T10:06:21.0000000000	/mnt/ems-logs/backups/frdm_kinetics_running_snapshot_20260804_231509/opt/kinetics-gateway/venv/lib/python3.13/site-packages/pygments/styles/borland.py
16144	2026-07-25T23:49:15.0000000000	/mnt/ems-logs/backups/frdm_kinetics_running_snapshot_20260804_231509/opt/kinetics-gateway/venv/lib/python3.13/site-packages/pip/_internal/index/collector.py
1616	2026-08-01T09:57:27.0000000000	/mnt/ems-logs/backups/frdm_kinetics_running_snapshot_20260804_231509/opt/kinetics-gateway/venv/lib/python3.13/site-packages/fastapi/_compat/__pycache__/__init__.cpython-313.pyc
16161952	2026-07-25T23:53:07.0000000000	/mnt/ems-logs/backups/frdm_kinetics_running_snapshot_20260804_231509/opt/kinetics-gateway/venv/lib/python3.13/site-packages/uvloop/loop.cpython-313-aarch64-linux-gnu.so
16168	2026-07-25T23:53:11.0000000000	/mnt/ems-logs/backups/frdm_kinetics_running_snapshot_20260804_231509/opt/kinetics-gateway/venv/lib/python3.13/site-packages/anyio/itertools.py
1617	2026-07-25T23:53:10.0000000000	/mnt/ems-logs/backups/frdm_kinetics_running_snapshot_20260804_231509/opt/kinetics-gateway/venv/lib/python3.13/site-packages/openpyxl/compat/numbers.py
16259	2026-08-01T10:06:11.0000000000	/mnt/ems-logs/backups/frdm_kinetics_running_snapshot_20260804_231509/opt/kinetics-gateway/venv/lib/python3.13/site-packages/pip/_internal/network/__pycache__/download.cpython-313.pyc
16264	2026-08-01T10:06:24.0000000000	/mnt/ems-logs/backups/frdm_kinetics_running_snapshot_20260804_231509/opt/kinetics-gateway/venv/lib/python3.13/site-packages/pygments/lexers/__pycache__/c_cpp.cpython-313.pyc
16287	2026-08-01T10:06:34.0000000000	/mnt/ems-logs/backups/frdm_kinetics_running_snapshot_20260804_231509/opt/kinetics-gateway/venv/lib/python3.13/site-packages/_pytest/__pycache__/recwarn.cpython-313.pyc
16348	2026-08-01T10:06:07.0000000000	/mnt/ems-logs/backups/frdm_kinetics_running_snapshot_20260804_231509/opt/kinetics-gateway/venv/lib/python3.13/site-packages/pip/_vendor/urllib3/util/__pycache__/url.cpython-313.pyc
16355	2026-08-01T10:06:22.0000000000	/mnt/ems-logs/backups/frdm_kinetics_running_snapshot_20260804_231509/opt/kinetics-gateway/venv/lib/python3.13/site-packages/pygments/lexers/__pycache__/_csound_builtins.cpython-313.pyc
1636	2026-08-01T10:06:09.0000000000	/mnt/ems-logs/backups/frdm_kinetics_running_snapshot_20260804_231509/opt/kinetics-gateway/venv/lib/python3.13/site-packages/pip/_internal/models/__pycache__/candidate.cpython-313.pyc
16375	2026-07-25T23:53:10.0000000000	/mnt/ems-logs/backups/frdm_kinetics_running_snapshot_20260804_231509/opt/kinetics-gateway/venv/lib/python3.13/site-packages/openpyxl/worksheet/_reader.py
16416	2026-08-01T09:57:24.0000000000	/mnt/ems-logs/backups/frdm_kinetics_running_snapshot_20260804_231509/opt/kinetics-gateway/venv/lib/python3.13/site-packages/anyio/abc/__pycache__/_eventloop.cpython-313.pyc
1642	2026-07-26T00:10:12.0000000000	/mnt/ems-logs/backups/frdm_kinetics_running_snapshot_20260804_231509/opt/kinetics-gateway/venv/lib/python3.13/site-packages/httpcore2/_backends/auto.py
1644	2026-08-01T10:06:21.0000000000	/mnt/ems-logs/backups/frdm_kinetics_running_snapshot_20260804_231509/opt/kinetics-gateway/venv/lib/python3.13/site-packages/pygments/lexers/bdd.py
1647	2026-07-27T09:05:59.0000000000	/mnt/ems-logs/backups/frdm_kinetics_running_snapshot_20260804_231509/opt/kinetics-gateway/venv/lib/python3.13/site-packages/pyserial-3.5.dist-info/metadata.json
1647	2026-08-01T10:06:21.0000000000	/mnt/ems-logs/backups/frdm_kinetics_running_snapshot_20260804_231509/opt/kinetics-gateway/venv/lib/python3.13/site-packages/pygments/lexers/fift.py
1649	2026-08-01T10:06:27.0000000000	/mnt/ems-logs/backups/frdm_kinetics_running_snapshot_20260804_231509/opt/kinetics-gateway/venv/lib/python3.13/site-packages/pygments/lexers/__pycache__/procfile.cpython-313.pyc
165	2026-07-25T23:56:53.0000000000	/mnt/ems-logs/backups/frdm_kinetics_running_snapshot_20260804_231509/opt/kinetics-gateway/venv/pyvenv.cfg
1650	2026-07-27T09:05:59.0000000000	/mnt/ems-logs/backups/frdm_kinetics_running_snapshot_20260804_231509/opt/kinetics-gateway/venv/lib/python3.13/site-packages/pyserial-3.5.dist-info/METADATA
165012	2026-07-25T23:53:07.0000000000	/mnt/ems-logs/backups/frdm_kinetics_running_snapshot_20260804_231509/opt/kinetics-gateway/venv/lib/python3.13/site-packages/typing_extensions.py
16529	2026-08-01T10:06:44.0000000000	/mnt/ems-logs/backups/frdm_kinetics_running_snapshot_20260804_231509/opt/kinetics-gateway/venv/lib/python3.13/site-packages/anyio/abc/__pycache__/_eventloop.cpython-313-pytest-8.4.2.pyc
1657	2026-08-01T09:57:24.0000000000	/mnt/ems-logs/backups/frdm_kinetics_running_snapshot_20260804_231509/opt/kinetics-gateway/venv/lib/python3.13/site-packages/anyio/abc/__pycache__/_resources.cpython-313.pyc
165740	2026-08-01T09:57:25.0000000000	/mnt/ems-logs/backups/frdm_kinetics_running_snapshot_20260804_231509/opt/kinetics-gateway/venv/lib/python3.13/site-packages/__pycache__/typing_extensions.cpython-313.pyc
16588	2026-08-01T10:06:31.0000000000	/mnt/ems-logs/backups/frdm_kinetics_running_snapshot_20260804_231509/opt/kinetics-gateway/venv/lib/python3.13/site-packages/_pytest/legacypath.py
166	2026-07-25T23:49:15.0000000000	/mnt/ems-logs/backups/frdm_kinetics_running_snapshot_20260804_231509/opt/kinetics-gateway/venv/lib/python3.13/site-packages/pip/_vendor/rich/region.py
1660	2026-08-01T10:06:30.0000000000	/mnt/ems-logs/backups/frdm_kinetics_running_snapshot_20260804_231509/opt/kinetics-gateway/venv/lib/python3.13/site-packages/packaging/__pycache__/_structures.cpython-313.pyc
1661	2026-08-01T10:06:21.0000000000	/mnt/ems-logs/backups/frdm_kinetics_running_snapshot_20260804_231509/opt/kinetics-gateway/venv/lib/python3.13/site-packages/pygments/lexers/_usd_builtins.py
16623	2026-08-01T10:06:21.0000000000	/mnt/ems-logs/backups/frdm_kinetics_running_snapshot_20260804_231509/opt/kinetics-gateway/venv/lib/python3.13/site-packages/pygments/lexers/_stan_builtins.py
16626	2026-08-01T09:57:29.0000000000	/mnt/ems-logs/backups/frdm_kinetics_running_snapshot_20260804_231509/opt/kinetics-gateway/backend/app/assets/__pycache__/bms_driver.cpython-313.pyc
1679	2026-07-25T23:49:15.0000000000	/mnt/ems-logs/backups/frdm_kinetics_running_snapshot_20260804_231509/opt/kinetics-gateway/venv/lib/python3.13/site-packages/pip/_internal/commands/hash.py
167932	2026-07-27T12:31:40.0000000000	/mnt/ems-logs/backups/frdm_kinetics_running_snapshot_20260804_231509/opt/kinetics-gateway/backend/protocol_sources/control_logic/PCS_Three_Phase_Three_Wire_Protocol_V1.0.0.0.xlsx
167932	2026-07-27T12:31:40.0000000000	/mnt/ems-logs/backups/frdm_kinetics_running_snapshot_20260804_231509/opt/kinetics-gateway/staging/v3_0_0_20260731T161022Z/backend/protocol_sources/control_logic/PCS_Three_Phase_Three_Wire_Protocol_V1.0.0.0.xlsx
16800	2026-07-25T23:53:07.0000000000	/mnt/ems-logs/backups/frdm_kinetics_running_snapshot_20260804_231509/opt/kinetics-gateway/venv/lib/python3.13/site-packages/jwt/api_jws.py
16805	2026-07-25T23:53:13.0000000000	/mnt/ems-logs/backups/frdm_kinetics_running_snapshot_20260804_231509/opt/kinetics-gateway/venv/lib/python3.13/site-packages/pydantic/_internal/_known_annotated_metadata.py
1681	2026-07-25T23:49:15.0000000000	/mnt/ems-logs/backups/frdm_kinetics_running_snapshot_20260804_231509/opt/kinetics-gateway/venv/lib/python3.13/site-packages/pip/_internal/utils/appdirs.py
1681	2026-08-01T10:06:30.0000000000	/mnt/ems-logs/backups/frdm_kinetics_running_snapshot_20260804_231509/opt/kinetics-gateway/venv/lib/python3.13/site-packages/pygments/styles/__pycache__/stata_light.cpython-313.pyc
16815	2026-08-01T10:06:10.0000000000	/mnt/ems-logs/backups/frdm_kinetics_running_snapshot_20260804_231509/opt/kinetics-gateway/venv/lib/python3.13/site-packages/pip/_internal/cli/__pycache__/req_command.cpython-313.pyc
1682	2026-08-01T10:05:59.0000000000	/mnt/ems-logs/backups/frdm_kinetics_running_snapshot_20260804_231509/opt/kinetics-gateway/venv/lib/python3.13/site-packages/pip/_vendor/rich/__pycache__/abc.cpython-313.pyc
1683	2026-07-25T23:49:15.0000000000	/mnt/ems-logs/backups/frdm_kinetics_running_snapshot_20260804_231509/opt/kinetics-gateway/venv/lib/python3.13/site-packages/pip/_vendor/rich/file_proxy.py
16844	2026-07-25T23:53:13.0000000000	/mnt/ems-logs/backups/frdm_kinetics_running_snapshot_20260804_231509/opt/kinetics-gateway/venv/lib/python3.13/site-packages/pydantic/v1/color.py
16844	2026-07-25T23:56:52.0000000000	/mnt/ems-logs/backups/frdm_kinetics_running_snapshot_20260804_231509/opt/kinetics-gateway/backend/tools/extract_protocol_catalogs.py
16844	2026-07-25T23:56:52.0000000000	/mnt/ems-logs/backups/frdm_kinetics_running_snapshot_20260804_231509/opt/kinetics-gateway/staging/v3_0_0_20260731T161022Z/backend/tools/extract_protocol_catalogs.py
16844	2026-08-01T10:06:09.0000000000	/mnt/ems-logs/backups/frdm_kinetics_running_snapshot_20260804_231509/opt/kinetics-gateway/venv/lib/python3.13/site-packages/pip/_vendor/cachecontrol/__pycache__/controller.cpython-313.pyc
168448	2026-07-25T23:49:15.0000000000	/mnt/ems-logs/backups/frdm_kinetics_running_snapshot_20260804_231509/opt/kinetics-gateway/venv/lib/python3.13/site-packages/pip/_vendor/distlib/w64-arm.exe
1687	2026-08-01T10:06:09.0000000000	/mnt/ems-logs/backups/frdm_kinetics_running_snapshot_20260804_231509/opt/kinetics-gateway/venv/lib/python3.13/site-packages/pip/_vendor/cachecontrol/__pycache__/wrapper.cpython-313.pyc
16886	2026-08-01T10:06:25.0000000000	/mnt/ems-logs/backups/frdm_kinetics_running_snapshot_20260804_231509/opt/kinetics-gateway/venv/lib/python3.13/site-packages/pygments/lexers/__pycache__/factor.cpython-313.pyc
16891	2026-07-25T23:53:06.0000000000	/mnt/ems-logs/backups/frdm_kinetics_running_snapshot_20260804_231509/opt/kinetics-gateway/venv/lib/python3.13/site-packages/websockets/frames.py
16891	2026-08-01T10:06:33.0000000000	/mnt/ems-logs/backups/frdm_kinetics_running_snapshot_20260804_231509/opt/kinetics-gateway/venv/lib/python3.13/site-packages/_pytest/mark/__pycache__/expression.cpython-313.pyc
169	2026-07-25T23:49:15.0000000000	/mnt/ems-logs/backups/frdm_kinetics_running_snapshot_20260804_231509/opt/kinetics-gateway/venv/lib/python3.13/site-packages/pip/_vendor/tomli_w/__init__.py
1691	2026-07-25T23:53:10.0000000000	/mnt/ems-logs/backups/frdm_kinetics_running_snapshot_20260804_231509/opt/kinetics-gateway/venv/lib/python3.13/site-packages/openpyxl/chartsheet/custom.py
1692	2026-08-01T10:06:30.0000000000	/mnt/ems-logs/backups/frdm_kinetics_running_snapshot_20260804_231509/opt/kinetics-gateway/venv/lib/python3.13/site-packages/pygments/styles/__pycache__/stata_dark.cpython-313.pyc
1694	2026-08-01T09:57:29.0000000000	/mnt/ems-logs/backups/frdm_kinetics_running_snapshot_20260804_231509/opt/kinetics-gateway/venv/lib/python3.13/site-packages/jwt/__pycache__/__init__.cpython-313.pyc
16942	2026-08-01T09:57:24.0000000000	/mnt/ems-logs/backups/frdm_kinetics_running_snapshot_20260804_231509/opt/kinetics-gateway/venv/lib/python3.13/site-packages/watchfiles/__pycache__/main.cpython-313.pyc
16947	2026-08-01T10:06:08.0000000000	/mnt/ems-logs/backups/frdm_kinetics_running_snapshot_20260804_231509/opt/kinetics-gateway/venv/lib/python3.13/site-packages/pip/_vendor/idna/__pycache__/core.cpython-313.pyc
1696	2026-08-01T10:06:21.0000000000	/mnt/ems-logs/backups/frdm_kinetics_running_snapshot_20260804_231509/opt/kinetics-gateway/venv/lib/python3.13/site-packages/pygments/lexers/asc.py
1698	2026-08-01T10:06:31.0000000000	/mnt/ems-logs/backups/frdm_kinetics_running_snapshot_20260804_231509/opt/kinetics-gateway/venv/lib/python3.13/site-packages/_pytest/_io/__pycache__/wcwidth.cpython-313.pyc
1699	2026-08-01T10:05:57.0000000000	/mnt/ems-logs/backups/frdm_kinetics_running_snapshot_20260804_231509/opt/kinetics-gateway/venv/lib/python3.13/site-packages/pip/_vendor/rich/__pycache__/color_triplet.cpython-313.pyc
16994	2026-08-01T09:57:30.0000000000	/mnt/ems-logs/backups/frdm_kinetics_running_snapshot_20260804_231509/opt/kinetics-gateway/backend/app/assets/__pycache__/pcs_driver.cpython-313.pyc
17001	2026-08-01T10:06:21.0000000000	/mnt/ems-logs/backups/frdm_kinetics_running_snapshot_20260804_231509/opt/kinetics-gateway/venv/lib/python3.13/site-packages/pygments/lexers/csound.py
1701	2026-07-25T23:53:09.0000000000	/mnt/ems-logs/backups/frdm_kinetics_running_snapshot_20260804_231509/opt/kinetics-gateway/venv/lib/python3.13/site-packages/uvicorn/protocols/http/flow_control.py
1701	2026-07-25T23:53:12.0000000000	/mnt/ems-logs/backups/frdm_kinetics_running_snapshot_20260804_231509/opt/kinetics-gateway/venv/lib/python3.13/site-packages/starlette/concurrency.py
170494	2026-08-01T09:57:25.0000000000	/mnt/ems-logs/backups/frdm_kinetics_running_snapshot_20260804_231509/opt/kinetics-gateway/venv/lib/python3.13/site-packages/fastapi/__pycache__/routing.cpython-313.pyc
1705	2026-07-29T20:31:35.0000000000	/mnt/ems-logs/backups/frdm_kinetics_running_snapshot_20260804_231509/opt/kinetics-gateway/backend/tests/test_mock_service.py
1705	2026-07-29T20:31:35.0000000000	/mnt/ems-logs/backups/frdm_kinetics_running_snapshot_20260804_231509/opt/kinetics-gateway/staging/v3_0_0_20260731T161022Z/backend/tests/test_mock_service.py
1705	2026-08-01T09:57:28.0000000000	/mnt/ems-logs/backups/frdm_kinetics_running_snapshot_20260804_231509/opt/kinetics-gateway/venv/lib/python3.13/site-packages/fastapi/__pycache__/concurrency.cpython-313.pyc
17055	2026-08-01T10:06:30.0000000000	/mnt/ems-logs/backups/frdm_kinetics_running_snapshot_20260804_231509/opt/kinetics-gateway/venv/lib/python3.13/site-packages/packaging/markers.py
17067	2026-07-25T23:49:15.0000000000	/mnt/ems-logs/backups/frdm_kinetics_running_snapshot_20260804_231509/opt/kinetics-gateway/venv/lib/python3.13/site-packages/pip/_vendor/packaging/markers.py
1708	2026-08-01T10:06:09.0000000000	/mnt/ems-logs/backups/frdm_kinetics_running_snapshot_20260804_231509/opt/kinetics-gateway/venv/lib/python3.13/site-packages/pip/_vendor/msgpack/__pycache__/__init__.cpython-313.pyc
17088	2026-08-01T09:57:30.0000000000	/mnt/ems-logs/backups/frdm_kinetics_running_snapshot_20260804_231509/opt/kinetics-gateway/backend/app/assets/__pycache__/mock_plant.cpython-313.pyc
1716	2026-08-01T10:06:11.0000000000	/mnt/ems-logs/backups/frdm_kinetics_running_snapshot_20260804_231509/opt/kinetics-gateway/venv/lib/python3.13/site-packages/pip/_internal/operations/build/__pycache__/wheel.cpython-313.pyc
17166	2026-07-25T23:53:09.0000000000	/mnt/ems-logs/backups/frdm_kinetics_running_snapshot_20260804_231509/opt/kinetics-gateway/venv/lib/python3.13/site-packages/typing_inspection/typing_objects.py
1718	2026-07-25T23:49:15.0000000000	/mnt/ems-logs/backups/frdm_kinetics_running_snapshot_20260804_231509/opt/kinetics-gateway/venv/lib/python3.13/site-packages/pip/_vendor/pygments/console.py
17181	2026-08-01T09:57:24.0000000000	/mnt/ems-logs/backups/frdm_kinetics_running_snapshot_20260804_231509/opt/kinetics-gateway/venv/lib/python3.13/site-packages/uvicorn/supervisors/__pycache__/multiprocess.cpython-313.pyc
17182	2026-08-01T10:07:23.0000000000	/mnt/ems-logs/backups/frdm_kinetics_running_snapshot_20260804_231509/opt/kinetics-gateway/venv/lib/python3.13/site-packages/httpx2/_transports/__pycache__/default.cpython-313.pyc
17187	2026-08-01T10:02:36.0000000000	/mnt/ems-logs/backups/frdm_kinetics_running_snapshot_20260804_231509/opt/kinetics-gateway/backend/tools/__pycache__/extract_pcs_hmi_catalog.cpython-313.pyc
1721	2026-08-01T10:06:21.0000000000	/mnt/ems-logs/backups/frdm_kinetics_running_snapshot_20260804_231509/opt/kinetics-gateway/venv/lib/python3.13/site-packages/pygments/console.py
1726	2026-08-01T10:06:21.0000000000	/mnt/ems-logs/backups/frdm_kinetics_running_snapshot_20260804_231509/opt/kinetics-gateway/venv/lib/python3.13/site-packages/pygments/lexers/amdgpu.py
1727	2026-07-25T23:56:52.0000000000	/mnt/ems-logs/backups/frdm_kinetics_running_snapshot_20260804_231509/opt/kinetics-gateway/backend/deployment/install_on_imx93.sh
1727	2026-07-25T23:56:52.0000000000	/mnt/ems-logs/backups/frdm_kinetics_running_snapshot_20260804_231509/opt/kinetics-gateway/staging/v3_0_0_20260731T161022Z/backend/deployment/install_on_imx93.sh
173	2026-07-26T00:06:43.0610392680	/mnt/ems-logs/backups/frdm_kinetics_running_snapshot_20260804_231509/etc/kinetics-gateway/kinetics-gateway.env
17306	2026-08-01T01:14:53.0000000000	/mnt/ems-logs/backups/frdm_kinetics_running_snapshot_20260804_231509/opt/kinetics-gateway/backend/app/core/config.py
1731	2026-07-25T23:53:07.0000000000	/mnt/ems-logs/backups/frdm_kinetics_running_snapshot_20260804_231509/opt/kinetics-gateway/venv/lib/python3.13/site-packages/python_dotenv-1.2.2.dist-info/RECORD
173355008	2026-08-04T23:15:19.6647983750	/mnt/ems-logs/backups/frdm_kinetics_running_snapshot_20260804_231509/opt/kinetics-gateway/backend/data/kinetics_gateway.db
173355008	2026-08-04T23:15:19.6647983750	/mnt/ems-logs/backups/frdm_kinetics_running_snapshot_20260804_231509/state/kinetics_gateway.db
1737	2026-07-25T23:49:15.0000000000	/mnt/ems-logs/backups/frdm_kinetics_running_snapshot_20260804_231509/opt/kinetics-gateway/venv/lib/python3.13/site-packages/pip/_vendor/cachecontrol/_cmd.py
17373	2026-08-01T10:06:07.0000000000	/mnt/ems-logs/backups/frdm_kinetics_running_snapshot_20260804_231509/opt/kinetics-gateway/venv/lib/python3.13/site-packages/pip/_vendor/urllib3/util/__pycache__/ssl_.cpython-313.pyc
1738	2026-08-01T10:05:57.0000000000	/mnt/ems-logs/backups/frdm_kinetics_running_snapshot_20260804_231509/opt/kinetics-gateway/venv/lib/python3.13/site-packages/pip/_vendor/rich/__pycache__/_emoji_replace.cpython-313.pyc
17380	2026-08-01T09:57:29.0000000000	/mnt/ems-logs/backups/frdm_kinetics_running_snapshot_20260804_231509/opt/kinetics-gateway/venv/lib/python3.13/site-packages/jwt/__pycache__/api_jws.cpython-313.pyc
17406	2026-08-01T09:57:26.0000000000	/mnt/ems-logs/backups/frdm_kinetics_running_snapshot_20260804_231509/opt/kinetics-gateway/venv/lib/python3.13/site-packages/typing_inspection/__pycache__/typing_objects.cpython-313.pyc
1741	2026-07-25T23:49:15.0000000000	/mnt/ems-logs/backups/frdm_kinetics_running_snapshot_20260804_231509/opt/kinetics-gateway/venv/lib/python3.13/site-packages/pip/_vendor/urllib3/http2/__init__.py
1741	2026-07-25T23:53:10.0000000000	/mnt/ems-logs/backups/frdm_kinetics_running_snapshot_20260804_231509/opt/kinetics-gateway/venv/lib/python3.13/site-packages/openpyxl/chart/pivot.py
17422	2026-07-26T00:10:12.0000000000	/mnt/ems-logs/backups/frdm_kinetics_running_snapshot_20260804_231509/opt/kinetics-gateway/venv/lib/python3.13/site-packages/httpcore2/_models.py
17423	2026-08-01T10:06:07.0000000000	/mnt/ems-logs/backups/frdm_kinetics_running_snapshot_20260804_231509/opt/kinetics-gateway/venv/lib/python3.13/site-packages/pip/_vendor/urllib3/__pycache__/exceptions.cpython-313.pyc
17471	2026-08-01T10:06:25.0000000000	/mnt/ems-logs/backups/frdm_kinetics_running_snapshot_20260804_231509/opt/kinetics-gateway/venv/lib/python3.13/site-packages/pygments/lexers/__pycache__/hdl.cpython-313.pyc
17484	2026-07-25T23:49:15.0000000000	/mnt/ems-logs/backups/frdm_kinetics_running_snapshot_20260804_231509/opt/kinetics-gateway/venv/lib/python3.13/site-packages/pip/_internal/cli/req_command.py
1749	2026-08-01T10:06:21.0000000000	/mnt/ems-logs/backups/frdm_kinetics_running_snapshot_20260804_231509/opt/kinetics-gateway/venv/lib/python3.13/site-packages/pygments/lexers/srcinfo.py
175	2026-07-23T17:52:46.9200354990	/mnt/ems-logs/backups/frdm_kinetics_running_snapshot_20260804_231509/etc/cloudflared/credentials.json
17503	2026-08-01T09:57:24.0000000000	/mnt/ems-logs/backups/frdm_kinetics_running_snapshot_20260804_231509/opt/kinetics-gateway/venv/lib/python3.13/site-packages/click/__pycache__/exceptions.cpython-313.pyc
17503	2026-08-01T10:06:11.0000000000	/mnt/ems-logs/backups/frdm_kinetics_running_snapshot_20260804_231509/opt/kinetics-gateway/venv/lib/python3.13/site-packages/pip/_vendor/truststore/__pycache__/_api.cpython-313.pyc
1751	2026-08-01T10:06:21.0000000000	/mnt/ems-logs/backups/frdm_kinetics_running_snapshot_20260804_231509/opt/kinetics-gateway/venv/lib/python3.13/site-packages/pygments/lexers/rego.py
17523	2026-07-25T23:53:10.0000000000	/mnt/ems-logs/backups/frdm_kinetics_running_snapshot_20260804_231509/opt/kinetics-gateway/venv/lib/python3.13/site-packages/openpyxl/drawing/geometry.py
1754	2026-08-01T10:06:08.0000000000	/mnt/ems-logs/backups/frdm_kinetics_running_snapshot_20260804_231509/opt/kinetics-gateway/venv/lib/python3.13/site-packages/pip/_vendor/urllib3/http2/__pycache__/__init__.cpython-313.pyc
17553	2026-08-01T09:57:28.0000000000	/mnt/ems-logs/backups/frdm_kinetics_running_snapshot_20260804_231509/opt/kinetics-gateway/venv/lib/python3.13/site-packages/starlette/__pycache__/requests.cpython-313.pyc
1757	2026-08-01T10:06:01.0000000000	/mnt/ems-logs/backups/frdm_kinetics_running_snapshot_20260804_231509/opt/kinetics-gateway/venv/lib/python3.13/site-packages/pip/_internal/models/__pycache__/index.cpython-313.pyc
17571	2026-08-01T10:01:23.0000000000	/mnt/ems-logs/backups/frdm_kinetics_running_snapshot_20260804_231509/opt/kinetics-gateway/venv/lib/python3.13/site-packages/websockets/__pycache__/headers.cpython-313.pyc
17579	2026-08-01T09:57:24.0000000000	/mnt/ems-logs/backups/frdm_kinetics_running_snapshot_20260804_231509/opt/kinetics-gateway/venv/lib/python3.13/site-packages/anyio/_core/__pycache__/_tasks.cpython-313.pyc
17587	2026-08-01T10:06:22.0000000000	/mnt/ems-logs/backups/frdm_kinetics_running_snapshot_20260804_231509/opt/kinetics-gateway/venv/lib/python3.13/site-packages/pygments/lexers/__pycache__/_asy_builtins.cpython-313.pyc
17595	2026-07-25T23:49:15.0000000000	/mnt/ems-logs/backups/frdm_kinetics_running_snapshot_20260804_231509/opt/kinetics-gateway/venv/lib/python3.13/site-packages/pip/_vendor/urllib3/_collections.py
176	2026-08-01T09:57:24.0000000000	/mnt/ems-logs/backups/frdm_kinetics_running_snapshot_20260804_231509/opt/kinetics-gateway/venv/lib/python3.13/site-packages/anyio/_core/__pycache__/__init__.cpython-313.pyc
176	2026-08-01T10:06:31.0000000000	/mnt/ems-logs/backups/frdm_kinetics_running_snapshot_20260804_231509/opt/kinetics-gateway/venv/lib/python3.13/site-packages/_pytest/_py/__pycache__/__init__.cpython-313.pyc
176	2026-08-01T10:06:43.0000000000	/mnt/ems-logs/backups/frdm_kinetics_running_snapshot_20260804_231509/opt/kinetics-gateway/venv/lib/python3.13/site-packages/anyio/_core/__pycache__/__init__.cpython-313-pytest-8.4.2.pyc
17601	2026-07-25T23:53:15.0000000000	/mnt/ems-logs/backups/frdm_kinetics_running_snapshot_20260804_231509/opt/kinetics-gateway/venv/lib/python3.13/site-packages/fastapi/_compat/v2.py
1761	2026-08-01T10:06:21.0000000000	/mnt/ems-logs/backups/frdm_kinetics_running_snapshot_20260804_231509/opt/kinetics-gateway/venv/lib/python3.13/site-packages/pygments/lexers/numbair.py
17650	2026-08-01T10:06:10.0000000000	/mnt/ems-logs/backups/frdm_kinetics_running_snapshot_20260804_231509/opt/kinetics-gateway/venv/lib/python3.13/site-packages/pip/_vendor/distlib/__pycache__/resources.cpython-313.pyc
17655	2026-08-01T09:57:24.0000000000	/mnt/ems-logs/backups/frdm_kinetics_running_snapshot_20260804_231509/opt/kinetics-gateway/venv/lib/python3.13/site-packages/uvicorn/__pycache__/server.cpython-313.pyc
1766	2026-08-01T10:06:21.0000000000	/mnt/ems-logs/backups/frdm_kinetics_running_snapshot_20260804_231509/opt/kinetics-gateway/venv/lib/python3.13/site-packages/pygments/lexers/other.py
17675	2026-08-01T09:57:26.0000000000	/mnt/ems-logs/backups/frdm_kinetics_running_snapshot_20260804_231509/opt/kinetics-gateway/venv/lib/python3.13/site-packages/typing_inspection/__pycache__/introspection.cpython-313.pyc
1768	2026-07-25T23:49:15.0000000000	/mnt/ems-logs/backups/frdm_kinetics_running_snapshot_20260804_231509/opt/kinetics-gateway/venv/lib/python3.13/site-packages/pip/_vendor/resolvelib/resolvers/criterion.py
1768	2026-07-25T23:49:15.0000000000	/mnt/ems-logs/backups/frdm_kinetics_running_snapshot_20260804_231509/opt/kinetics-gateway/venv/lib/python3.13/site-packages/pip/_vendor/resolvelib/resolvers/exceptions.py
17692	2026-08-01T10:06:44.0000000000	/mnt/ems-logs/backups/frdm_kinetics_running_snapshot_20260804_231509/opt/kinetics-gateway/venv/lib/python3.13/site-packages/anyio/_core/__pycache__/_tasks.cpython-313-pytest-8.4.2.pyc
177	2026-07-25T23:53:08.0000000000	/mnt/ems-logs/backups/frdm_kinetics_running_snapshot_20260804_231509/opt/kinetics-gateway/venv/bin/idna
17705	2026-08-01T10:06:31.0000000000	/mnt/ems-logs/backups/frdm_kinetics_running_snapshot_20260804_231509/opt/kinetics-gateway/venv/lib/python3.13/site-packages/packaging/__pycache__/markers.cpython-313.pyc
1771	2026-08-01T10:06:44.0000000000	/mnt/ems-logs/backups/frdm_kinetics_running_snapshot_20260804_231509/opt/kinetics-gateway/venv/lib/python3.13/site-packages/anyio/abc/__pycache__/_resources.cpython-313-pytest-8.4.2.pyc
17723	2026-08-01T10:06:00.0000000000	/mnt/ems-logs/backups/frdm_kinetics_running_snapshot_20260804_231509/opt/kinetics-gateway/venv/lib/python3.13/site-packages/pip/_vendor/pyproject_hooks/__pycache__/_impl.cpython-313.pyc
17726	2026-07-25T23:53:13.0000000000	/mnt/ems-logs/backups/frdm_kinetics_running_snapshot_20260804_231509/opt/kinetics-gateway/venv/lib/python3.13/site-packages/pydantic/v1/errors.py
17729	2026-08-01T10:06:00.0000000000	/mnt/ems-logs/backups/frdm_kinetics_running_snapshot_20260804_231509/opt/kinetics-gateway/venv/lib/python3.13/site-packages/pip/_vendor/packaging/__pycache__/markers.cpython-313.pyc
1776	2026-08-01T10:06:09.0000000000	/mnt/ems-logs/backups/frdm_kinetics_running_snapshot_20260804_231509/opt/kinetics-gateway/venv/lib/python3.13/site-packages/pip/_internal/models/__pycache__/selection_prefs.cpython-313.pyc
17796	2026-08-03T20:04:59.0000000000	/mnt/ems-logs/backups/frdm_kinetics_running_snapshot_20260804_231509/opt/kinetics-gateway/venv/lib/python3.13/site-packages/pip/_internal/commands/__pycache__/list.cpython-313.pyc
178	2026-08-01T09:57:24.0000000000	/mnt/ems-logs/backups/frdm_kinetics_running_snapshot_20260804_231509/opt/kinetics-gateway/venv/lib/python3.13/site-packages/anyio/streams/__pycache__/__init__.cpython-313.pyc
178	2026-08-01T10:01:23.0000000000	/mnt/ems-logs/backups/frdm_kinetics_running_snapshot_20260804_231509/opt/kinetics-gateway/venv/lib/python3.13/site-packages/uvicorn/loops/__pycache__/__init__.cpython-313.pyc
178	2026-08-01T10:06:44.0000000000	/mnt/ems-logs/backups/frdm_kinetics_running_snapshot_20260804_231509/opt/kinetics-gateway/venv/lib/python3.13/site-packages/anyio/streams/__pycache__/__init__.cpython-313-pytest-8.4.2.pyc
1780	2026-08-01T10:06:24.0000000000	/mnt/ems-logs/backups/frdm_kinetics_running_snapshot_20260804_231509/opt/kinetics-gateway/venv/lib/python3.13/site-packages/pygments/lexers/__pycache__/cplint.cpython-313.pyc
17815	2026-08-01T09:57:24.0000000000	/mnt/ems-logs/backups/frdm_kinetics_running_snapshot_20260804_231509/opt/kinetics-gateway/venv/lib/python3.13/site-packages/anyio/abc/__pycache__/_sockets.cpython-313.pyc
17829	2026-07-25T23:53:13.0000000000	/mnt/ems-logs/backups/frdm_kinetics_running_snapshot_20260804_231509/opt/kinetics-gateway/venv/lib/python3.13/site-packages/pydantic/v1/generics.py
1784	2026-07-25T23:53:07.0000000000	/mnt/ems-logs/backups/frdm_kinetics_running_snapshot_20260804_231509/opt/kinetics-gateway/venv/lib/python3.13/site-packages/jwt/help.py
1785	2026-07-25T23:53:08.0000000000	/mnt/ems-logs/backups/frdm_kinetics_running_snapshot_20260804_231509/opt/kinetics-gateway/venv/lib/python3.13/site-packages/idna-3.18.dist-info/RECORD
17903	2026-08-01T10:06:21.0000000000	/mnt/ems-logs/backups/frdm_kinetics_running_snapshot_20260804_231509/opt/kinetics-gateway/venv/lib/python3.13/site-packages/pygments/lexers/theorem.py
17928	2026-08-01T10:06:44.0000000000	/mnt/ems-logs/backups/frdm_kinetics_running_snapshot_20260804_231509/opt/kinetics-gateway/venv/lib/python3.13/site-packages/anyio/abc/__pycache__/_sockets.cpython-313-pytest-8.4.2.pyc
17984	2026-08-01T10:06:23.0000000000	/mnt/ems-logs/backups/frdm_kinetics_running_snapshot_20260804_231509/opt/kinetics-gateway/venv/lib/python3.13/site-packages/pygments/lexers/__pycache__/_mql_builtins.cpython-313.pyc
17993	2026-07-25T23:49:15.0000000000	/mnt/ems-logs/backups/frdm_kinetics_running_snapshot_20260804_231509/opt/kinetics-gateway/venv/lib/python3.13/site-packages/pip/_vendor/truststore/_windows.py
17993	2026-07-26T00:10:12.0000000000	/mnt/ems-logs/backups/frdm_kinetics_running_snapshot_20260804_231509/opt/kinetics-gateway/venv/lib/python3.13/site-packages/truststore/_windows.py
18	2026-08-01T10:06:31.0000000000	/mnt/ems-logs/backups/frdm_kinetics_running_snapshot_20260804_231509/opt/kinetics-gateway/venv/lib/python3.13/site-packages/pytest-8.4.2.dist-info/top_level.txt
180	2026-07-25T23:53:16.0000000000	/mnt/ems-logs/backups/frdm_kinetics_running_snapshot_20260804_231509/opt/kinetics-gateway/venv/bin/fastapi
180	2026-08-01T09:57:27.0000000000	/mnt/ems-logs/backups/frdm_kinetics_running_snapshot_20260804_231509/opt/kinetics-gateway/venv/lib/python3.13/site-packages/fastapi/openapi/__pycache__/__init__.cpython-313.pyc
180	2026-08-01T10:01:29.0000000000	/mnt/ems-logs/backups/frdm_kinetics_running_snapshot_20260804_231509/opt/kinetics-gateway/venv/lib/python3.13/site-packages/anyio/_backends/__pycache__/__init__.cpython-313.pyc
180	2026-08-01T10:06:45.0000000000	/mnt/ems-logs/backups/frdm_kinetics_running_snapshot_20260804_231509/opt/kinetics-gateway/venv/lib/python3.13/site-packages/anyio/_backends/__pycache__/__init__.cpython-313-pytest-8.4.2.pyc
1800	2026-07-25T23:53:12.0000000000	/mnt/ems-logs/backups/frdm_kinetics_running_snapshot_20260804_231509/opt/kinetics-gateway/venv/lib/python3.13/site-packages/starlette/middleware/authentication.py
1802	2026-08-01T10:06:30.0000000000	/mnt/ems-logs/backups/frdm_kinetics_running_snapshot_20260804_231509/opt/kinetics-gateway/venv/lib/python3.13/site-packages/pygments/styles/__pycache__/sas.cpython-313.pyc
18022	2026-08-01T09:57:27.0000000000	/mnt/ems-logs/backups/frdm_kinetics_running_snapshot_20260804_231509/opt/kinetics-gateway/venv/lib/python3.13/site-packages/annotated_types/__pycache__/__init__.cpython-313.pyc
1803	2026-08-01T10:06:32.0000000000	/mnt/ems-logs/backups/frdm_kinetics_running_snapshot_20260804_231509/opt/kinetics-gateway/venv/lib/python3.13/site-packages/_pytest/__pycache__/freeze_support.cpython-313.pyc
18043	2026-08-01T10:07:22.0000000000	/mnt/ems-logs/backups/frdm_kinetics_running_snapshot_20260804_231509/opt/kinetics-gateway/venv/lib/python3.13/site-packages/httpx2/__pycache__/_urlparse.cpython-313.pyc
1805	2026-07-25T23:53:07.0000000000	/mnt/ems-logs/backups/frdm_kinetics_running_snapshot_20260804_231509/opt/kinetics-gateway/venv/lib/python3.13/site-packages/jwt/__init__.py
1806	2026-07-25T23:53:11.0000000000	/mnt/ems-logs/backups/frdm_kinetics_running_snapshot_20260804_231509/opt/kinetics-gateway/venv/lib/python3.13/site-packages/anyio/_core/_streams.py
181	2026-07-25T23:53:09.0000000000	/mnt/ems-logs/backups/frdm_kinetics_running_snapshot_20260804_231509/opt/kinetics-gateway/venv/bin/uvicorn
181	2026-07-25T23:53:12.0000000000	/mnt/ems-logs/backups/frdm_kinetics_running_snapshot_20260804_231509/opt/kinetics-gateway/venv/bin/watchfiles
181	2026-07-26T00:10:13.0000000000	/mnt/ems-logs/backups/frdm_kinetics_running_snapshot_20260804_231509/opt/kinetics-gateway/venv/bin/httpx2
181	2026-08-01T10:01:24.0000000000	/mnt/ems-logs/backups/frdm_kinetics_running_snapshot_20260804_231509/opt/kinetics-gateway/venv/lib/python3.13/site-packages/uvicorn/lifespan/__pycache__/__init__.cpython-313.pyc
1810	2026-08-01T10:02:36.0000000000	/mnt/ems-logs/backups/frdm_kinetics_running_snapshot_20260804_231509/opt/kinetics-gateway/backend/tests/__pycache__/test_pair_bau_endpoints.cpython-313.pyc
1811	2026-07-25T23:53:10.0000000000	/mnt/ems-logs/backups/frdm_kinetics_running_snapshot_20260804_231509/opt/kinetics-gateway/venv/lib/python3.13/site-packages/openpyxl/worksheet/pagebreak.py
18117	2026-07-25T23:53:13.0000000000	/mnt/ems-logs/backups/frdm_kinetics_running_snapshot_20260804_231509/opt/kinetics-gateway/venv/lib/python3.13/site-packages/pydantic/functional_serializers.py
18172	2026-07-25T23:53:13.0000000000	/mnt/ems-logs/backups/frdm_kinetics_running_snapshot_20260804_231509/opt/kinetics-gateway/venv/lib/python3.13/site-packages/pydantic/v1/dataclasses.py
18188	2026-08-01T10:01:22.0000000000	/mnt/ems-logs/backups/frdm_kinetics_running_snapshot_20260804_231509/opt/kinetics-gateway/venv/lib/python3.13/site-packages/pydantic/v1/__pycache__/env_settings.cpython-313.pyc
182	2026-07-25T23:53:07.0000000000	/mnt/ems-logs/backups/frdm_kinetics_running_snapshot_20260804_231509/opt/kinetics-gateway/venv/bin/dotenv
182	2026-08-01T09:57:26.0000000000	/mnt/ems-logs/backups/frdm_kinetics_running_snapshot_20260804_231509/opt/kinetics-gateway/venv/lib/python3.13/site-packages/typing_inspection/__pycache__/__init__.cpython-313.pyc
182	2026-08-01T10:01:23.0000000000	/mnt/ems-logs/backups/frdm_kinetics_running_snapshot_20260804_231509/opt/kinetics-gateway/venv/lib/python3.13/site-packages/uvicorn/protocols/__pycache__/__init__.cpython-313.pyc
1820	2026-07-25T23:53:15.0000000000	/mnt/ems-logs/backups/frdm_kinetics_running_snapshot_20260804_231509/opt/kinetics-gateway/venv/lib/python3.13/site-packages/fastapi/background.py
1821	2026-07-25T23:53:13.0000000000	/mnt/ems-logs/backups/frdm_kinetics_running_snapshot_20260804_231509/opt/kinetics-gateway/venv/lib/python3.13/site-packages/pydantic/v1/parse.py
1821	2026-08-01T10:08:09.0000000000	/mnt/ems-logs/backups/frdm_kinetics_running_snapshot_20260804_231509/opt/kinetics-gateway/backend/tests/__pycache__/test_control_route_compatibility.cpython-313-pytest-8.4.2.pyc
18211	2026-07-25T23:49:15.0000000000	/mnt/ems-logs/backups/frdm_kinetics_running_snapshot_20260804_231509/opt/kinetics-gateway/venv/lib/python3.13/site-packages/pip/_vendor/rich/color.py
1822	2026-07-25T23:49:15.0000000000	/mnt/ems-logs/backups/frdm_kinetics_running_snapshot_20260804_231509/opt/kinetics-gateway/venv/lib/python3.13/site-packages/pip/_vendor/requests/compat.py
18247	2026-08-01T10:01:23.0000000000	/mnt/ems-logs/backups/frdm_kinetics_running_snapshot_20260804_231509/opt/kinetics-gateway/venv/lib/python3.13/site-packages/websockets/__pycache__/exceptions.cpython-313.pyc
1825	2026-08-01T10:06:11.0000000000	/mnt/ems-logs/backups/frdm_kinetics_running_snapshot_20260804_231509/opt/kinetics-gateway/venv/lib/python3.13/site-packages/pip/_internal/distributions/__pycache__/installed.cpython-313.pyc
18262	2026-08-01T10:06:21.0000000000	/mnt/ems-logs/backups/frdm_kinetics_running_snapshot_20260804_231509/opt/kinetics-gateway/venv/lib/python3.13/site-packages/pygments/lexers/rebol.py
182784	2026-07-25T23:49:15.0000000000	/mnt/ems-logs/backups/frdm_kinetics_running_snapshot_20260804_231509/opt/kinetics-gateway/venv/lib/python3.13/site-packages/pip/_vendor/distlib/t64-arm.exe
183	2026-07-25T23:53:06.0000000000	/mnt/ems-logs/backups/frdm_kinetics_running_snapshot_20260804_231509/opt/kinetics-gateway/venv/bin/websockets
183	2026-08-01T09:57:23.0000000000	/mnt/ems-logs/backups/frdm_kinetics_running_snapshot_20260804_231509/opt/kinetics-gateway/venv/lib/python3.13/site-packages/uvicorn/middleware/__pycache__/__init__.cpython-313.pyc
183	2026-08-01T09:57:26.0000000000	/mnt/ems-logs/backups/frdm_kinetics_running_snapshot_20260804_231509/opt/kinetics-gateway/venv/lib/python3.13/site-packages/pydantic/_internal/__pycache__/__init__.cpython-313.pyc
1830	2026-07-25T23:49:15.0000000000	/mnt/ems-logs/backups/frdm_kinetics_running_snapshot_20260804_231509/opt/kinetics-gateway/venv/lib/python3.13/site-packages/pip/_internal/distributions/base.py
1830	2026-07-25T23:49:15.0000000000	/mnt/ems-logs/backups/frdm_kinetics_running_snapshot_20260804_231509/opt/kinetics-gateway/venv/lib/python3.13/site-packages/pip/_internal/network/xmlrpc.py
1830	2026-07-25T23:53:08.0000000000	/mnt/ems-logs/backups/frdm_kinetics_running_snapshot_20260804_231509/opt/kinetics-gateway/venv/lib/python3.13/site-packages/h11-0.16.0.dist-info/RECORD
1832	2026-07-25T23:53:10.0000000000	/mnt/ems-logs/backups/frdm_kinetics_running_snapshot_20260804_231509/opt/kinetics-gateway/venv/lib/python3.13/site-packages/openpyxl/chart/error_bar.py
18321	2026-08-01T10:06:21.0000000000	/mnt/ems-logs/backups/frdm_kinetics_running_snapshot_20260804_231509/opt/kinetics-gateway/venv/lib/python3.13/site-packages/pygments/lexers/c_cpp.py
18323	2026-07-26T00:10:13.0000000000	/mnt/ems-logs/backups/frdm_kinetics_running_snapshot_20260804_231509/opt/kinetics-gateway/venv/lib/python3.13/site-packages/httpx2/_urlparse.py
183447	2026-07-25T23:53:15.0000000000	/mnt/ems-logs/backups/frdm_kinetics_running_snapshot_20260804_231509/opt/kinetics-gateway/venv/lib/python3.13/site-packages/fastapi/applications.py
1835	2026-08-01T09:57:23.0000000000	/mnt/ems-logs/backups/frdm_kinetics_running_snapshot_20260804_231509/opt/kinetics-gateway/venv/lib/python3.13/site-packages/uvicorn/__pycache__/importer.cpython-313.pyc
1835	2026-08-01T10:06:01.0000000000	/mnt/ems-logs/backups/frdm_kinetics_running_snapshot_20260804_231509/opt/kinetics-gateway/venv/lib/python3.13/site-packages/pip/_internal/utils/__pycache__/packaging.cpython-313.pyc
1838	2026-07-31T15:20:11.0000000000	/mnt/ems-logs/backups/frdm_kinetics_running_snapshot_20260804_231509/opt/kinetics-gateway/staging/v3_0_0_20260731T161022Z/backend/RELEASE_NOTES_V3_0_0.md
1838	2026-07-31T21:44:51.0000000000	/mnt/ems-logs/backups/frdm_kinetics_running_snapshot_20260804_231509/opt/kinetics-gateway/backups/v3_0_0_incremental_before_20260731T161610Z/RELEASE_NOTES_V3_0_0.md
1838	2026-07-31T21:46:10.0000000000	/mnt/ems-logs/backups/frdm_kinetics_running_snapshot_20260804_231509/opt/kinetics-gateway/backend/RELEASE_NOTES_V3_0_0.md
184	2026-08-01T10:05:56.0000000000	/mnt/ems-logs/backups/frdm_kinetics_running_snapshot_20260804_231509/opt/kinetics-gateway/venv/lib/python3.13/site-packages/pip/_internal/utils/__pycache__/__init__.cpython-313.pyc
184	2026-08-01T10:06:30.0000000000	/mnt/ems-logs/backups/frdm_kinetics_running_snapshot_20260804_231509/opt/kinetics-gateway/venv/bin/pygmentize
1840	2026-08-01T10:06:30.0000000000	/mnt/ems-logs/backups/frdm_kinetics_running_snapshot_20260804_231509/opt/kinetics-gateway/venv/lib/python3.13/site-packages/pygments/styles/__pycache__/xcode.cpython-313.pyc
1841	2026-08-01T09:57:29.0000000000	/mnt/ems-logs/backups/frdm_kinetics_running_snapshot_20260804_231509/opt/kinetics-gateway/venv/lib/python3.13/site-packages/jwt/__pycache__/jwk_set_cache.cpython-313.pyc
18416	2026-08-01T10:06:27.0000000000	/mnt/ems-logs/backups/frdm_kinetics_running_snapshot_20260804_231509/opt/kinetics-gateway/venv/lib/python3.13/site-packages/pygments/lexers/__pycache__/phix.cpython-313.pyc
18417	2026-08-01T10:06:21.0000000000	/mnt/ems-logs/backups/frdm_kinetics_running_snapshot_20260804_231509/opt/kinetics-gateway/venv/lib/python3.13/site-packages/pygments/lexers/_csound_builtins.py
18436	2026-08-01T10:06:01.0000000000	/mnt/ems-logs/backups/frdm_kinetics_running_snapshot_20260804_231509/opt/kinetics-gateway/venv/lib/python3.13/site-packages/pip/_internal/__pycache__/configuration.cpython-313.pyc
1844	2026-07-25T23:53:15.0000000000	/mnt/ems-logs/backups/frdm_kinetics_running_snapshot_20260804_231509/opt/kinetics-gateway/venv/lib/python3.13/site-packages/fastapi/.agents/skills/fastapi/references/pydantic.md
18450	2026-08-01T10:06:24.0000000000	/mnt/ems-logs/backups/frdm_kinetics_running_snapshot_20260804_231509/opt/kinetics-gateway/venv/lib/python3.13/site-packages/pygments/lexers/__pycache__/automation.cpython-313.pyc
18451	2026-08-01T10:06:21.0000000000	/mnt/ems-logs/backups/frdm_kinetics_running_snapshot_20260804_231509/opt/kinetics-gateway/venv/lib/python3.13/site-packages/pygments/lexers/robotframework.py
1847	2026-07-25T23:53:10.0000000000	/mnt/ems-logs/backups/frdm_kinetics_running_snapshot_20260804_231509/opt/kinetics-gateway/venv/lib/python3.13/site-packages/openpyxl/chart/text.py
18478	2026-08-01T10:07:22.0000000000	/mnt/ems-logs/backups/frdm_kinetics_running_snapshot_20260804_231509/opt/kinetics-gateway/venv/lib/python3.13/site-packages/httpx2/__pycache__/_decoders.cpython-313.pyc
1848	2026-08-01T10:06:10.0000000000	/mnt/ems-logs/backups/frdm_kinetics_running_snapshot_20260804_231509/opt/kinetics-gateway/venv/lib/python3.13/site-packages/pip/_internal/operations/build/__pycache__/metadata.cpython-313.pyc
185	2026-07-25T23:53:10.0000000000	/mnt/ems-logs/backups/frdm_kinetics_running_snapshot_20260804_231509/opt/kinetics-gateway/venv/lib/python3.13/site-packages/openpyxl/worksheet/picture.py
185	2026-08-01T09:57:28.0000000000	/mnt/ems-logs/backups/frdm_kinetics_running_snapshot_20260804_231509/opt/kinetics-gateway/venv/lib/python3.13/site-packages/fastapi/dependencies/__pycache__/__init__.cpython-313.pyc
18507	2026-08-01T10:06:01.0000000000	/mnt/ems-logs/backups/frdm_kinetics_running_snapshot_20260804_231509/opt/kinetics-gateway/venv/lib/python3.13/site-packages/pip/_internal/cli/__pycache__/parser.cpython-313.pyc
1851	2026-07-25T23:53:08.0000000000	/mnt/ems-logs/backups/frdm_kinetics_running_snapshot_20260804_231509/opt/kinetics-gateway/venv/lib/python3.13/site-packages/idna/intranges.py
1856	2026-07-25T23:53:15.0000000000	/mnt/ems-logs/backups/frdm_kinetics_running_snapshot_20260804_231509/opt/kinetics-gateway/venv/lib/python3.13/site-packages/fastapi/.agents/skills/fastapi/references/responses.md
1859	2026-07-25T23:53:07.0000000000	/mnt/ems-logs/backups/frdm_kinetics_running_snapshot_20260804_231509/opt/kinetics-gateway/venv/lib/python3.13/site-packages/uvloop/handles/idle.pyx
18590	2026-07-25T23:49:15.0000000000	/mnt/ems-logs/backups/frdm_kinetics_running_snapshot_20260804_231509/opt/kinetics-gateway/venv/lib/python3.13/site-packages/pip/_vendor/requests/cookies.py
18612	2026-07-25T23:49:15.0000000000	/mnt/ems-logs/backups/frdm_kinetics_running_snapshot_20260804_231509/opt/kinetics-gateway/venv/lib/python3.13/site-packages/pip/_vendor/distlib/scripts.py
1862	2026-08-01T10:05:58.0000000000	/mnt/ems-logs/backups/frdm_kinetics_running_snapshot_20260804_231509/opt/kinetics-gateway/venv/lib/python3.13/site-packages/pip/_vendor/rich/__pycache__/protocol.cpython-313.pyc
18628	2026-08-01T10:06:21.0000000000	/mnt/ems-logs/backups/frdm_kinetics_running_snapshot_20260804_231509/opt/kinetics-gateway/venv/lib/python3.13/site-packages/pygments/lexers/unicon.py
1866	2026-07-25T23:53:13.0000000000	/mnt/ems-logs/backups/frdm_kinetics_running_snapshot_20260804_231509/opt/kinetics-gateway/venv/lib/python3.13/site-packages/pydantic/experimental/arguments_schema.py
18679	2026-08-01T10:06:32.0000000000	/mnt/ems-logs/backups/frdm_kinetics_running_snapshot_20260804_231509/opt/kinetics-gateway/venv/lib/python3.13/site-packages/_pytest/__pycache__/debugging.cpython-313.pyc
187	2026-08-01T10:01:23.0000000000	/mnt/ems-logs/backups/frdm_kinetics_running_snapshot_20260804_231509/opt/kinetics-gateway/venv/lib/python3.13/site-packages/uvicorn/protocols/http/__pycache__/__init__.cpython-313.pyc
18743	2026-08-01T10:06:45.0000000000	/mnt/ems-logs/backups/frdm_kinetics_running_snapshot_20260804_231509/opt/kinetics-gateway/venv/lib/python3.13/site-packages/anyio/__pycache__/pytest_plugin.cpython-313-pytest-8.4.2.pyc
1876	2026-08-01T10:06:29.0000000000	/mnt/ems-logs/backups/frdm_kinetics_running_snapshot_20260804_231509/opt/kinetics-gateway/venv/lib/python3.13/site-packages/pygments/lexers/__pycache__/trafficscript.cpython-313.pyc
1878	2026-07-25T23:53:12.0000000000	/mnt/ems-logs/backups/frdm_kinetics_running_snapshot_20260804_231509/opt/kinetics-gateway/venv/lib/python3.13/site-packages/watchfiles-1.2.0.dist-info/RECORD
1879	2026-08-01T10:05:58.0000000000	/mnt/ems-logs/backups/frdm_kinetics_running_snapshot_20260804_231509/opt/kinetics-gateway/venv/lib/python3.13/site-packages/pip/_vendor/rich/__pycache__/pager.cpython-313.pyc
1881	2026-07-25T23:53:07.0000000000	/mnt/ems-logs/backups/frdm_kinetics_running_snapshot_20260804_231509/opt/kinetics-gateway/venv/lib/python3.13/site-packages/uvloop/handles/check.pyx
18812	2026-07-25T23:53:09.0000000000	/mnt/ems-logs/backups/frdm_kinetics_running_snapshot_20260804_231509/opt/kinetics-gateway/venv/lib/python3.13/site-packages/uvicorn/main.py
18815	2026-08-01T10:01:23.0000000000	/mnt/ems-logs/backups/frdm_kinetics_running_snapshot_20260804_231509/opt/kinetics-gateway/venv/lib/python3.13/site-packages/websockets/__pycache__/frames.cpython-313.pyc
18879	2026-07-25T23:53:08.0000000000	/mnt/ems-logs/backups/frdm_kinetics_running_snapshot_20260804_231509/opt/kinetics-gateway/venv/lib/python3.13/site-packages/click/_compat.py
189	2026-08-01T10:06:10.0000000000	/mnt/ems-logs/backups/frdm_kinetics_running_snapshot_20260804_231509/opt/kinetics-gateway/venv/lib/python3.13/site-packages/pip/_internal/operations/__pycache__/__init__.cpython-313.pyc
189	2026-08-01T10:06:11.0000000000	/mnt/ems-logs/backups/frdm_kinetics_running_snapshot_20260804_231509/opt/kinetics-gateway/venv/lib/python3.13/site-packages/pip/_internal/resolution/__pycache__/__init__.cpython-313.pyc
1890	2026-08-01T10:06:28.0000000000	/mnt/ems-logs/backups/frdm_kinetics_running_snapshot_20260804_231509/opt/kinetics-gateway/venv/lib/python3.13/site-packages/pygments/lexers/__pycache__/rego.cpython-313.pyc
1891	2026-07-25T23:49:15.0000000000	/mnt/ems-logs/backups/frdm_kinetics_running_snapshot_20260804_231509/opt/kinetics-gateway/venv/lib/python3.13/site-packages/pip/_vendor/pygments/plugin.py
1894	2026-08-01T10:05:58.0000000000	/mnt/ems-logs/backups/frdm_kinetics_running_snapshot_20260804_231509/opt/kinetics-gateway/venv/lib/python3.13/site-packages/pip/_vendor/rich/__pycache__/_loop.cpython-313.pyc
18963	2026-07-25T23:53:13.0000000000	/mnt/ems-logs/backups/frdm_kinetics_running_snapshot_20260804_231509/opt/kinetics-gateway/venv/lib/python3.13/site-packages/pydantic/dataclasses.py
1898	2026-07-25T23:49:15.0000000000	/mnt/ems-logs/backups/frdm_kinetics_running_snapshot_20260804_231509/opt/kinetics-gateway/venv/lib/python3.13/site-packages/pip/_vendor/idna/intranges.py
1899	2026-08-01T10:06:29.0000000000	/mnt/ems-logs/backups/frdm_kinetics_running_snapshot_20260804_231509/opt/kinetics-gateway/venv/lib/python3.13/site-packages/pygments/lexers/__pycache__/tlb.cpython-313.pyc
190	2026-07-27T09:05:59.0000000000	/mnt/ems-logs/backups/frdm_kinetics_running_snapshot_20260804_231509/opt/kinetics-gateway/venv/bin/pyserial-miniterm
190	2026-08-01T10:06:31.0000000000	/mnt/ems-logs/backups/frdm_kinetics_running_snapshot_20260804_231509/opt/kinetics-gateway/venv/lib/python3.13/site-packages/_pytest/_io/__init__.py
190	2026-08-01T10:06:34.0000000000	/mnt/ems-logs/backups/frdm_kinetics_running_snapshot_20260804_231509/opt/kinetics-gateway/venv/bin/py.test
190	2026-08-01T10:06:34.0000000000	/mnt/ems-logs/backups/frdm_kinetics_running_snapshot_20260804_231509/opt/kinetics-gateway/venv/bin/pytest
1900	2026-08-01T10:06:10.0000000000	/mnt/ems-logs/backups/frdm_kinetics_running_snapshot_20260804_231509/opt/kinetics-gateway/venv/lib/python3.13/site-packages/pip/_internal/operations/build/__pycache__/metadata_editable.cpython-313.pyc
1900	2026-08-01T10:06:34.0000000000	/mnt/ems-logs/backups/frdm_kinetics_running_snapshot_20260804_231509/opt/kinetics-gateway/venv/lib/python3.13/site-packages/_pytest/__pycache__/setupplan.cpython-313.pyc
1901	2026-08-01T10:06:02.0000000000	/mnt/ems-logs/backups/frdm_kinetics_running_snapshot_20260804_231509/opt/kinetics-gateway/venv/lib/python3.13/site-packages/pip/_internal/cli/__pycache__/command_context.cpython-313.pyc
1903	2026-08-01T10:05:56.0000000000	/mnt/ems-logs/backups/frdm_kinetics_running_snapshot_20260804_231509/opt/kinetics-gateway/venv/lib/python3.13/site-packages/pip/_internal/utils/__pycache__/_log.cpython-313.pyc
19042	2026-08-01T10:06:24.0000000000	/mnt/ems-logs/backups/frdm_kinetics_running_snapshot_20260804_231509/opt/kinetics-gateway/venv/lib/python3.13/site-packages/pygments/lexers/__pycache__/apdlexer.cpython-313.pyc
19052	2026-07-25T23:53:08.0000000000	/mnt/ems-logs/backups/frdm_kinetics_running_snapshot_20260804_231509/opt/kinetics-gateway/venv/lib/python3.13/site-packages/click/parser.py
1906	2026-08-01T10:06:30.0000000000	/mnt/ems-logs/backups/frdm_kinetics_running_snapshot_20260804_231509/opt/kinetics-gateway/venv/lib/python3.13/site-packages/pygments/styles/__pycache__/rrt.cpython-313.pyc
1908	2026-08-01T10:06:21.0000000000	/mnt/ems-logs/backups/frdm_kinetics_running_snapshot_20260804_231509/opt/kinetics-gateway/venv/lib/python3.13/site-packages/pygments/lexers/iolang.py
191	2026-07-25T23:56:52.0000000000	/mnt/ems-logs/backups/frdm_kinetics_running_snapshot_20260804_231509/opt/kinetics-gateway/backend/.pytest_cache/CACHEDIR.TAG
191	2026-07-25T23:56:52.0000000000	/mnt/ems-logs/backups/frdm_kinetics_running_snapshot_20260804_231509/opt/kinetics-gateway/staging/v3_0_0_20260731T161022Z/backend/.pytest_cache/CACHEDIR.TAG
1910	2026-07-25T23:49:15.0000000000	/mnt/ems-logs/backups/frdm_kinetics_running_snapshot_20260804_231509/opt/kinetics-gateway/venv/lib/python3.13/site-packages/pip/_vendor/pygments/filter.py
19102	2026-07-25T23:49:15.0000000000	/mnt/ems-logs/backups/frdm_kinetics_running_snapshot_20260804_231509/opt/kinetics-gateway/venv/lib/python3.13/site-packages/pip/_vendor/cachecontrol/controller.py
19102	2026-08-01T10:06:31.0000000000	/mnt/ems-logs/backups/frdm_kinetics_running_snapshot_20260804_231509/opt/kinetics-gateway/venv/lib/python3.13/site-packages/_pytest/config/argparsing.py
1911	2026-08-01T09:57:25.0000000000	/mnt/ems-logs/backups/frdm_kinetics_running_snapshot_20260804_231509/opt/kinetics-gateway/venv/lib/python3.13/site-packages/annotated_doc/__pycache__/main.cpython-313.pyc
1913	2026-08-01T10:06:21.0000000000	/mnt/ems-logs/backups/frdm_kinetics_running_snapshot_20260804_231509/opt/kinetics-gateway/venv/lib/python3.13/site-packages/pygments/filter.py
19138	2026-07-31T15:16:42.0000000000	/mnt/ems-logs/backups/frdm_kinetics_running_snapshot_20260804_231509/opt/kinetics-gateway/staging/v3_0_0_20260731T161022Z/backend/tests/test_bms_pcs_control.py
19138	2026-07-31T21:44:51.0000000000	/mnt/ems-logs/backups/frdm_kinetics_running_snapshot_20260804_231509/opt/kinetics-gateway/backups/v3_0_0_incremental_before_20260731T161610Z/tests/test_bms_pcs_control.py
19144	2026-07-25T23:49:15.0000000000	/mnt/ems-logs/backups/frdm_kinetics_running_snapshot_20260804_231509/opt/kinetics-gateway/venv/lib/python3.13/site-packages/pip/_internal/vcs/git.py
19150	2026-08-01T10:06:21.0000000000	/mnt/ems-logs/backups/frdm_kinetics_running_snapshot_20260804_231509/opt/kinetics-gateway/venv/lib/python3.13/site-packages/pygments/lexers/erlang.py
192	2026-07-27T09:05:59.0000000000	/mnt/ems-logs/backups/frdm_kinetics_running_snapshot_20260804_231509/opt/kinetics-gateway/venv/bin/pyserial-ports
192	2026-08-01T10:06:08.0000000000	/mnt/ems-logs/backups/frdm_kinetics_running_snapshot_20260804_231509/opt/kinetics-gateway/venv/lib/python3.13/site-packages/pip/_vendor/urllib3/contrib/__pycache__/__init__.cpython-313.pyc
19200	2026-08-01T09:57:25.0000000000	/mnt/ems-logs/backups/frdm_kinetics_running_snapshot_20260804_231509/opt/kinetics-gateway/venv/lib/python3.13/site-packages/watchfiles/__pycache__/run.cpython-313.pyc
1923	2026-07-25T23:53:08.0000000000	/mnt/ems-logs/backups/frdm_kinetics_running_snapshot_20260804_231509/opt/kinetics-gateway/venv/lib/python3.13/site-packages/click/globals.py
19235	2026-07-25T23:49:15.0000000000	/mnt/ems-logs/backups/frdm_kinetics_running_snapshot_20260804_231509/opt/kinetics-gateway/venv/lib/python3.13/site-packages/pip/_vendor/urllib3/util/retry.py
1924	2026-07-25T23:53:06.0000000000	/mnt/ems-logs/backups/frdm_kinetics_running_snapshot_20260804_231509/opt/kinetics-gateway/venv/lib/python3.13/site-packages/websockets/legacy/exceptions.py
19246	2026-07-26T00:10:12.0000000000	/mnt/ems-logs/backups/frdm_kinetics_running_snapshot_20260804_231509/opt/kinetics-gateway/venv/lib/python3.13/site-packages/httpcore2/_sync/connection_pool.py
19249	2026-08-01T10:06:31.0000000000	/mnt/ems-logs/backups/frdm_kinetics_running_snapshot_20260804_231509/opt/kinetics-gateway/venv/lib/python3.13/site-packages/_pytest/unittest.py
1925	2026-07-25T23:49:15.0000000000	/mnt/ems-logs/backups/frdm_kinetics_running_snapshot_20260804_231509/opt/kinetics-gateway/venv/lib/python3.13/site-packages/pip/_vendor/rich/_windows.py
19261	2026-08-01T10:06:21.0000000000	/mnt/ems-logs/backups/frdm_kinetics_running_snapshot_20260804_231509/opt/kinetics-gateway/venv/lib/python3.13/site-packages/pygments/formatters/latex.py
19265	2026-07-25T23:53:11.0000000000	/mnt/ems-logs/backups/frdm_kinetics_running_snapshot_20260804_231509/opt/kinetics-gateway/venv/lib/python3.13/site-packages/anyio/from_thread.py
1928	2026-08-01T10:06:21.0000000000	/mnt/ems-logs/backups/frdm_kinetics_running_snapshot_20260804_231509/opt/kinetics-gateway/venv/lib/python3.13/site-packages/pygments/plugin.py
1928	2026-08-01T10:06:30.0000000000	/mnt/ems-logs/backups/frdm_kinetics_running_snapshot_20260804_231509/opt/kinetics-gateway/venv/lib/python3.13/site-packages/pygments/styles/__pycache__/bw.cpython-313.pyc
193	2026-07-25T23:53:06.0000000000	/mnt/ems-logs/backups/frdm_kinetics_running_snapshot_20260804_231509/opt/kinetics-gateway/venv/lib/python3.13/site-packages/websockets-16.1.1.dist-info/WHEEL
193	2026-07-25T23:53:07.0000000000	/mnt/ems-logs/backups/frdm_kinetics_running_snapshot_20260804_231509/opt/kinetics-gateway/venv/lib/python3.13/site-packages/pyyaml-6.0.3.dist-info/WHEEL
193	2026-07-25T23:53:07.0000000000	/mnt/ems-logs/backups/frdm_kinetics_running_snapshot_20260804_231509/opt/kinetics-gateway/venv/lib/python3.13/site-packages/uvloop-0.22.1.dist-info/WHEEL
193	2026-07-25T23:53:08.0000000000	/mnt/ems-logs/backups/frdm_kinetics_running_snapshot_20260804_231509/opt/kinetics-gateway/venv/lib/python3.13/site-packages/httptools-0.8.0.dist-info/WHEEL
193	2026-08-01T10:01:23.0000000000	/mnt/ems-logs/backups/frdm_kinetics_running_snapshot_20260804_231509/opt/kinetics-gateway/venv/lib/python3.13/site-packages/uvicorn/protocols/websockets/__pycache__/__init__.cpython-313.pyc
19305	2026-08-01T10:01:22.0000000000	/mnt/ems-logs/backups/frdm_kinetics_running_snapshot_20260804_231509/opt/kinetics-gateway/venv/lib/python3.13/site-packages/pydantic/v1/__pycache__/class_validators.cpython-313.pyc
19358	2026-08-01T10:06:00.0000000000	/mnt/ems-logs/backups/frdm_kinetics_running_snapshot_20260804_231509/opt/kinetics-gateway/venv/lib/python3.13/site-packages/pip/_vendor/platformdirs/__pycache__/__init__.cpython-313.pyc
1937	2026-08-01T10:06:21.0000000000	/mnt/ems-logs/backups/frdm_kinetics_running_snapshot_20260804_231509/opt/kinetics-gateway/venv/lib/python3.13/site-packages/pygments/lexers/graphviz.py
1941	2026-08-01T10:01:23.0000000000	/mnt/ems-logs/backups/frdm_kinetics_running_snapshot_20260804_231509/opt/kinetics-gateway/venv/lib/python3.13/site-packages/httptools/parser/__pycache__/protocol.cpython-313.pyc
1945	2026-08-01T10:06:29.0000000000	/mnt/ems-logs/backups/frdm_kinetics_running_snapshot_20260804_231509/opt/kinetics-gateway/venv/lib/python3.13/site-packages/pygments/lexers/__pycache__/tls.cpython-313.pyc
1946	2026-07-25T23:53:06.0000000000	/mnt/ems-logs/backups/frdm_kinetics_running_snapshot_20260804_231509/opt/kinetics-gateway/venv/lib/python3.13/site-packages/websockets/typing.py
1946	2026-08-01T10:06:21.0000000000	/mnt/ems-logs/backups/frdm_kinetics_running_snapshot_20260804_231509/opt/kinetics-gateway/venv/lib/python3.13/site-packages/pygments/lexers/x10.py
1949	2026-08-01T10:06:30.0000000000	/mnt/ems-logs/backups/frdm_kinetics_running_snapshot_20260804_231509/opt/kinetics-gateway/venv/lib/python3.13/site-packages/pygments/styles/__pycache__/fruity.cpython-313.pyc
195	2026-08-01T10:06:10.0000000000	/mnt/ems-logs/backups/frdm_kinetics_running_snapshot_20260804_231509/opt/kinetics-gateway/venv/lib/python3.13/site-packages/pip/_internal/operations/build/__pycache__/__init__.cpython-313.pyc
1952	2026-07-25T23:53:10.0000000000	/mnt/ems-logs/backups/frdm_kinetics_running_snapshot_20260804_231509/opt/kinetics-gateway/venv/lib/python3.13/site-packages/openpyxl/chart/title.py
1952	2026-07-25T23:53:10.0000000000	/mnt/ems-logs/backups/frdm_kinetics_running_snapshot_20260804_231509/opt/kinetics-gateway/venv/lib/python3.13/site-packages/openpyxl/descriptors/__init__.py
1953	2026-07-25T23:49:15.0000000000	/mnt/ems-logs/backups/frdm_kinetics_running_snapshot_20260804_231509/opt/kinetics-gateway/venv/lib/python3.13/site-packages/pip/_vendor/cachecontrol/cache.py
19533	2026-08-01T10:06:21.0000000000	/mnt/ems-logs/backups/frdm_kinetics_running_snapshot_20260804_231509/opt/kinetics-gateway/venv/lib/python3.13/site-packages/pygments/lexers/factor.py
19543	2026-08-01T10:06:31.0000000000	/mnt/ems-logs/backups/frdm_kinetics_running_snapshot_20260804_231509/opt/kinetics-gateway/venv/lib/python3.13/site-packages/_pytest/runner.py
19571	2026-08-01T10:06:27.0000000000	/mnt/ems-logs/backups/frdm_kinetics_running_snapshot_20260804_231509/opt/kinetics-gateway/venv/lib/python3.13/site-packages/pygments/lexers/__pycache__/objective.cpython-313.pyc
1962	2026-08-01T10:01:22.0000000000	/mnt/ems-logs/backups/frdm_kinetics_running_snapshot_20260804_231509/opt/kinetics-gateway/venv/lib/python3.13/site-packages/pydantic/v1/__pycache__/version.cpython-313.pyc
19622	2026-08-01T10:06:31.0000000000	/mnt/ems-logs/backups/frdm_kinetics_running_snapshot_20260804_231509/opt/kinetics-gateway/venv/lib/python3.13/site-packages/_pytest/_io/pprint.py
19624	2026-07-25T23:53:11.0000000000	/mnt/ems-logs/backups/frdm_kinetics_running_snapshot_20260804_231509/opt/kinetics-gateway/venv/lib/python3.13/site-packages/anyio/_core/_tempfile.py
19629	2026-07-26T00:10:12.0000000000	/mnt/ems-logs/backups/frdm_kinetics_running_snapshot_20260804_231509/opt/kinetics-gateway/venv/lib/python3.13/site-packages/httpcore2/_async/connection_pool.py
19690	2026-08-01T10:06:09.0000000000	/mnt/ems-logs/backups/frdm_kinetics_running_snapshot_20260804_231509/opt/kinetics-gateway/venv/lib/python3.13/site-packages/pip/_internal/vcs/__pycache__/git.cpython-313.pyc
197	2026-07-25T23:49:15.0000000000	/mnt/ems-logs/backups/frdm_kinetics_running_snapshot_20260804_231509/opt/kinetics-gateway/venv/lib/python3.13/site-packages/pip-26.1.2.dist-info/licenses/src/pip/_vendor/packaging/LICENSE
197	2026-07-25T23:49:15.0000000000	/mnt/ems-logs/backups/frdm_kinetics_running_snapshot_20260804_231509/opt/kinetics-gateway/venv/lib/python3.13/site-packages/pip/_vendor/packaging/LICENSE
197	2026-08-01T10:06:30.0000000000	/mnt/ems-logs/backups/frdm_kinetics_running_snapshot_20260804_231509/opt/kinetics-gateway/venv/lib/python3.13/site-packages/packaging-26.2.dist-info/licenses/LICENSE
19709	2026-07-25T23:53:08.0000000000	/mnt/ems-logs/backups/frdm_kinetics_running_snapshot_20260804_231509/opt/kinetics-gateway/venv/lib/python3.13/site-packages/click/decorators.py
1972	2026-08-01T10:06:24.0000000000	/mnt/ems-logs/backups/frdm_kinetics_running_snapshot_20260804_231509/opt/kinetics-gateway/venv/lib/python3.13/site-packages/pygments/lexers/__pycache__/compiled.cpython-313.pyc
1973	2026-08-01T10:06:00.0000000000	/mnt/ems-logs/backups/frdm_kinetics_running_snapshot_20260804_231509/opt/kinetics-gateway/venv/lib/python3.13/site-packages/pip/_internal/utils/__pycache__/retry.cpython-313.pyc
1975	2026-08-01T10:06:21.0000000000	/mnt/ems-logs/backups/frdm_kinetics_running_snapshot_20260804_231509/opt/kinetics-gateway/venv/lib/python3.13/site-packages/pygments/lexers/rnc.py
19750	2026-07-25T23:49:15.0000000000	/mnt/ems-logs/backups/frdm_kinetics_running_snapshot_20260804_231509/opt/kinetics-gateway/venv/lib/python3.13/site-packages/pip/_vendor/urllib3/contrib/pyopenssl.py
19756	2026-08-01T10:06:28.0000000000	/mnt/ems-logs/backups/frdm_kinetics_running_snapshot_20260804_231509/opt/kinetics-gateway/venv/lib/python3.13/site-packages/pygments/lexers/__pycache__/rebol.cpython-313.pyc
1977	2026-08-01T10:06:21.0000000000	/mnt/ems-logs/backups/frdm_kinetics_running_snapshot_20260804_231509/opt/kinetics-gateway/venv/lib/python3.13/site-packages/pygments/lexers/pointless.py
1978	2026-08-01T10:06:08.0000000000	/mnt/ems-logs/backups/frdm_kinetics_running_snapshot_20260804_231509/opt/kinetics-gateway/venv/lib/python3.13/site-packages/pip/_vendor/requests/__pycache__/compat.cpython-313.pyc
198	2026-08-01T10:07:22.0000000000	/mnt/ems-logs/backups/frdm_kinetics_running_snapshot_20260804_231509/opt/kinetics-gateway/venv/lib/python3.13/site-packages/idna/__pycache__/package_data.cpython-313.pyc
19801	2026-08-01T10:06:09.0000000000	/mnt/ems-logs/backups/frdm_kinetics_running_snapshot_20260804_231509/opt/kinetics-gateway/venv/lib/python3.13/site-packages/pip/_internal/network/__pycache__/session.cpython-313.pyc
19821	2026-07-25T23:53:09.0000000000	/mnt/ems-logs/backups/frdm_kinetics_running_snapshot_20260804_231509/opt/kinetics-gateway/venv/lib/python3.13/site-packages/uvicorn/protocols/websockets/wsproto_impl.py
1983	2026-08-01T10:07:23.0000000000	/mnt/ems-logs/backups/frdm_kinetics_running_snapshot_20260804_231509/opt/kinetics-gateway/venv/lib/python3.13/site-packages/httpx2/_transports/__pycache__/mock.cpython-313.pyc
19834	2026-08-01T10:06:21.0000000000	/mnt/ems-logs/backups/frdm_kinetics_running_snapshot_20260804_231509/opt/kinetics-gateway/venv/lib/python3.13/site-packages/pygments/lexers/automation.py
1984	2026-08-01T10:06:21.0000000000	/mnt/ems-logs/backups/frdm_kinetics_running_snapshot_20260804_231509/opt/kinetics-gateway/venv/lib/python3.13/site-packages/pygments/styles/trac.py
19856	2026-07-25T23:49:15.0000000000	/mnt/ems-logs/backups/frdm_kinetics_running_snapshot_20260804_231509/opt/kinetics-gateway/venv/lib/python3.13/site-packages/pip/_internal/network/session.py
19873	2026-08-01T10:01:23.0000000000	/mnt/ems-logs/backups/frdm_kinetics_running_snapshot_20260804_231509/opt/kinetics-gateway/venv/lib/python3.13/site-packages/websockets/extensions/__pycache__/permessage_deflate.cpython-313.pyc
1988	2026-08-01T10:06:21.0000000000	/mnt/ems-logs/backups/frdm_kinetics_running_snapshot_20260804_231509/opt/kinetics-gateway/venv/lib/python3.13/site-packages/pygments/lexers/sgf.py
1988	2026-08-01T10:06:25.0000000000	/mnt/ems-logs/backups/frdm_kinetics_running_snapshot_20260804_231509/opt/kinetics-gateway/venv/lib/python3.13/site-packages/pygments/lexers/__pycache__/fift.cpython-313.pyc
19915	2026-08-01T09:57:26.0000000000	/mnt/ems-logs/backups/frdm_kinetics_running_snapshot_20260804_231509/opt/kinetics-gateway/venv/lib/python3.13/site-packages/pydantic/_internal/__pycache__/_utils.cpython-313.pyc
19919	2026-07-25T23:49:15.0000000000	/mnt/ems-logs/backups/frdm_kinetics_running_snapshot_20260804_231509/opt/kinetics-gateway/venv/lib/python3.13/site-packages/pip/_vendor/rich/_spinners.py
19929	2026-07-25T23:49:15.0000000000	/mnt/ems-logs/backups/frdm_kinetics_running_snapshot_20260804_231509/opt/kinetics-gateway/venv/lib/python3.13/site-packages/pip/_vendor/urllib3/util/ssl_.py
20	2026-08-04T23:15:29.6849471390	/mnt/ems-logs/backups/frdm_kinetics_running_snapshot_20260804_231509/metadata/gateway_executable.txt
20	2026-08-04T23:15:29.7249477330	/mnt/ems-logs/backups/frdm_kinetics_running_snapshot_20260804_231509/metadata/scheduler_executable.txt
200	2026-08-01T09:57:25.0000000000	/mnt/ems-logs/backups/frdm_kinetics_running_snapshot_20260804_231509/opt/kinetics-gateway/venv/lib/python3.13/site-packages/starlette/__pycache__/__init__.cpython-313.pyc
200	2026-08-01T10:01:23.0000000000	/mnt/ems-logs/backups/frdm_kinetics_running_snapshot_20260804_231509/opt/kinetics-gateway/venv/lib/python3.13/site-packages/uvloop/__pycache__/_version.cpython-313.pyc
200	2026-08-01T10:06:17.0000000000	/mnt/ems-logs/backups/frdm_kinetics_running_snapshot_20260804_231509/opt/kinetics-gateway/venv/lib/python3.13/site-packages/pip/_internal/resolution/resolvelib/__pycache__/__init__.cpython-313.pyc
2004	2026-07-25T23:53:10.0000000000	/mnt/ems-logs/backups/frdm_kinetics_running_snapshot_20260804_231509/opt/kinetics-gateway/venv/lib/python3.13/site-packages/openpyxl/chart/bubble_chart.py
2006	2026-08-01T09:57:29.0000000000	/mnt/ems-logs/backups/frdm_kinetics_running_snapshot_20260804_231509/opt/kinetics-gateway/venv/lib/python3.13/site-packages/fastapi/__pycache__/exception_handlers.cpython-313.pyc
20068	2026-08-01T10:06:23.0000000000	/mnt/ems-logs/backups/frdm_kinetics_running_snapshot_20260804_231509/opt/kinetics-gateway/venv/lib/python3.13/site-packages/pygments/lexers/__pycache__/_mysql_builtins.cpython-313.pyc
2009	2026-08-01T10:06:21.0000000000	/mnt/ems-logs/backups/frdm_kinetics_running_snapshot_20260804_231509/opt/kinetics-gateway/venv/lib/python3.13/site-packages/pygments/styles/__init__.py
20102	2026-07-25T23:53:13.0000000000	/mnt/ems-logs/backups/frdm_kinetics_running_snapshot_20260804_231509/opt/kinetics-gateway/venv/lib/python3.13/site-packages/pydantic/v1/typing.py
20133	2026-08-01T09:57:27.0000000000	/mnt/ems-logs/backups/frdm_kinetics_running_snapshot_20260804_231509/opt/kinetics-gateway/venv/lib/python3.13/site-packages/fastapi/_compat/__pycache__/v2.cpython-313.pyc
2018	2026-08-01T10:06:08.0000000000	/mnt/ems-logs/backups/frdm_kinetics_running_snapshot_20260804_231509/opt/kinetics-gateway/venv/lib/python3.13/site-packages/pip/_vendor/requests/__pycache__/_internal_utils.cpython-313.pyc
202	2026-08-01T10:01:23.0000000000	/mnt/ems-logs/backups/frdm_kinetics_running_snapshot_20260804_231509/opt/kinetics-gateway/venv/lib/python3.13/site-packages/httptools/__pycache__/_version.cpython-313.pyc
20219	2026-08-01T10:06:30.0000000000	/mnt/ems-logs/backups/frdm_kinetics_running_snapshot_20260804_231509/opt/kinetics-gateway/venv/lib/python3.13/site-packages/pluggy/_manager.py
2022	2026-08-01T10:06:21.0000000000	/mnt/ems-logs/backups/frdm_kinetics_running_snapshot_20260804_231509/opt/kinetics-gateway/venv/lib/python3.13/site-packages/pygments/styles/vim.py
20230	2026-08-01T10:06:10.0000000000	/mnt/ems-logs/backups/frdm_kinetics_running_snapshot_20260804_231509/opt/kinetics-gateway/venv/lib/python3.13/site-packages/pip/_vendor/distlib/__pycache__/scripts.cpython-313.pyc
20241	2026-08-01T09:57:25.0000000000	/mnt/ems-logs/backups/frdm_kinetics_running_snapshot_20260804_231509/opt/kinetics-gateway/venv/lib/python3.13/site-packages/anyio/streams/__pycache__/tls.cpython-313.pyc
2025	2026-07-25T23:53:10.0000000000	/mnt/ems-logs/backups/frdm_kinetics_running_snapshot_20260804_231509/opt/kinetics-gateway/venv/lib/python3.13/site-packages/openpyxl/xml/functions.py
20256	2026-07-27T11:40:36.0000000000	/mnt/ems-logs/backups/frdm_kinetics_running_snapshot_20260804_231509/opt/kinetics-gateway/backend/protocol_sources/pcs_hmi/cfg_alarm.json
20256	2026-07-27T11:40:36.0000000000	/mnt/ems-logs/backups/frdm_kinetics_running_snapshot_20260804_231509/opt/kinetics-gateway/staging/v3_0_0_20260731T161022Z/backend/protocol_sources/pcs_hmi/cfg_alarm.json
20284	2026-07-27T09:05:59.0000000000	/mnt/ems-logs/backups/frdm_kinetics_running_snapshot_20260804_231509/opt/kinetics-gateway/venv/lib/python3.13/site-packages/serial/serialwin32.py
2029	2026-08-01T10:06:28.0000000000	/mnt/ems-logs/backups/frdm_kinetics_running_snapshot_20260804_231509/opt/kinetics-gateway/venv/lib/python3.13/site-packages/pygments/lexers/__pycache__/srcinfo.cpython-313.pyc
2032	2026-08-01T10:06:01.0000000000	/mnt/ems-logs/backups/frdm_kinetics_running_snapshot_20260804_231509/opt/kinetics-gateway/venv/lib/python3.13/site-packages/pip/_internal/models/__pycache__/direct_url.cpython-313.pyc
20322	2026-08-01T10:06:22.0000000000	/mnt/ems-logs/backups/frdm_kinetics_running_snapshot_20260804_231509/opt/kinetics-gateway/venv/lib/python3.13/site-packages/pygments/formatters/__pycache__/latex.cpython-313.pyc
2033	2026-07-27T09:05:59.0000000000	/mnt/ems-logs/backups/frdm_kinetics_running_snapshot_20260804_231509/opt/kinetics-gateway/venv/lib/python3.13/site-packages/serial/urlhandler/protocol_alt.py
2034	2026-07-25T23:53:11.0000000000	/mnt/ems-logs/backups/frdm_kinetics_running_snapshot_20260804_231509/opt/kinetics-gateway/venv/lib/python3.13/site-packages/anyio/abc/_testing.py
20352	2026-08-01T09:57:28.0000000000	/mnt/ems-logs/backups/frdm_kinetics_running_snapshot_20260804_231509/opt/kinetics-gateway/venv/lib/python3.13/site-packages/fastapi/security/__pycache__/oauth2.cpython-313.pyc
20355	2026-08-01T10:06:44.0000000000	/mnt/ems-logs/backups/frdm_kinetics_running_snapshot_20260804_231509/opt/kinetics-gateway/venv/lib/python3.13/site-packages/anyio/streams/__pycache__/tls.cpython-313-pytest-8.4.2.pyc
2037	2026-07-25T23:49:15.0000000000	/mnt/ems-logs/backups/frdm_kinetics_running_snapshot_20260804_231509/opt/kinetics-gateway/venv/lib/python3.13/site-packages/pip/_vendor/resolvelib/reporters.py
2039	2026-08-01T10:06:28.0000000000	/mnt/ems-logs/backups/frdm_kinetics_running_snapshot_20260804_231509/opt/kinetics-gateway/venv/lib/python3.13/site-packages/pygments/lexers/__pycache__/rnc.cpython-313.pyc
2040	2026-07-25T23:53:10.0000000000	/mnt/ems-logs/backups/frdm_kinetics_running_snapshot_20260804_231509/opt/kinetics-gateway/venv/lib/python3.13/site-packages/openpyxl/chart/layout.py
2040	2026-07-25T23:53:10.0000000000	/mnt/ems-logs/backups/frdm_kinetics_running_snapshot_20260804_231509/opt/kinetics-gateway/venv/lib/python3.13/site-packages/openpyxl/chart/legend.py
2041	2026-08-01T10:05:57.0000000000	/mnt/ems-logs/backups/frdm_kinetics_running_snapshot_20260804_231509/opt/kinetics-gateway/venv/lib/python3.13/site-packages/pip/_vendor/rich/__pycache__/errors.cpython-313.pyc
2042	2026-07-25T23:49:15.0000000000	/mnt/ems-logs/backups/frdm_kinetics_running_snapshot_20260804_231509/opt/kinetics-gateway/venv/lib/python3.13/site-packages/pip/_vendor/pygments/styles/__init__.py
2046	2026-08-01T10:06:21.0000000000	/mnt/ems-logs/backups/frdm_kinetics_running_snapshot_20260804_231509/opt/kinetics-gateway/venv/lib/python3.13/site-packages/pygments/styles/native.py
2047	2026-07-28T15:57:23.0000000000	/mnt/ems-logs/backups/frdm_kinetics_running_snapshot_20260804_231509/opt/kinetics-gateway/backend/deployment/update_individual_rack_bcu_control_v2_5_1_on_imx93.sh
2047	2026-07-28T15:57:23.0000000000	/mnt/ems-logs/backups/frdm_kinetics_running_snapshot_20260804_231509/opt/kinetics-gateway/staging/v3_0_0_20260731T161022Z/backend/deployment/update_individual_rack_bcu_control_v2_5_1_on_imx93.sh
20503	2026-07-25T23:49:15.0000000000	/mnt/ems-logs/backups/frdm_kinetics_running_snapshot_20260804_231509/opt/kinetics-gateway/venv/lib/python3.13/site-packages/pip/_vendor/truststore/_macos.py
20503	2026-07-26T00:10:12.0000000000	/mnt/ems-logs/backups/frdm_kinetics_running_snapshot_20260804_231509/opt/kinetics-gateway/venv/lib/python3.13/site-packages/truststore/_macos.py
20521	2026-07-25T23:49:15.0000000000	/mnt/ems-logs/backups/frdm_kinetics_running_snapshot_20260804_231509/opt/kinetics-gateway/venv/lib/python3.13/site-packages/pip/_internal/req/req_file.py
20563	2026-07-25T23:53:13.0000000000	/mnt/ems-logs/backups/frdm_kinetics_running_snapshot_20260804_231509/opt/kinetics-gateway/venv/lib/python3.13/site-packages/pydantic/_internal/_validators.py
2057	2026-08-01T10:06:11.0000000000	/mnt/ems-logs/backups/frdm_kinetics_running_snapshot_20260804_231509/opt/kinetics-gateway/venv/lib/python3.13/site-packages/pip/_internal/operations/build/__pycache__/wheel_editable.cpython-313.pyc
20572	2026-08-01T10:06:25.0000000000	/mnt/ems-logs/backups/frdm_kinetics_running_snapshot_20260804_231509/opt/kinetics-gateway/venv/lib/python3.13/site-packages/pygments/lexers/__pycache__/erlang.cpython-313.pyc
2058	2026-07-25T23:53:09.0000000000	/mnt/ems-logs/backups/frdm_kinetics_running_snapshot_20260804_231509/opt/kinetics-gateway/venv/lib/python3.13/site-packages/uvicorn/protocols/utils.py
205970	2026-08-01T10:05:57.0000000000	/mnt/ems-logs/backups/frdm_kinetics_running_snapshot_20260804_231509/opt/kinetics-gateway/venv/lib/python3.13/site-packages/pip/_vendor/rich/__pycache__/_emoji_codes.cpython-313.pyc
20607	2026-07-25T23:53:09.0000000000	/mnt/ems-logs/backups/frdm_kinetics_running_snapshot_20260804_231509/opt/kinetics-gateway/venv/lib/python3.13/site-packages/uvicorn/protocols/websockets/websockets_sansio_impl.py
2061	2026-07-25T23:53:07.0000000000	/mnt/ems-logs/backups/frdm_kinetics_running_snapshot_20260804_231509/opt/kinetics-gateway/venv/lib/python3.13/site-packages/yaml/loader.py
2067	2026-07-25T23:53:11.0000000000	/mnt/ems-logs/backups/frdm_kinetics_running_snapshot_20260804_231509/opt/kinetics-gateway/venv/lib/python3.13/site-packages/anyio/abc/_subprocesses.py
2069	2026-08-01T10:06:21.0000000000	/mnt/ems-logs/backups/frdm_kinetics_running_snapshot_20260804_231509/opt/kinetics-gateway/venv/lib/python3.13/site-packages/pygments/styles/lilypond.py
20694	2026-08-01T10:05:59.0000000000	/mnt/ems-logs/backups/frdm_kinetics_running_snapshot_20260804_231509/opt/kinetics-gateway/venv/lib/python3.13/site-packages/pip/_vendor/rich/__pycache__/live.cpython-313.pyc
207	2026-07-25T23:56:52.0000000000	/mnt/ems-logs/backups/frdm_kinetics_running_snapshot_20260804_231509/opt/kinetics-gateway/backend/.env.example
207	2026-07-25T23:56:52.0000000000	/mnt/ems-logs/backups/frdm_kinetics_running_snapshot_20260804_231509/opt/kinetics-gateway/staging/v3_0_0_20260731T161022Z/backend/.env.example
20713	2026-08-01T10:06:31.0000000000	/mnt/ems-logs/backups/frdm_kinetics_running_snapshot_20260804_231509/opt/kinetics-gateway/venv/lib/python3.13/site-packages/_pytest/assertion/util.py
20728	2026-08-01T09:57:24.0000000000	/mnt/ems-logs/backups/frdm_kinetics_running_snapshot_20260804_231509/opt/kinetics-gateway/venv/lib/python3.13/site-packages/click/__pycache__/parser.cpython-313.pyc
2073	2026-08-01T10:06:30.0000000000	/mnt/ems-logs/backups/frdm_kinetics_running_snapshot_20260804_231509/opt/kinetics-gateway/venv/lib/python3.13/site-packages/pluggy/_tracing.py
2077	2026-08-01T10:06:21.0000000000	/mnt/ems-logs/backups/frdm_kinetics_running_snapshot_20260804_231509/opt/kinetics-gateway/venv/lib/python3.13/site-packages/pygments/lexers/roboconf.py
20795	2026-08-01T10:06:07.0000000000	/mnt/ems-logs/backups/frdm_kinetics_running_snapshot_20260804_231509/opt/kinetics-gateway/venv/lib/python3.13/site-packages/pip/_vendor/urllib3/util/__pycache__/retry.cpython-313.pyc
2081	2026-08-01T10:06:24.0000000000	/mnt/ems-logs/backups/frdm_kinetics_running_snapshot_20260804_231509/opt/kinetics-gateway/venv/lib/python3.13/site-packages/pygments/lexers/__pycache__/asc.cpython-313.pyc
2083	2026-08-01T10:06:08.0000000000	/mnt/ems-logs/backups/frdm_kinetics_running_snapshot_20260804_231509/opt/kinetics-gateway/venv/lib/python3.13/site-packages/pip/_vendor/certifi/__pycache__/core.cpython-313.pyc
20832	2026-08-01T10:06:25.0000000000	/mnt/ems-logs/backups/frdm_kinetics_running_snapshot_20260804_231509/opt/kinetics-gateway/venv/lib/python3.13/site-packages/pygments/lexers/__pycache__/foxpro.cpython-313.pyc
20846	2026-07-25T23:49:15.0000000000	/mnt/ems-logs/backups/frdm_kinetics_running_snapshot_20260804_231509/opt/kinetics-gateway/venv/lib/python3.13/site-packages/pip/_internal/network/auth.py
2085	2026-08-01T10:06:21.0000000000	/mnt/ems-logs/backups/frdm_kinetics_running_snapshot_20260804_231509/opt/kinetics-gateway/venv/lib/python3.13/site-packages/pygments/lexers/jmespath.py
20912	2026-07-25T23:49:15.0000000000	/mnt/ems-logs/backups/frdm_kinetics_running_snapshot_20260804_231509/opt/kinetics-gateway/venv/lib/python3.13/site-packages/pip/_internal/resolution/resolvelib/candidates.py
20942	2026-07-25T23:53:08.0000000000	/mnt/ems-logs/backups/frdm_kinetics_running_snapshot_20260804_231509/opt/kinetics-gateway/venv/lib/python3.13/site-packages/click/utils.py
2095	2026-07-25T23:53:15.0000000000	/mnt/ems-logs/backups/frdm_kinetics_running_snapshot_20260804_231509/opt/kinetics-gateway/venv/lib/python3.13/site-packages/fastapi/_compat/__init__.py
20989	2026-08-01T10:06:25.0000000000	/mnt/ems-logs/backups/frdm_kinetics_running_snapshot_20260804_231509/opt/kinetics-gateway/venv/lib/python3.13/site-packages/pygments/lexers/__pycache__/html.cpython-313.pyc
2099	2026-08-01T10:06:28.0000000000	/mnt/ems-logs/backups/frdm_kinetics_running_snapshot_20260804_231509/opt/kinetics-gateway/venv/lib/python3.13/site-packages/pygments/lexers/__pycache__/sgf.cpython-313.pyc
21	2026-07-25T23:49:15.0000000000	/mnt/ems-logs/backups/frdm_kinetics_running_snapshot_20260804_231509/opt/kinetics-gateway/venv/lib/python3.13/site-packages/pip/_vendor/idna/package_data.py
21	2026-07-25T23:53:08.0000000000	/mnt/ems-logs/backups/frdm_kinetics_running_snapshot_20260804_231509/opt/kinetics-gateway/venv/lib/python3.13/site-packages/idna/package_data.py
210	2026-08-01T10:06:08.0000000000	/mnt/ems-logs/backups/frdm_kinetics_running_snapshot_20260804_231509/opt/kinetics-gateway/venv/lib/python3.13/site-packages/pip/_vendor/idna/__pycache__/package_data.cpython-313.pyc
2102	2026-08-01T10:06:24.0000000000	/mnt/ems-logs/backups/frdm_kinetics_running_snapshot_20260804_231509/opt/kinetics-gateway/venv/lib/python3.13/site-packages/pygments/lexers/__pycache__/bdd.cpython-313.pyc
21202	2026-07-25T23:53:09.0000000000	/mnt/ems-logs/backups/frdm_kinetics_running_snapshot_20260804_231509/opt/kinetics-gateway/venv/lib/python3.13/site-packages/uvicorn/protocols/http/h11_impl.py
21211	2026-08-01T10:06:23.0000000000	/mnt/ems-logs/backups/frdm_kinetics_running_snapshot_20260804_231509/opt/kinetics-gateway/venv/lib/python3.13/site-packages/pygments/lexers/__pycache__/_stata_builtins.cpython-313.pyc
2123	2026-08-01T10:06:01.0000000000	/mnt/ems-logs/backups/frdm_kinetics_running_snapshot_20260804_231509/opt/kinetics-gateway/venv/lib/python3.13/site-packages/pip/_internal/utils/__pycache__/urls.cpython-313.pyc
2124	2026-07-25T23:53:13.0000000000	/mnt/ems-logs/backups/frdm_kinetics_running_snapshot_20260804_231509/opt/kinetics-gateway/venv/lib/python3.13/site-packages/pydantic/alias_generators.py
2126	2026-08-01T10:06:21.0000000000	/mnt/ems-logs/backups/frdm_kinetics_running_snapshot_20260804_231509/opt/kinetics-gateway/venv/lib/python3.13/site-packages/pygments/styles/onedark.py
2128	2026-07-25T23:49:15.0000000000	/mnt/ems-logs/backups/frdm_kinetics_running_snapshot_20260804_231509/opt/kinetics-gateway/venv/lib/python3.13/site-packages/pip/_vendor/rich/_export_format.py
2128	2026-08-01T10:06:07.0000000000	/mnt/ems-logs/backups/frdm_kinetics_running_snapshot_20260804_231509/opt/kinetics-gateway/venv/lib/python3.13/site-packages/pip/_vendor/urllib3/util/__pycache__/util.cpython-313.pyc
21285	2026-08-01T09:57:27.0000000000	/mnt/ems-logs/backups/frdm_kinetics_running_snapshot_20260804_231509/opt/kinetics-gateway/venv/lib/python3.13/site-packages/pydantic/_internal/__pycache__/_discriminated_union.cpython-313.pyc
21323	2026-08-01T10:06:09.0000000000	/mnt/ems-logs/backups/frdm_kinetics_running_snapshot_20260804_231509/opt/kinetics-gateway/venv/lib/python3.13/site-packages/pip/_internal/index/__pycache__/collector.cpython-313.pyc
2138	2026-07-25T23:53:08.0000000000	/mnt/ems-logs/backups/frdm_kinetics_running_snapshot_20260804_231509/opt/kinetics-gateway/venv/lib/python3.13/site-packages/pyjwt-2.13.0.dist-info/RECORD
21406	2026-08-01T10:06:31.0000000000	/mnt/ems-logs/backups/frdm_kinetics_running_snapshot_20260804_231509/opt/kinetics-gateway/venv/lib/python3.13/site-packages/_pytest/reports.py
2148	2026-07-25T23:56:52.0000000000	/mnt/ems-logs/backups/frdm_kinetics_running_snapshot_20260804_231509/opt/kinetics-gateway/backend/app/protocols/planner.py
2148	2026-07-25T23:56:52.0000000000	/mnt/ems-logs/backups/frdm_kinetics_running_snapshot_20260804_231509/opt/kinetics-gateway/staging/v3_0_0_20260731T161022Z/backend/app/protocols/planner.py
21481	2026-07-25T23:53:13.0000000000	/mnt/ems-logs/backups/frdm_kinetics_running_snapshot_20260804_231509/opt/kinetics-gateway/venv/lib/python3.13/site-packages/pydantic/color.py
2153	2026-08-01T10:06:27.0000000000	/mnt/ems-logs/backups/frdm_kinetics_running_snapshot_20260804_231509/opt/kinetics-gateway/venv/lib/python3.13/site-packages/pygments/lexers/__pycache__/numbair.cpython-313.pyc
2157	2026-07-25T23:53:08.0000000000	/mnt/ems-logs/backups/frdm_kinetics_running_snapshot_20260804_231509/opt/kinetics-gateway/venv/lib/python3.13/site-packages/httptools/parser/parser.pyi
2157	2026-08-01T10:06:09.0000000000	/mnt/ems-logs/backups/frdm_kinetics_running_snapshot_20260804_231509/opt/kinetics-gateway/venv/lib/python3.13/site-packages/pip/_vendor/msgpack/__pycache__/exceptions.cpython-313.pyc
215849	2026-08-04T23:15:35.7330369280	/mnt/ems-logs/backups/frdm_kinetics_running_snapshot_20260804_231509/logs/kernel.log
21591	2026-07-25T23:53:11.0000000000	/mnt/ems-logs/backups/frdm_kinetics_running_snapshot_20260804_231509/opt/kinetics-gateway/venv/lib/python3.13/site-packages/anyio/_core/_synchronization.py
21594	2026-07-26T00:10:13.0000000000	/mnt/ems-logs/backups/frdm_kinetics_running_snapshot_20260804_231509/opt/kinetics-gateway/venv/lib/python3.13/site-packages/httpx2/_urls.py
216	2026-07-25T23:49:21.0000000000	/mnt/ems-logs/backups/frdm_kinetics_running_snapshot_20260804_231509/opt/kinetics-gateway/venv/bin/pip
216	2026-07-25T23:49:21.0000000000	/mnt/ems-logs/backups/frdm_kinetics_running_snapshot_20260804_231509/opt/kinetics-gateway/venv/bin/pip3
216	2026-07-25T23:49:21.0000000000	/mnt/ems-logs/backups/frdm_kinetics_running_snapshot_20260804_231509/opt/kinetics-gateway/venv/bin/pip3.13
2162	2026-07-25T23:57:02.0000000000	/mnt/ems-logs/backups/frdm_kinetics_running_snapshot_20260804_231509/opt/kinetics-gateway/venv/bin/activate
21685	2026-08-01T10:06:24.0000000000	/mnt/ems-logs/backups/frdm_kinetics_running_snapshot_20260804_231509/opt/kinetics-gateway/venv/lib/python3.13/site-packages/pygments/lexers/__pycache__/data.cpython-313.pyc
21705	2026-08-01T09:57:24.0000000000	/mnt/ems-logs/backups/frdm_kinetics_running_snapshot_20260804_231509/opt/kinetics-gateway/venv/lib/python3.13/site-packages/uvicorn/__pycache__/main.cpython-313.pyc
21731	2026-07-25T23:53:12.0000000000	/mnt/ems-logs/backups/frdm_kinetics_running_snapshot_20260804_231509/opt/kinetics-gateway/venv/lib/python3.13/site-packages/starlette/responses.py
2177	2026-08-01T10:06:21.0000000000	/mnt/ems-logs/backups/frdm_kinetics_running_snapshot_20260804_231509/opt/kinetics-gateway/venv/lib/python3.13/site-packages/pygments/lexers/capnproto.py
21790	2026-07-25T23:53:06.0000000000	/mnt/ems-logs/backups/frdm_kinetics_running_snapshot_20260804_231509/opt/kinetics-gateway/venv/lib/python3.13/site-packages/websockets/server.py
21797	2026-07-27T09:05:59.0000000000	/mnt/ems-logs/backups/frdm_kinetics_running_snapshot_20260804_231509/opt/kinetics-gateway/venv/lib/python3.13/site-packages/serial/serialutil.py
2181	2026-08-01T10:05:59.0000000000	/mnt/ems-logs/backups/frdm_kinetics_running_snapshot_20260804_231509/opt/kinetics-gateway/venv/lib/python3.13/site-packages/pip/_vendor/rich/__pycache__/styled.cpython-313.pyc
2184	2026-07-28T12:13:12.0000000000	/mnt/ems-logs/backups/frdm_kinetics_running_snapshot_20260804_231509/opt/kinetics-gateway/backend/CONTROL_SEQUENCE_API_V2_5.md
2184	2026-07-28T12:13:12.0000000000	/mnt/ems-logs/backups/frdm_kinetics_running_snapshot_20260804_231509/opt/kinetics-gateway/staging/v3_0_0_20260731T161022Z/backend/CONTROL_SEQUENCE_API_V2_5.md
2185	2026-08-01T10:06:21.0000000000	/mnt/ems-logs/backups/frdm_kinetics_running_snapshot_20260804_231509/opt/kinetics-gateway/venv/lib/python3.13/site-packages/pygments/styles/dracula.py
2186	2026-07-25T23:53:07.0000000000	/mnt/ems-logs/backups/frdm_kinetics_running_snapshot_20260804_231509/opt/kinetics-gateway/venv/lib/python3.13/site-packages/uvloop/includes/system.pxd
2186	2026-07-25T23:57:02.0000000000	/mnt/ems-logs/backups/frdm_kinetics_running_snapshot_20260804_231509/opt/kinetics-gateway/venv/bin/activate.fish
21860	2026-08-01T10:06:23.0000000000	/mnt/ems-logs/backups/frdm_kinetics_running_snapshot_20260804_231509/opt/kinetics-gateway/venv/lib/python3.13/site-packages/pygments/lexers/__pycache__/_sourcemod_builtins.cpython-313.pyc
21911	2026-07-25T23:49:15.0000000000	/mnt/ems-logs/backups/frdm_kinetics_running_snapshot_20260804_231509/opt/kinetics-gateway/venv/lib/python3.13/site-packages/pip/_internal/build_env.py
2198	2026-07-25T23:53:10.0000000000	/mnt/ems-logs/backups/frdm_kinetics_running_snapshot_20260804_231509/opt/kinetics-gateway/venv/lib/python3.13/site-packages/openpyxl/styles/alignment.py
2198	2026-08-01T10:06:21.0000000000	/mnt/ems-logs/backups/frdm_kinetics_running_snapshot_20260804_231509/opt/kinetics-gateway/venv/lib/python3.13/site-packages/pygments/styles/autumn.py
21992	2026-07-25T23:49:15.0000000000	/mnt/ems-logs/backups/frdm_kinetics_running_snapshot_20260804_231509/opt/kinetics-gateway/venv/lib/python3.13/site-packages/pip/_internal/models/link.py
21999	2026-08-01T10:06:21.0000000000	/mnt/ems-logs/backups/frdm_kinetics_running_snapshot_20260804_231509/opt/kinetics-gateway/venv/lib/python3.13/site-packages/pygments/lexers/html.py
22	2026-07-25T23:53:07.0000000000	/mnt/ems-logs/backups/frdm_kinetics_running_snapshot_20260804_231509/opt/kinetics-gateway/venv/lib/python3.13/site-packages/dotenv/version.py
22	2026-07-25T23:53:12.0000000000	/mnt/ems-logs/backups/frdm_kinetics_running_snapshot_20260804_231509/opt/kinetics-gateway/venv/lib/python3.13/site-packages/starlette/__init__.py
22014	2026-08-01T10:07:22.0000000000	/mnt/ems-logs/backups/frdm_kinetics_running_snapshot_20260804_231509/opt/kinetics-gateway/venv/lib/python3.13/site-packages/idna/__pycache__/idnadata.cpython-313.pyc
22044	2026-08-01T10:06:09.0000000000	/mnt/ems-logs/backups/frdm_kinetics_running_snapshot_20260804_231509/opt/kinetics-gateway/venv/lib/python3.13/site-packages/pip/_internal/network/__pycache__/auth.cpython-313.pyc
2206	2026-08-01T10:06:21.0000000000	/mnt/ems-logs/backups/frdm_kinetics_running_snapshot_20260804_231509/opt/kinetics-gateway/venv/lib/python3.13/site-packages/pygments/styles/zenburn.py
2207	2026-08-01T10:01:22.0000000000	/mnt/ems-logs/backups/frdm_kinetics_running_snapshot_20260804_231509/opt/kinetics-gateway/venv/lib/python3.13/site-packages/pydantic/v1/__pycache__/__init__.cpython-313.pyc
22075	2026-07-25T23:53:07.0000000000	/mnt/ems-logs/backups/frdm_kinetics_running_snapshot_20260804_231509/opt/kinetics-gateway/venv/lib/python3.13/site-packages/jwt/api_jwt.py
2209	2026-07-25T23:53:10.0000000000	/mnt/ems-logs/backups/frdm_kinetics_running_snapshot_20260804_231509/opt/kinetics-gateway/venv/lib/python3.13/site-packages/openpyxl/reader/drawings.py
2209	2026-08-01T10:06:21.0000000000	/mnt/ems-logs/backups/frdm_kinetics_running_snapshot_20260804_231509/opt/kinetics-gateway/venv/lib/python3.13/site-packages/pygments/formatters/pangomarkup.py
221	2026-08-01T10:06:08.0000000000	/mnt/ems-logs/backups/frdm_kinetics_running_snapshot_20260804_231509/opt/kinetics-gateway/venv/lib/python3.13/site-packages/pip/_internal/index/__pycache__/__init__.cpython-313.pyc
22108	2026-07-25T23:53:06.0000000000	/mnt/ems-logs/backups/frdm_kinetics_running_snapshot_20260804_231509/opt/kinetics-gateway/venv/lib/python3.13/site-packages/websockets/sync/client.py
22117	2026-08-01T09:57:29.0000000000	/mnt/ems-logs/backups/frdm_kinetics_running_snapshot_20260804_231509/opt/kinetics-gateway/venv/lib/python3.13/site-packages/jwt/__pycache__/api_jwt.cpython-313.pyc
22124	2026-07-25T23:53:13.0000000000	/mnt/ems-logs/backups/frdm_kinetics_running_snapshot_20260804_231509/opt/kinetics-gateway/venv/lib/python3.13/site-packages/pydantic/v1/networks.py
2213	2026-07-25T23:53:13.0000000000	/mnt/ems-logs/backups/frdm_kinetics_running_snapshot_20260804_231509/opt/kinetics-gateway/venv/lib/python3.13/site-packages/pydantic/plugin/_loader.py
22169	2026-08-01T10:06:24.0000000000	/mnt/ems-logs/backups/frdm_kinetics_running_snapshot_20260804_231509/opt/kinetics-gateway/venv/lib/python3.13/site-packages/pygments/lexers/__pycache__/business.cpython-313.pyc
2217	2026-08-01T10:02:36.0000000000	/mnt/ems-logs/backups/frdm_kinetics_running_snapshot_20260804_231509/opt/kinetics-gateway/backend/tools/__pycache__/mock_smoke_test.cpython-313.pyc
22187	2026-07-25T23:53:13.0000000000	/mnt/ems-logs/backups/frdm_kinetics_running_snapshot_20260804_231509/opt/kinetics-gateway/venv/lib/python3.13/site-packages/pydantic/v1/validators.py
2219	2026-07-25T23:53:12.0000000000	/mnt/ems-logs/backups/frdm_kinetics_running_snapshot_20260804_231509/opt/kinetics-gateway/venv/lib/python3.13/site-packages/starlette/middleware/trustedhost.py
222	2026-07-25T23:53:15.0000000000	/mnt/ems-logs/backups/frdm_kinetics_running_snapshot_20260804_231509/opt/kinetics-gateway/venv/lib/python3.13/site-packages/fastapi/websockets.py
2226	2026-07-25T23:56:52.0000000000	/mnt/ems-logs/backups/frdm_kinetics_running_snapshot_20260804_231509/opt/kinetics-gateway/backend/tools/modbus_probe.py
2226	2026-07-25T23:56:52.0000000000	/mnt/ems-logs/backups/frdm_kinetics_running_snapshot_20260804_231509/opt/kinetics-gateway/staging/v3_0_0_20260731T161022Z/backend/tools/modbus_probe.py
2229	2026-08-01T10:05:56.0000000000	/mnt/ems-logs/backups/frdm_kinetics_running_snapshot_20260804_231509/opt/kinetics-gateway/venv/lib/python3.13/site-packages/pip/_internal/cli/__pycache__/main.cpython-313.pyc
2230	2026-07-25T23:56:52.0000000000	/mnt/ems-logs/backups/frdm_kinetics_running_snapshot_20260804_231509/opt/kinetics-gateway/backend/configs/kinetics_hardware_separate_interfaces.json
2230	2026-07-25T23:56:52.0000000000	/mnt/ems-logs/backups/frdm_kinetics_running_snapshot_20260804_231509/opt/kinetics-gateway/staging/v3_0_0_20260731T161022Z/backend/configs/kinetics_hardware_separate_interfaces.json
2233	2026-08-01T10:06:21.0000000000	/mnt/ems-logs/backups/frdm_kinetics_running_snapshot_20260804_231509/opt/kinetics-gateway/venv/lib/python3.13/site-packages/pygments/styles/perldoc.py
22344	2026-07-25T23:49:15.0000000000	/mnt/ems-logs/backups/frdm_kinetics_running_snapshot_20260804_231509/opt/kinetics-gateway/venv/lib/python3.13/site-packages/pip/_vendor/platformdirs/__init__.py
22355	2026-07-25T23:53:09.0000000000	/mnt/ems-logs/backups/frdm_kinetics_running_snapshot_20260804_231509/opt/kinetics-gateway/venv/lib/python3.13/site-packages/uvicorn/protocols/http/httptools_impl.py
22375	2026-08-01T10:06:31.0000000000	/mnt/ems-logs/backups/frdm_kinetics_running_snapshot_20260804_231509/opt/kinetics-gateway/venv/lib/python3.13/site-packages/_pytest/cacheprovider.py
2239	2026-08-01T10:06:25.0000000000	/mnt/ems-logs/backups/frdm_kinetics_running_snapshot_20260804_231509/opt/kinetics-gateway/venv/lib/python3.13/site-packages/pygments/lexers/__pycache__/iolang.cpython-313.pyc
224192	2026-07-25T23:53:06.0000000000	/mnt/ems-logs/backups/frdm_kinetics_running_snapshot_20260804_231509/opt/kinetics-gateway/venv/lib/python3.13/site-packages/websockets/speedups.cpython-313-aarch64-linux-gnu.so
22421	2026-07-25T23:53:10.0000000000	/mnt/ems-logs/backups/frdm_kinetics_running_snapshot_20260804_231509/opt/kinetics-gateway/venv/lib/python3.13/site-packages/openpyxl/drawing/text.py
2243	2026-08-01T10:06:30.0000000000	/mnt/ems-logs/backups/frdm_kinetics_running_snapshot_20260804_231509/opt/kinetics-gateway/venv/lib/python3.13/site-packages/pygments/styles/__pycache__/borland.cpython-313.pyc
2244	2026-07-25T23:49:15.0000000000	/mnt/ems-logs/backups/frdm_kinetics_running_snapshot_20260804_231509/opt/kinetics-gateway/venv/lib/python3.13/site-packages/pip/_internal/commands/check.py
2245	2026-08-01T10:06:25.0000000000	/mnt/ems-logs/backups/frdm_kinetics_running_snapshot_20260804_231509/opt/kinetics-gateway/venv/lib/python3.13/site-packages/pygments/lexers/__pycache__/graphviz.cpython-313.pyc
2253	2026-08-01T10:06:31.0000000000	/mnt/ems-logs/backups/frdm_kinetics_running_snapshot_20260804_231509/opt/kinetics-gateway/venv/lib/python3.13/site-packages/_pytest/pytester_assertions.py
22534	2026-07-25T23:53:09.0000000000	/mnt/ems-logs/backups/frdm_kinetics_running_snapshot_20260804_231509/opt/kinetics-gateway/venv/lib/python3.13/site-packages/typing_inspection/introspection.py
22553	2026-08-01T10:01:23.0000000000	/mnt/ems-logs/backups/frdm_kinetics_running_snapshot_20260804_231509/opt/kinetics-gateway/venv/lib/python3.13/site-packages/websockets/__pycache__/server.cpython-313.pyc
22568	2026-08-01T10:06:28.0000000000	/mnt/ems-logs/backups/frdm_kinetics_running_snapshot_20260804_231509/opt/kinetics-gateway/venv/lib/python3.13/site-packages/pygments/lexers/__pycache__/ruby.cpython-313.pyc
2257	2026-07-25T23:53:12.0000000000	/mnt/ems-logs/backups/frdm_kinetics_running_snapshot_20260804_231509/opt/kinetics-gateway/venv/lib/python3.13/site-packages/starlette/_exception_handler.py
2259	2026-07-25T23:53:07.0000000000	/mnt/ems-logs/backups/frdm_kinetics_running_snapshot_20260804_231509/opt/kinetics-gateway/venv/lib/python3.13/site-packages/uvloop/request.pyx
22599	2026-07-25T23:49:15.0000000000	/mnt/ems-logs/backups/frdm_kinetics_running_snapshot_20260804_231509/opt/kinetics-gateway/venv/lib/python3.13/site-packages/pip/_internal/vcs/versioncontrol.py
22618	2026-07-25T23:53:08.0000000000	/mnt/ems-logs/backups/frdm_kinetics_running_snapshot_20260804_231509/opt/kinetics-gateway/venv/lib/python3.13/site-packages/click/shell_completion.py
22634	2026-08-01T10:06:34.0000000000	/mnt/ems-logs/backups/frdm_kinetics_running_snapshot_20260804_231509/opt/kinetics-gateway/venv/lib/python3.13/site-packages/_pytest/__pycache__/unittest.cpython-313.pyc
2265	2026-08-01T10:06:21.0000000000	/mnt/ems-logs/backups/frdm_kinetics_running_snapshot_20260804_231509/opt/kinetics-gateway/venv/lib/python3.13/site-packages/pygments/styles/algol.py
2265	2026-08-01T10:06:24.0000000000	/mnt/ems-logs/backups/frdm_kinetics_running_snapshot_20260804_231509/opt/kinetics-gateway/venv/lib/python3.13/site-packages/pygments/lexers/__pycache__/amdgpu.cpython-313.pyc
2267	2026-07-25T23:53:10.0000000000	/mnt/ems-logs/backups/frdm_kinetics_running_snapshot_20260804_231509/opt/kinetics-gateway/venv/lib/python3.13/site-packages/openpyxl/styles/differential.py
22677	2026-08-01T10:06:24.0000000000	/mnt/ems-logs/backups/frdm_kinetics_running_snapshot_20260804_231509/opt/kinetics-gateway/venv/lib/python3.13/site-packages/pygments/lexers/__pycache__/css.cpython-313.pyc
22712	2026-08-01T10:06:25.0000000000	/mnt/ems-logs/backups/frdm_kinetics_running_snapshot_20260804_231509/opt/kinetics-gateway/venv/lib/python3.13/site-packages/pygments/lexers/__pycache__/haxe.cpython-313.pyc
22741	2026-08-01T10:06:21.0000000000	/mnt/ems-logs/backups/frdm_kinetics_running_snapshot_20260804_231509/opt/kinetics-gateway/venv/lib/python3.13/site-packages/pygments/lexers/hdl.py
22748	2026-08-01T10:02:36.0000000000	/mnt/ems-logs/backups/frdm_kinetics_running_snapshot_20260804_231509/opt/kinetics-gateway/backend/tools/__pycache__/extract_protocol_catalogs.cpython-313.pyc
22755	2026-07-25T23:49:15.0000000000	/mnt/ems-logs/backups/frdm_kinetics_running_snapshot_20260804_231509/opt/kinetics-gateway/venv/lib/python3.13/site-packages/pip/_vendor/rich/_win32_console.py
22756	2026-08-01T10:06:21.0000000000	/mnt/ems-logs/backups/frdm_kinetics_running_snapshot_20260804_231509/opt/kinetics-gateway/venv/lib/python3.13/site-packages/pygments/lexers/ruby.py
2279	2026-07-25T23:53:07.0000000000	/mnt/ems-logs/backups/frdm_kinetics_running_snapshot_20260804_231509/opt/kinetics-gateway/venv/lib/python3.13/site-packages/uvloop/lru.pyx
228	2026-07-25T23:53:08.0000000000	/mnt/ems-logs/backups/frdm_kinetics_running_snapshot_20260804_231509/opt/kinetics-gateway/venv/lib/python3.13/site-packages/et_xmlfile/__init__.py
2284	2026-08-01T10:06:09.0000000000	/mnt/ems-logs/backups/frdm_kinetics_running_snapshot_20260804_231509/opt/kinetics-gateway/venv/lib/python3.13/site-packages/pip/_internal/network/__pycache__/utils.cpython-313.pyc
2286	2026-08-01T10:06:21.0000000000	/mnt/ems-logs/backups/frdm_kinetics_running_snapshot_20260804_231509/opt/kinetics-gateway/venv/lib/python3.13/site-packages/pygments/styles/algol_nu.py
22918	2026-07-25T23:49:15.0000000000	/mnt/ems-logs/backups/frdm_kinetics_running_snapshot_20260804_231509/opt/kinetics-gateway/venv/lib/python3.13/site-packages/pip/_internal/req/constructors.py
22924	2026-08-01T01:33:59.0000000000	/mnt/ems-logs/backups/frdm_kinetics_running_snapshot_20260804_231509/opt/kinetics-gateway/backend/tests/test_bms_pcs_control.py
22925	2026-08-01T09:57:24.0000000000	/mnt/ems-logs/backups/frdm_kinetics_running_snapshot_20260804_231509/opt/kinetics-gateway/venv/lib/python3.13/site-packages/click/__pycache__/decorators.cpython-313.pyc
22972	2026-08-01T10:06:31.0000000000	/mnt/ems-logs/backups/frdm_kinetics_running_snapshot_20260804_231509/opt/kinetics-gateway/venv/lib/python3.13/site-packages/_pytest/mark/structures.py
23019	2026-08-01T10:01:22.0000000000	/mnt/ems-logs/backups/frdm_kinetics_running_snapshot_20260804_231509/opt/kinetics-gateway/venv/lib/python3.13/site-packages/pydantic/v1/__pycache__/dataclasses.cpython-313.pyc
2304	2026-07-25T23:53:12.0000000000	/mnt/ems-logs/backups/frdm_kinetics_running_snapshot_20260804_231509/opt/kinetics-gateway/venv/lib/python3.13/site-packages/starlette/convertors.py
2305	2026-08-01T10:05:58.0000000000	/mnt/ems-logs/backups/frdm_kinetics_running_snapshot_20260804_231509/opt/kinetics-gateway/venv/lib/python3.13/site-packages/pip/_vendor/rich/__pycache__/constrain.cpython-313.pyc
2308	2026-08-01T10:06:28.0000000000	/mnt/ems-logs/backups/frdm_kinetics_running_snapshot_20260804_231509/opt/kinetics-gateway/venv/lib/python3.13/site-packages/pygments/lexers/__pycache__/soong.cpython-313.pyc
2311	2026-08-01T10:06:21.0000000000	/mnt/ems-logs/backups/frdm_kinetics_running_snapshot_20260804_231509/opt/kinetics-gateway/venv/lib/python3.13/site-packages/pygments/styles/coffee.py
2314	2026-07-25T23:53:07.0000000000	/mnt/ems-logs/backups/frdm_kinetics_running_snapshot_20260804_231509/opt/kinetics-gateway/venv/lib/python3.13/site-packages/uvloop/handles/process.pxd
23144	2026-08-01T10:06:07.0000000000	/mnt/ems-logs/backups/frdm_kinetics_running_snapshot_20260804_231509/opt/kinetics-gateway/venv/lib/python3.13/site-packages/pip/_vendor/urllib3/__pycache__/_collections.cpython-313.pyc
23148	2026-08-01T10:06:23.0000000000	/mnt/ems-logs/backups/frdm_kinetics_running_snapshot_20260804_231509/opt/kinetics-gateway/venv/lib/python3.13/site-packages/pygments/lexers/__pycache__/_scheme_builtins.cpython-313.pyc
2317	2026-08-01T10:06:27.0000000000	/mnt/ems-logs/backups/frdm_kinetics_running_snapshot_20260804_231509/opt/kinetics-gateway/venv/lib/python3.13/site-packages/pygments/lexers/__pycache__/pointless.cpython-313.pyc
2319	2026-07-25T23:53:10.0000000000	/mnt/ems-logs/backups/frdm_kinetics_running_snapshot_20260804_231509/opt/kinetics-gateway/venv/lib/python3.13/site-packages/openpyxl/worksheet/copier.py
232	2026-08-01T10:07:22.0000000000	/mnt/ems-logs/backups/frdm_kinetics_running_snapshot_20260804_231509/opt/kinetics-gateway/venv/lib/python3.13/site-packages/fastapi/__pycache__/testclient.cpython-313.pyc
23213	2026-07-25T23:53:12.0000000000	/mnt/ems-logs/backups/frdm_kinetics_running_snapshot_20260804_231509/opt/kinetics-gateway/venv/lib/python3.13/site-packages/starlette/datastructures.py
23238	2026-08-01T09:57:27.0000000000	/mnt/ems-logs/backups/frdm_kinetics_running_snapshot_20260804_231509/opt/kinetics-gateway/venv/lib/python3.13/site-packages/pydantic/_internal/__pycache__/_validators.cpython-313.pyc
23252	2026-08-01T10:06:21.0000000000	/mnt/ems-logs/backups/frdm_kinetics_running_snapshot_20260804_231509/opt/kinetics-gateway/venv/lib/python3.13/site-packages/pygments/lexers/phix.py
23300	2026-08-01T10:06:21.0000000000	/mnt/ems-logs/backups/frdm_kinetics_running_snapshot_20260804_231509/opt/kinetics-gateway/venv/lib/python3.13/site-packages/pygments/lexers/objective.py
23304	2026-08-01T10:06:21.0000000000	/mnt/ems-logs/backups/frdm_kinetics_running_snapshot_20260804_231509/opt/kinetics-gateway/venv/lib/python3.13/site-packages/pygments/formatters/img.py
23313	2026-08-01T09:57:27.0000000000	/mnt/ems-logs/backups/frdm_kinetics_running_snapshot_20260804_231509/opt/kinetics-gateway/venv/lib/python3.13/site-packages/fastapi/openapi/__pycache__/models.cpython-313.pyc
2333	2026-07-25T23:53:08.0000000000	/mnt/ems-logs/backups/frdm_kinetics_running_snapshot_20260804_231509/opt/kinetics-gateway/venv/lib/python3.13/site-packages/httptools-0.8.0.dist-info/RECORD
2333	2026-08-01T10:06:11.0000000000	/mnt/ems-logs/backups/frdm_kinetics_running_snapshot_20260804_231509/opt/kinetics-gateway/venv/lib/python3.13/site-packages/pip/_vendor/truststore/__pycache__/_openssl.cpython-313.pyc
23339	2026-08-01T10:01:22.0000000000	/mnt/ems-logs/backups/frdm_kinetics_running_snapshot_20260804_231509/opt/kinetics-gateway/venv/lib/python3.13/site-packages/pydantic/v1/__pycache__/typing.cpython-313.pyc
23358	2026-07-26T00:10:12.0000000000	/mnt/ems-logs/backups/frdm_kinetics_running_snapshot_20260804_231509/opt/kinetics-gateway/venv/lib/python3.13/site-packages/httpcore2/_sync/http2.py
2337	2026-08-01T09:57:29.0000000000	/mnt/ems-logs/backups/frdm_kinetics_running_snapshot_20260804_231509/opt/kinetics-gateway/venv/lib/python3.13/site-packages/jwt/__pycache__/types.cpython-313.pyc
2339	2026-07-25T23:53:10.0000000000	/mnt/ems-logs/backups/frdm_kinetics_running_snapshot_20260804_231509/opt/kinetics-gateway/venv/lib/python3.13/site-packages/openpyxl/drawing/drawing.py
23393	2026-07-25T23:53:13.0000000000	/mnt/ems-logs/backups/frdm_kinetics_running_snapshot_20260804_231509/opt/kinetics-gateway/venv/lib/python3.13/site-packages/pydantic/_internal/_generics.py
2340	2026-07-25T23:53:11.0000000000	/mnt/ems-logs/backups/frdm_kinetics_running_snapshot_20260804_231509/opt/kinetics-gateway/venv/lib/python3.13/site-packages/anyio/_core/_testing.py
2342	2026-08-01T10:06:21.0000000000	/mnt/ems-logs/backups/frdm_kinetics_running_snapshot_20260804_231509/opt/kinetics-gateway/venv/lib/python3.13/site-packages/pygments/lexers/soong.py
2343	2026-08-01T10:05:58.0000000000	/mnt/ems-logs/backups/frdm_kinetics_running_snapshot_20260804_231509/opt/kinetics-gateway/venv/lib/python3.13/site-packages/pip/_vendor/rich/__pycache__/_export_format.cpython-313.pyc
234325	2026-07-25T23:53:08.0000000000	/mnt/ems-logs/backups/frdm_kinetics_running_snapshot_20260804_231509/opt/kinetics-gateway/venv/lib/python3.13/site-packages/idna/uts46data.py
2348	2026-07-25T23:53:07.0000000000	/mnt/ems-logs/backups/frdm_kinetics_running_snapshot_20260804_231509/opt/kinetics-gateway/venv/lib/python3.13/site-packages/dotenv/variables.py
2351	2026-07-25T23:53:07.0000000000	/mnt/ems-logs/backups/frdm_kinetics_running_snapshot_20260804_231509/opt/kinetics-gateway/venv/lib/python3.13/site-packages/pyyaml-6.0.3.dist-info/METADATA
23520	2026-07-25T23:49:15.0000000000	/mnt/ems-logs/backups/frdm_kinetics_running_snapshot_20260804_231509/opt/kinetics-gateway/venv/lib/python3.13/site-packages/pip/_vendor/urllib3/contrib/emscripten/fetch.py
23542	2026-08-01T10:06:21.0000000000	/mnt/ems-logs/backups/frdm_kinetics_running_snapshot_20260804_231509/opt/kinetics-gateway/venv/lib/python3.13/site-packages/pygments/cmdline.py
236	2026-07-25T23:53:09.0000000000	/mnt/ems-logs/backups/frdm_kinetics_running_snapshot_20260804_231509/opt/kinetics-gateway/venv/lib/python3.13/site-packages/uvicorn/loops/uvloop.py
2363	2026-08-01T10:07:22.0000000000	/mnt/ems-logs/backups/frdm_kinetics_running_snapshot_20260804_231509/opt/kinetics-gateway/venv/lib/python3.13/site-packages/httpx2/__pycache__/__init__.cpython-313.pyc
2364	2026-08-01T09:57:25.0000000000	/mnt/ems-logs/backups/frdm_kinetics_running_snapshot_20260804_231509/opt/kinetics-gateway/venv/lib/python3.13/site-packages/anyio/_core/__pycache__/_streams.cpython-313.pyc
2367	2026-07-25T23:49:15.0000000000	/mnt/ems-logs/backups/frdm_kinetics_running_snapshot_20260804_231509/opt/kinetics-gateway/venv/lib/python3.13/site-packages/pip/_vendor/rich/emoji.py
2370	2026-08-01T09:57:24.0000000000	/mnt/ems-logs/backups/frdm_kinetics_running_snapshot_20260804_231509/opt/kinetics-gateway/venv/lib/python3.13/site-packages/anyio/abc/__pycache__/__init__.cpython-313.pyc
2370	2026-08-01T10:06:09.0000000000	/mnt/ems-logs/backups/frdm_kinetics_running_snapshot_20260804_231509/opt/kinetics-gateway/venv/lib/python3.13/site-packages/pip/_internal/utils/__pycache__/glibc.cpython-313.pyc
23704	2026-07-25T23:49:15.0000000000	/mnt/ems-logs/backups/frdm_kinetics_running_snapshot_20260804_231509/opt/kinetics-gateway/venv/lib/python3.13/site-packages/pip/_internal/utils/misc.py
2372	2026-08-01T10:06:11.0000000000	/mnt/ems-logs/backups/frdm_kinetics_running_snapshot_20260804_231509/opt/kinetics-gateway/venv/lib/python3.13/site-packages/pip/_internal/distributions/__pycache__/wheel.cpython-313.pyc
23740	2026-08-01T10:06:26.0000000000	/mnt/ems-logs/backups/frdm_kinetics_running_snapshot_20260804_231509/opt/kinetics-gateway/venv/lib/python3.13/site-packages/pygments/lexers/__pycache__/macaulay2.cpython-313.pyc
2375	2026-07-25T23:53:07.0000000000	/mnt/ems-logs/backups/frdm_kinetics_running_snapshot_20260804_231509/opt/kinetics-gateway/venv/lib/python3.13/site-packages/jwt/exceptions.py
2375	2026-08-01T09:57:28.0000000000	/mnt/ems-logs/backups/frdm_kinetics_running_snapshot_20260804_231509/opt/kinetics-gateway/venv/lib/python3.13/site-packages/fastapi/__pycache__/background.cpython-313.pyc
23845	2026-07-25T23:49:15.0000000000	/mnt/ems-logs/backups/frdm_kinetics_running_snapshot_20260804_231509/opt/kinetics-gateway/venv/lib/python3.13/site-packages/pip/_vendor/urllib3/poolmanager.py
2386	2026-08-01T10:06:28.0000000000	/mnt/ems-logs/backups/frdm_kinetics_running_snapshot_20260804_231509/opt/kinetics-gateway/venv/lib/python3.13/site-packages/pygments/lexers/__pycache__/roboconf.cpython-313.pyc
2388	2026-07-25T23:49:15.0000000000	/mnt/ems-logs/backups/frdm_kinetics_running_snapshot_20260804_231509/opt/kinetics-gateway/venv/lib/python3.13/site-packages/pip/_vendor/urllib3/filepost.py
23915	2026-08-01T09:57:26.0000000000	/mnt/ems-logs/backups/frdm_kinetics_running_snapshot_20260804_231509/opt/kinetics-gateway/venv/lib/python3.13/site-packages/pydantic/_internal/__pycache__/_generics.cpython-313.pyc
2393	2026-08-01T10:06:21.0000000000	/mnt/ems-logs/backups/frdm_kinetics_running_snapshot_20260804_231509/opt/kinetics-gateway/venv/lib/python3.13/site-packages/pygments/styles/rainbow_dash.py
23935	2026-07-26T00:10:12.0000000000	/mnt/ems-logs/backups/frdm_kinetics_running_snapshot_20260804_231509/opt/kinetics-gateway/venv/lib/python3.13/site-packages/httpcore2/_async/http2.py
2395	2026-08-01T10:06:11.0000000000	/mnt/ems-logs/backups/frdm_kinetics_running_snapshot_20260804_231509/opt/kinetics-gateway/venv/lib/python3.13/site-packages/pip/_internal/models/__pycache__/installation_report.cpython-313.pyc
2395	2026-08-01T10:06:21.0000000000	/mnt/ems-logs/backups/frdm_kinetics_running_snapshot_20260804_231509/opt/kinetics-gateway/venv/lib/python3.13/site-packages/pygments/lexers/gleam.py
23956	2026-07-25T23:53:13.0000000000	/mnt/ems-logs/backups/frdm_kinetics_running_snapshot_20260804_231509/opt/kinetics-gateway/venv/lib/python3.13/site-packages/pydantic/experimental/pipeline.py
23957	2026-08-01T10:06:08.0000000000	/mnt/ems-logs/backups/frdm_kinetics_running_snapshot_20260804_231509/opt/kinetics-gateway/venv/lib/python3.13/site-packages/pip/_vendor/urllib3/__pycache__/poolmanager.cpython-313.pyc
2396	2026-07-26T21:34:29.0000000000	/mnt/ems-logs/backups/frdm_kinetics_running_snapshot_20260804_231509/opt/kinetics-gateway/backend/PCS_RTU_INTEGRATION.md
2396	2026-07-26T21:34:29.0000000000	/mnt/ems-logs/backups/frdm_kinetics_running_snapshot_20260804_231509/opt/kinetics-gateway/staging/v3_0_0_20260731T161022Z/backend/PCS_RTU_INTEGRATION.md
23979	2026-07-28T21:50:58.0000000000	/mnt/ems-logs/backups/frdm_kinetics_running_snapshot_20260804_231509/opt/kinetics-gateway/backend/app/storage/sqlite_store.py
23979	2026-07-28T21:50:58.0000000000	/mnt/ems-logs/backups/frdm_kinetics_running_snapshot_20260804_231509/opt/kinetics-gateway/staging/v3_0_0_20260731T161022Z/backend/app/storage/sqlite_store.py
2401	2026-07-25T23:53:10.0000000000	/mnt/ems-logs/backups/frdm_kinetics_running_snapshot_20260804_231509/opt/kinetics-gateway/venv/lib/python3.13/site-packages/openpyxl/worksheet/scenario.py
2405	2026-07-26T00:10:13.0000000000	/mnt/ems-logs/backups/frdm_kinetics_running_snapshot_20260804_231509/opt/kinetics-gateway/venv/lib/python3.13/site-packages/httpx2/__init__.py
24061	2026-07-25T23:49:15.0000000000	/mnt/ems-logs/backups/frdm_kinetics_running_snapshot_20260804_231509/opt/kinetics-gateway/venv/lib/python3.13/site-packages/pip/_internal/resolution/legacy/resolver.py
2407	2026-08-01T10:06:21.0000000000	/mnt/ems-logs/backups/frdm_kinetics_running_snapshot_20260804_231509/opt/kinetics-gateway/venv/lib/python3.13/site-packages/pygments/styles/inkpot.py
24087	2026-08-01T09:57:25.0000000000	/mnt/ems-logs/backups/frdm_kinetics_running_snapshot_20260804_231509/opt/kinetics-gateway/venv/lib/python3.13/site-packages/fastapi/__pycache__/params.cpython-313.pyc
24099	2026-07-25T23:49:15.0000000000	/mnt/ems-logs/backups/frdm_kinetics_running_snapshot_20260804_231509/opt/kinetics-gateway/venv/lib/python3.13/site-packages/pip/_internal/req/req_uninstall.py
241	2026-08-01T09:57:29.0000000000	/mnt/ems-logs/backups/frdm_kinetics_running_snapshot_20260804_231509/opt/kinetics-gateway/venv/lib/python3.13/site-packages/fastapi/middleware/__pycache__/__init__.cpython-313.pyc
2412	2026-07-25T23:49:15.0000000000	/mnt/ems-logs/backups/frdm_kinetics_running_snapshot_20260804_231509/opt/kinetics-gateway/venv/lib/python3.13/site-packages/pip/_vendor/truststore/_openssl.py
2412	2026-07-25T23:53:10.0000000000	/mnt/ems-logs/backups/frdm_kinetics_running_snapshot_20260804_231509/opt/kinetics-gateway/venv/lib/python3.13/site-packages/openpyxl/descriptors/excel.py
2412	2026-07-26T00:10:12.0000000000	/mnt/ems-logs/backups/frdm_kinetics_running_snapshot_20260804_231509/opt/kinetics-gateway/venv/lib/python3.13/site-packages/truststore/_openssl.py
24128	2026-08-01T10:06:32.0000000000	/mnt/ems-logs/backups/frdm_kinetics_running_snapshot_20260804_231509/opt/kinetics-gateway/venv/lib/python3.13/site-packages/_pytest/__pycache__/legacypath.cpython-313.pyc
24139	2026-08-01T10:06:34.0000000000	/mnt/ems-logs/backups/frdm_kinetics_running_snapshot_20260804_231509/opt/kinetics-gateway/venv/lib/python3.13/site-packages/_pytest/__pycache__/runner.cpython-313.pyc
2416	2026-07-25T23:53:07.0000000000	/mnt/ems-logs/backups/frdm_kinetics_running_snapshot_20260804_231509/opt/kinetics-gateway/venv/lib/python3.13/site-packages/uvloop/handles/timer.pyx
24178	2026-07-25T23:53:15.0000000000	/mnt/ems-logs/backups/frdm_kinetics_running_snapshot_20260804_231509/opt/kinetics-gateway/venv/lib/python3.13/site-packages/fastapi/security/oauth2.py
24199	2026-08-01T09:57:29.0000000000	/mnt/ems-logs/backups/frdm_kinetics_running_snapshot_20260804_231509/opt/kinetics-gateway/venv/lib/python3.13/site-packages/fastapi/openapi/__pycache__/utils.cpython-313.pyc
242	2026-08-01T09:57:25.0000000000	/mnt/ems-logs/backups/frdm_kinetics_running_snapshot_20260804_231509/opt/kinetics-gateway/venv/lib/python3.13/site-packages/annotated_doc/__pycache__/__init__.cpython-313.pyc
24212	2026-07-25T23:49:15.0000000000	/mnt/ems-logs/backups/frdm_kinetics_running_snapshot_20260804_231509/opt/kinetics-gateway/venv/lib/python3.13/site-packages/pip/_vendor/resolvelib/resolvers/resolution.py
2422	2026-08-01T10:01:24.0000000000	/mnt/ems-logs/backups/frdm_kinetics_running_snapshot_20260804_231509/opt/kinetics-gateway/venv/lib/python3.13/site-packages/websockets/__pycache__/utils.cpython-313.pyc
24236	2026-08-01T10:06:21.0000000000	/mnt/ems-logs/backups/frdm_kinetics_running_snapshot_20260804_231509/opt/kinetics-gateway/venv/lib/python3.13/site-packages/pygments/lexers/mojo.py
2428	2026-08-01T10:06:27.0000000000	/mnt/ems-logs/backups/frdm_kinetics_running_snapshot_20260804_231509/opt/kinetics-gateway/venv/lib/python3.13/site-packages/pygments/lexers/__pycache__/other.cpython-313.pyc
2428	2026-08-01T10:06:30.0000000000	/mnt/ems-logs/backups/frdm_kinetics_running_snapshot_20260804_231509/opt/kinetics-gateway/venv/lib/python3.13/site-packages/pygments/lexers/__pycache__/x10.cpython-313.pyc
2429	2026-08-01T10:06:24.0000000000	/mnt/ems-logs/backups/frdm_kinetics_running_snapshot_20260804_231509/opt/kinetics-gateway/venv/lib/python3.13/site-packages/pygments/lexers/__pycache__/capnproto.cpython-313.pyc
2429	2026-08-01T10:06:25.0000000000	/mnt/ems-logs/backups/frdm_kinetics_running_snapshot_20260804_231509/opt/kinetics-gateway/venv/lib/python3.13/site-packages/pygments/lexers/__pycache__/jmespath.cpython-313.pyc
243	2026-08-01T10:06:09.0000000000	/mnt/ems-logs/backups/frdm_kinetics_running_snapshot_20260804_231509/opt/kinetics-gateway/venv/lib/python3.13/site-packages/pip/_internal/network/__pycache__/__init__.cpython-313.pyc
2430	2026-08-01T10:06:21.0000000000	/mnt/ems-logs/backups/frdm_kinetics_running_snapshot_20260804_231509/opt/kinetics-gateway/venv/lib/python3.13/site-packages/pygments/lexers/yara.py
2431	2026-07-26T00:10:13.0000000000	/mnt/ems-logs/backups/frdm_kinetics_running_snapshot_20260804_231509/opt/kinetics-gateway/venv/lib/python3.13/site-packages/httpx2/_alias.py
2435	2026-07-25T23:53:10.0000000000	/mnt/ems-logs/backups/frdm_kinetics_running_snapshot_20260804_231509/opt/kinetics-gateway/venv/lib/python3.13/site-packages/openpyxl/worksheet/errors.py
2437	2026-07-25T23:56:52.0000000000	/mnt/ems-logs/backups/frdm_kinetics_running_snapshot_20260804_231509/opt/kinetics-gateway/backend/tests/test_api.py
2437	2026-07-25T23:56:52.0000000000	/mnt/ems-logs/backups/frdm_kinetics_running_snapshot_20260804_231509/opt/kinetics-gateway/staging/v3_0_0_20260731T161022Z/backend/tests/test_api.py
243725	2026-07-25T23:49:15.0000000000	/mnt/ems-logs/backups/frdm_kinetics_running_snapshot_20260804_231509/opt/kinetics-gateway/venv/lib/python3.13/site-packages/pip/_vendor/idna/uts46data.py
24446	2026-08-01T10:06:32.0000000000	/mnt/ems-logs/backups/frdm_kinetics_running_snapshot_20260804_231509/opt/kinetics-gateway/venv/lib/python3.13/site-packages/_pytest/config/__pycache__/argparsing.cpython-313.pyc
2445	2026-07-25T23:53:07.0000000000	/mnt/ems-logs/backups/frdm_kinetics_running_snapshot_20260804_231509/opt/kinetics-gateway/venv/lib/python3.13/site-packages/yaml/events.py
24459	2026-08-01T10:07:17.0000000000	/mnt/ems-logs/backups/frdm_kinetics_running_snapshot_20260804_231509/opt/kinetics-gateway/backend/app/core/__pycache__/config.cpython-313.pyc
2446	2026-08-01T10:06:21.0000000000	/mnt/ems-logs/backups/frdm_kinetics_running_snapshot_20260804_231509/opt/kinetics-gateway/venv/lib/python3.13/site-packages/pygments/styles/manni.py
24495	2026-07-25T23:53:09.0000000000	/mnt/ems-logs/backups/frdm_kinetics_running_snapshot_20260804_231509/opt/kinetics-gateway/venv/lib/python3.13/site-packages/uvicorn/config.py
2457	2026-08-01T10:06:00.0000000000	/mnt/ems-logs/backups/frdm_kinetics_running_snapshot_20260804_231509/opt/kinetics-gateway/venv/lib/python3.13/site-packages/pip/_internal/utils/__pycache__/appdirs.cpython-313.pyc
2459	2026-07-25T23:49:15.0000000000	/mnt/ems-logs/backups/frdm_kinetics_running_snapshot_20260804_231509/opt/kinetics-gateway/venv/lib/python3.13/site-packages/pip/_internal/utils/egg_link.py
24614	2026-08-01T10:06:31.0000000000	/mnt/ems-logs/backups/frdm_kinetics_running_snapshot_20260804_231509/opt/kinetics-gateway/venv/lib/python3.13/site-packages/_pytest/_io/__pycache__/pprint.cpython-313.pyc
2468	2026-08-01T10:06:33.0000000000	/mnt/ems-logs/backups/frdm_kinetics_running_snapshot_20260804_231509/opt/kinetics-gateway/venv/lib/python3.13/site-packages/_pytest/__pycache__/pytester_assertions.cpython-313.pyc
24685	2026-07-25T23:53:08.0000000000	/mnt/ems-logs/backups/frdm_kinetics_running_snapshot_20260804_231509/opt/kinetics-gateway/venv/lib/python3.13/site-packages/idna/core.py
2469	2026-08-01T09:57:27.0000000000	/mnt/ems-logs/backups/frdm_kinetics_running_snapshot_20260804_231509/opt/kinetics-gateway/venv/lib/python3.13/site-packages/pydantic/plugin/__pycache__/_loader.cpython-313.pyc
2471	2026-07-25T23:49:15.0000000000	/mnt/ems-logs/backups/frdm_kinetics_running_snapshot_20260804_231509/opt/kinetics-gateway/venv/lib/python3.13/site-packages/pip/_internal/models/format_control.py
24716	2026-08-01T10:06:21.0000000000	/mnt/ems-logs/backups/frdm_kinetics_running_snapshot_20260804_231509/opt/kinetics-gateway/venv/lib/python3.13/site-packages/pygments/lexers/_mql_builtins.py
2473	2026-08-01T10:06:17.0000000000	/mnt/ems-logs/backups/frdm_kinetics_running_snapshot_20260804_231509/opt/kinetics-gateway/venv/lib/python3.13/site-packages/pip/_vendor/resolvelib/resolvers/__pycache__/abstract.cpython-313.pyc
24737	2026-08-01T10:06:10.0000000000	/mnt/ems-logs/backups/frdm_kinetics_running_snapshot_20260804_231509/opt/kinetics-gateway/venv/lib/python3.13/site-packages/pip/_internal/req/__pycache__/req_file.cpython-313.pyc
24743	2026-07-25T23:49:15.0000000000	/mnt/ems-logs/backups/frdm_kinetics_running_snapshot_20260804_231509/opt/kinetics-gateway/venv/lib/python3.13/site-packages/pip/_vendor/rich/segment.py
2476	2026-08-01T10:06:21.0000000000	/mnt/ems-logs/backups/frdm_kinetics_running_snapshot_20260804_231509/opt/kinetics-gateway/venv/lib/python3.13/site-packages/pygments-2.20.0.dist-info/METADATA
2477	2026-08-01T10:06:44.0000000000	/mnt/ems-logs/backups/frdm_kinetics_running_snapshot_20260804_231509/opt/kinetics-gateway/venv/lib/python3.13/site-packages/anyio/_core/__pycache__/_streams.cpython-313-pytest-8.4.2.pyc
24800	2026-08-01T10:06:34.0000000000	/mnt/ems-logs/backups/frdm_kinetics_running_snapshot_20260804_231509/opt/kinetics-gateway/venv/lib/python3.13/site-packages/_pytest/__pycache__/reports.cpython-313.pyc
24811	2026-08-01T09:57:24.0000000000	/mnt/ems-logs/backups/frdm_kinetics_running_snapshot_20260804_231509/opt/kinetics-gateway/venv/lib/python3.13/site-packages/click/__pycache__/_compat.cpython-313.pyc
2484	2026-07-25T23:49:15.0000000000	/mnt/ems-logs/backups/frdm_kinetics_running_snapshot_20260804_231509/opt/kinetics-gateway/venv/lib/python3.13/site-packages/pip/_vendor/rich/filesize.py
2484	2026-08-01T10:06:44.0000000000	/mnt/ems-logs/backups/frdm_kinetics_running_snapshot_20260804_231509/opt/kinetics-gateway/venv/lib/python3.13/site-packages/anyio/abc/__pycache__/__init__.cpython-313-pytest-8.4.2.pyc
24861	2026-08-01T10:06:27.0000000000	/mnt/ems-logs/backups/frdm_kinetics_running_snapshot_20260804_231509/opt/kinetics-gateway/venv/lib/python3.13/site-packages/pygments/lexers/__pycache__/pascal.cpython-313.pyc
24867	2026-07-26T00:10:12.0000000000	/mnt/ems-logs/backups/frdm_kinetics_running_snapshot_20260804_231509/opt/kinetics-gateway/venv/lib/python3.13/site-packages/httpcore2-2.9.1.dist-info/METADATA
2487	2026-07-29T20:31:35.0000000000	/mnt/ems-logs/backups/frdm_kinetics_running_snapshot_20260804_231509/opt/kinetics-gateway/backend/tests/test_scheduler_storage.py
2487	2026-07-29T20:31:35.0000000000	/mnt/ems-logs/backups/frdm_kinetics_running_snapshot_20260804_231509/opt/kinetics-gateway/staging/v3_0_0_20260731T161022Z/backend/tests/test_scheduler_storage.py
2487	2026-08-01T10:06:21.0000000000	/mnt/ems-logs/backups/frdm_kinetics_running_snapshot_20260804_231509/opt/kinetics-gateway/venv/lib/python3.13/site-packages/pygments/lexers/rell.py
24877	2026-08-01T10:06:27.0000000000	/mnt/ems-logs/backups/frdm_kinetics_running_snapshot_20260804_231509/opt/kinetics-gateway/venv/lib/python3.13/site-packages/pygments/lexers/__pycache__/parsers.cpython-313.pyc
2497	2026-08-01T10:06:30.0000000000	/mnt/ems-logs/backups/frdm_kinetics_running_snapshot_20260804_231509/opt/kinetics-gateway/venv/lib/python3.13/site-packages/pygments/styles/__pycache__/vim.cpython-313.pyc
25021	2026-08-01T10:06:08.0000000000	/mnt/ems-logs/backups/frdm_kinetics_running_snapshot_20260804_231509/opt/kinetics-gateway/venv/lib/python3.13/site-packages/pip/_vendor/requests/__pycache__/cookies.cpython-313.pyc
25032	2026-08-01T10:06:32.0000000000	/mnt/ems-logs/backups/frdm_kinetics_running_snapshot_20260804_231509/opt/kinetics-gateway/venv/lib/python3.13/site-packages/_pytest/assertion/__pycache__/util.cpython-313.pyc
2505	2026-08-01T10:06:21.0000000000	/mnt/ems-logs/backups/frdm_kinetics_running_snapshot_20260804_231509/opt/kinetics-gateway/venv/lib/python3.13/site-packages/pygments/lexers/json5.py
2508	2026-07-25T23:53:11.0000000000	/mnt/ems-logs/backups/frdm_kinetics_running_snapshot_20260804_231509/opt/kinetics-gateway/venv/lib/python3.13/site-packages/anyio/_core/_typedattr.py
2510	2026-07-25T23:53:10.0000000000	/mnt/ems-logs/backups/frdm_kinetics_running_snapshot_20260804_231509/opt/kinetics-gateway/venv/lib/python3.13/site-packages/openpyxl-3.1.5.dist-info/METADATA
25101	2026-08-01T10:06:17.0000000000	/mnt/ems-logs/backups/frdm_kinetics_running_snapshot_20260804_231509/opt/kinetics-gateway/venv/lib/python3.13/site-packages/pip/_vendor/resolvelib/resolvers/__pycache__/resolution.cpython-313.pyc
2511	2026-07-25T23:53:13.0000000000	/mnt/ems-logs/backups/frdm_kinetics_running_snapshot_20260804_231509/opt/kinetics-gateway/venv/lib/python3.13/site-packages/pydantic/deprecated/parse.py
2514	2026-07-25T23:49:15.0000000000	/mnt/ems-logs/backups/frdm_kinetics_running_snapshot_20260804_231509/opt/kinetics-gateway/venv/lib/python3.13/site-packages/pip/_internal/utils/compat.py
2517	2026-08-01T10:06:21.0000000000	/mnt/ems-logs/backups/frdm_kinetics_running_snapshot_20260804_231509/opt/kinetics-gateway/venv/lib/python3.13/site-packages/pygments/lexers/sieve.py
252	2026-07-25T23:53:07.0000000000	/mnt/ems-logs/backups/frdm_kinetics_running_snapshot_20260804_231509/opt/kinetics-gateway/venv/lib/python3.13/site-packages/uvloop/handles/async_.pxd
25218	2026-08-01T10:06:30.0000000000	/mnt/ems-logs/backups/frdm_kinetics_running_snapshot_20260804_231509/opt/kinetics-gateway/venv/lib/python3.13/site-packages/pluggy/_hooks.py
2524	2026-08-01T10:06:28.0000000000	/mnt/ems-logs/backups/frdm_kinetics_running_snapshot_20260804_231509/opt/kinetics-gateway/venv/lib/python3.13/site-packages/pygments/lexers/__pycache__/snobol.cpython-313.pyc
2526	2026-08-01T10:06:31.0000000000	/mnt/ems-logs/backups/frdm_kinetics_running_snapshot_20260804_231509/opt/kinetics-gateway/venv/lib/python3.13/site-packages/iniconfig-2.3.0.dist-info/METADATA
2527	2026-08-01T10:06:21.0000000000	/mnt/ems-logs/backups/frdm_kinetics_running_snapshot_20260804_231509/opt/kinetics-gateway/venv/lib/python3.13/site-packages/pygments/lexers/scdoc.py
2528	2026-07-26T00:10:12.0000000000	/mnt/ems-logs/backups/frdm_kinetics_running_snapshot_20260804_231509/opt/kinetics-gateway/venv/lib/python3.13/site-packages/httpcore2/_utils.py
2528	2026-08-01T10:06:21.0000000000	/mnt/ems-logs/backups/frdm_kinetics_running_snapshot_20260804_231509/opt/kinetics-gateway/venv/lib/python3.13/site-packages/pygments/styles/pastie.py
25284	2026-07-27T22:22:23.0000000000	/mnt/ems-logs/backups/frdm_kinetics_running_snapshot_20260804_231509/opt/kinetics-gateway/backups/v2_4_5_pcs_precharge_standby_20260728_040903/app/api/routes.py
2533	2026-07-25T23:53:07.0000000000	/mnt/ems-logs/backups/frdm_kinetics_running_snapshot_20260804_231509/opt/kinetics-gateway/venv/lib/python3.13/site-packages/yaml/error.py
2533	2026-07-25T23:53:09.0000000000	/mnt/ems-logs/backups/frdm_kinetics_running_snapshot_20260804_231509/opt/kinetics-gateway/venv/lib/python3.13/site-packages/click-8.4.2.dist-info/RECORD
25356	2026-08-01T10:01:23.0000000000	/mnt/ems-logs/backups/frdm_kinetics_running_snapshot_20260804_231509/opt/kinetics-gateway/venv/lib/python3.13/site-packages/websockets/__pycache__/protocol.cpython-313.pyc
2538	2026-08-01T10:06:21.0000000000	/mnt/ems-logs/backups/frdm_kinetics_running_snapshot_20260804_231509/opt/kinetics-gateway/venv/lib/python3.13/site-packages/pygments/styles/emacs.py
253892	2026-07-25T23:53:15.0000000000	/mnt/ems-logs/backups/frdm_kinetics_running_snapshot_20260804_231509/opt/kinetics-gateway/venv/lib/python3.13/site-packages/fastapi/routing.py
254	2026-07-25T23:49:15.0000000000	/mnt/ems-logs/backups/frdm_kinetics_running_snapshot_20260804_231509/opt/kinetics-gateway/venv/lib/python3.13/site-packages/pip/_vendor/tomli/_types.py
2540	2026-08-01T10:06:24.0000000000	/mnt/ems-logs/backups/frdm_kinetics_running_snapshot_20260804_231509/opt/kinetics-gateway/venv/lib/python3.13/site-packages/pygments/lexers/__pycache__/apl.cpython-313.pyc
2541	2026-08-01T10:05:59.0000000000	/mnt/ems-logs/backups/frdm_kinetics_running_snapshot_20260804_231509/opt/kinetics-gateway/venv/lib/python3.13/site-packages/pip/_vendor/pygments/__pycache__/plugin.cpython-313.pyc
25420	2026-07-25T23:49:15.0000000000	/mnt/ems-logs/backups/frdm_kinetics_running_snapshot_20260804_231509/opt/kinetics-gateway/venv/lib/python3.13/site-packages/pip/_internal/metadata/base.py
2544	2026-08-01T10:05:59.0000000000	/mnt/ems-logs/backups/frdm_kinetics_running_snapshot_20260804_231509/opt/kinetics-gateway/venv/lib/python3.13/site-packages/pip/_vendor/rich/__pycache__/screen.cpython-313.pyc
25441	2026-08-01T10:06:31.0000000000	/mnt/ems-logs/backups/frdm_kinetics_running_snapshot_20260804_231509/opt/kinetics-gateway/venv/lib/python3.13/site-packages/_pytest/junitxml.py
2548	2026-08-01T10:07:22.0000000000	/mnt/ems-logs/backups/frdm_kinetics_running_snapshot_20260804_231509/opt/kinetics-gateway/venv/lib/python3.13/site-packages/idna/__pycache__/intranges.cpython-313.pyc
25495	2026-07-25T23:53:07.0000000000	/mnt/ems-logs/backups/frdm_kinetics_running_snapshot_20260804_231509/opt/kinetics-gateway/venv/lib/python3.13/site-packages/yaml/parser.py
255	2026-07-25T23:49:15.0000000000	/mnt/ems-logs/backups/frdm_kinetics_running_snapshot_20260804_231509/opt/kinetics-gateway/venv/lib/python3.13/site-packages/pip/_vendor/certifi/__main__.py
255	2026-08-01T10:06:00.0000000000	/mnt/ems-logs/backups/frdm_kinetics_running_snapshot_20260804_231509/opt/kinetics-gateway/venv/lib/python3.13/site-packages/pip/_internal/models/__pycache__/__init__.cpython-313.pyc
255	2026-08-01T10:06:10.0000000000	/mnt/ems-logs/backups/frdm_kinetics_running_snapshot_20260804_231509/opt/kinetics-gateway/venv/lib/python3.13/site-packages/pip/_internal/operations/install/__pycache__/__init__.cpython-313.pyc
2550	2026-07-25T23:49:15.0000000000	/mnt/ems-logs/backups/frdm_kinetics_running_snapshot_20260804_231509/opt/kinetics-gateway/venv/lib/python3.13/site-packages/pip/_internal/locations/base.py
2552	2026-07-25T23:53:09.0000000000	/mnt/ems-logs/backups/frdm_kinetics_running_snapshot_20260804_231509/opt/kinetics-gateway/venv/lib/python3.13/site-packages/typing_inspection-0.4.2.dist-info/METADATA
25565	2026-08-01T09:57:24.0000000000	/mnt/ems-logs/backups/frdm_kinetics_running_snapshot_20260804_231509/opt/kinetics-gateway/venv/lib/python3.13/site-packages/anyio/__pycache__/from_thread.cpython-313.pyc
25568	2026-08-01T10:06:30.0000000000	/mnt/ems-logs/backups/frdm_kinetics_running_snapshot_20260804_231509/opt/kinetics-gateway/venv/lib/python3.13/site-packages/pluggy/__pycache__/_manager.cpython-313.pyc
2559	2026-08-01T10:06:32.0000000000	/mnt/ems-logs/backups/frdm_kinetics_running_snapshot_20260804_231509/opt/kinetics-gateway/venv/lib/python3.13/site-packages/_pytest/__pycache__/deprecated.cpython-313.pyc
25644	2026-08-01T10:01:22.0000000000	/mnt/ems-logs/backups/frdm_kinetics_running_snapshot_20260804_231509/opt/kinetics-gateway/venv/lib/python3.13/site-packages/pydantic/v1/__pycache__/color.cpython-313.pyc
2566	2026-08-01T10:06:30.0000000000	/mnt/ems-logs/backups/frdm_kinetics_running_snapshot_20260804_231509/opt/kinetics-gateway/venv/lib/python3.13/site-packages/pygments/styles/__pycache__/algol.cpython-313.pyc
25692	2026-08-01T10:06:25.0000000000	/mnt/ems-logs/backups/frdm_kinetics_running_snapshot_20260804_231509/opt/kinetics-gateway/venv/lib/python3.13/site-packages/pygments/lexers/__pycache__/igor.cpython-313.pyc
2570	2026-08-01T10:06:24.0000000000	/mnt/ems-logs/backups/frdm_kinetics_running_snapshot_20260804_231509/opt/kinetics-gateway/venv/lib/python3.13/site-packages/pygments/lexers/__pycache__/bqn.cpython-313.pyc
25729	2026-08-01T09:57:24.0000000000	/mnt/ems-logs/backups/frdm_kinetics_running_snapshot_20260804_231509/opt/kinetics-gateway/venv/lib/python3.13/site-packages/click/__pycache__/utils.cpython-313.pyc
2573	2026-07-25T23:53:07.0000000000	/mnt/ems-logs/backups/frdm_kinetics_running_snapshot_20260804_231509/opt/kinetics-gateway/venv/lib/python3.13/site-packages/yaml/tokens.py
2579	2026-08-01T10:06:21.0000000000	/mnt/ems-logs/backups/frdm_kinetics_running_snapshot_20260804_231509/opt/kinetics-gateway/venv/lib/python3.13/site-packages/pygments/lexers/codeql.py
258	2026-08-04T23:15:29.5489451200	/mnt/ems-logs/backups/frdm_kinetics_running_snapshot_20260804_231509/metadata/ip_routes.txt
2581	2026-07-25T23:53:15.0000000000	/mnt/ems-logs/backups/frdm_kinetics_running_snapshot_20260804_231509/opt/kinetics-gateway/venv/lib/python3.13/site-packages/fastapi/.agents/skills/fastapi/references/streaming.md
2581	2026-08-01T10:06:30.0000000000	/mnt/ems-logs/backups/frdm_kinetics_running_snapshot_20260804_231509/opt/kinetics-gateway/venv/lib/python3.13/site-packages/pygments/styles/__pycache__/algol_nu.cpython-313.pyc
25835	2026-08-01T10:06:11.0000000000	/mnt/ems-logs/backups/frdm_kinetics_running_snapshot_20260804_231509/opt/kinetics-gateway/venv/lib/python3.13/site-packages/pip/_internal/req/__pycache__/constructors.cpython-313.pyc
2584	2026-07-26T00:10:13.0000000000	/mnt/ems-logs/backups/frdm_kinetics_running_snapshot_20260804_231509/opt/kinetics-gateway/venv/lib/python3.13/site-packages/httpx2/_transports/base.py
2585	2026-08-01T10:06:21.0000000000	/mnt/ems-logs/backups/frdm_kinetics_running_snapshot_20260804_231509/opt/kinetics-gateway/venv/lib/python3.13/site-packages/pygments/__pycache__/console.cpython-313.pyc
2590	2026-08-01T10:06:30.0000000000	/mnt/ems-logs/backups/frdm_kinetics_running_snapshot_20260804_231509/opt/kinetics-gateway/venv/lib/python3.13/site-packages/pygments/styles/__pycache__/__init__.cpython-313.pyc
25901	2026-07-25T23:53:06.0000000000	/mnt/ems-logs/backups/frdm_kinetics_running_snapshot_20260804_231509/opt/kinetics-gateway/venv/lib/python3.13/site-packages/websockets/extensions/permessage_deflate.py
2591	2026-08-01T10:06:21.0000000000	/mnt/ems-logs/backups/frdm_kinetics_running_snapshot_20260804_231509/opt/kinetics-gateway/venv/lib/python3.13/site-packages/pygments/styles/default.py
26	2026-07-25T23:49:15.0000000000	/mnt/ems-logs/backups/frdm_kinetics_running_snapshot_20260804_231509/opt/kinetics-gateway/venv/lib/python3.13/site-packages/pip/_vendor/tomli/py.typed
26	2026-07-25T23:49:15.0000000000	/mnt/ems-logs/backups/frdm_kinetics_running_snapshot_20260804_231509/opt/kinetics-gateway/venv/lib/python3.13/site-packages/pip/_vendor/tomli_w/py.typed
26	2026-07-25T23:53:07.0000000000	/mnt/ems-logs/backups/frdm_kinetics_running_snapshot_20260804_231509/opt/kinetics-gateway/venv/lib/python3.13/site-packages/dotenv/py.typed
26	2026-08-04T23:15:26.7209031340	/mnt/ems-logs/backups/frdm_kinetics_running_snapshot_20260804_231509/metadata/snapshot_time.txt
2600	2026-07-25T23:53:10.0000000000	/mnt/ems-logs/backups/frdm_kinetics_running_snapshot_20260804_231509/opt/kinetics-gateway/venv/lib/python3.13/site-packages/openpyxl/chart/marker.py
26014	2026-07-25T23:53:13.0000000000	/mnt/ems-logs/backups/frdm_kinetics_running_snapshot_20260804_231509/opt/kinetics-gateway/venv/lib/python3.13/site-packages/pydantic/v1/utils.py
2602	2026-08-01T10:06:08.0000000000	/mnt/ems-logs/backups/frdm_kinetics_running_snapshot_20260804_231509/opt/kinetics-gateway/venv/lib/python3.13/site-packages/pip/_vendor/idna/__pycache__/intranges.cpython-313.pyc
2603	2026-07-25T23:53:10.0000000000	/mnt/ems-logs/backups/frdm_kinetics_running_snapshot_20260804_231509/opt/kinetics-gateway/venv/lib/python3.13/site-packages/openpyxl/descriptors/nested.py
2607	2026-08-01T10:06:21.0000000000	/mnt/ems-logs/backups/frdm_kinetics_running_snapshot_20260804_231509/opt/kinetics-gateway/venv/lib/python3.13/site-packages/pygments/styles/friendly.py
2608	2026-08-01T10:06:21.0000000000	/mnt/ems-logs/backups/frdm_kinetics_running_snapshot_20260804_231509/opt/kinetics-gateway/venv/lib/python3.13/site-packages/pygments/lexers/ambient.py
261	2026-07-25T23:53:15.0000000000	/mnt/ems-logs/backups/frdm_kinetics_running_snapshot_20260804_231509/opt/kinetics-gateway/venv/lib/python3.13/site-packages/fastapi/security/utils.py
2610	2026-08-01T10:06:30.0000000000	/mnt/ems-logs/backups/frdm_kinetics_running_snapshot_20260804_231509/opt/kinetics-gateway/venv/lib/python3.13/site-packages/pygments/__pycache__/plugin.cpython-313.pyc
2614	2026-08-01T10:06:30.0000000000	/mnt/ems-logs/backups/frdm_kinetics_running_snapshot_20260804_231509/opt/kinetics-gateway/venv/lib/python3.13/site-packages/pygments/styles/__pycache__/trac.cpython-313.pyc
26152	2026-07-28T09:39:04.0000000000	/mnt/ems-logs/backups/frdm_kinetics_running_snapshot_20260804_231509/opt/kinetics-gateway/backups/v2_5_0_field_validated_control_20260728_064310/app/api/routes.py
2616	2026-07-25T23:56:52.0000000000	/mnt/ems-logs/backups/frdm_kinetics_running_snapshot_20260804_231509/opt/kinetics-gateway/backend/configs/kinetics_mock.json
2616	2026-07-25T23:56:52.0000000000	/mnt/ems-logs/backups/frdm_kinetics_running_snapshot_20260804_231509/opt/kinetics-gateway/staging/v3_0_0_20260731T161022Z/backend/configs/kinetics_mock.json
2616	2026-07-26T15:42:11.7726032150	/mnt/ems-logs/backups/frdm_kinetics_running_snapshot_20260804_231509/etc/kinetics-gateway/config.json.backup_20260726_101211
26205	2026-07-25T23:53:15.0000000000	/mnt/ems-logs/backups/frdm_kinetics_running_snapshot_20260804_231509/opt/kinetics-gateway/venv/lib/python3.13/site-packages/fastapi/params.py
2621	2026-07-25T23:53:08.0000000000	/mnt/ems-logs/backups/frdm_kinetics_running_snapshot_20260804_231509/opt/kinetics-gateway/venv/lib/python3.13/site-packages/click-8.4.2.dist-info/METADATA
2621	2026-07-25T23:56:52.0000000000	/mnt/ems-logs/backups/frdm_kinetics_running_snapshot_20260804_231509/opt/kinetics-gateway/backend/configs/kinetics_hardware_template.json
2621	2026-07-25T23:56:52.0000000000	/mnt/ems-logs/backups/frdm_kinetics_running_snapshot_20260804_231509/opt/kinetics-gateway/staging/v3_0_0_20260731T161022Z/backend/configs/kinetics_hardware_template.json
26232	2026-07-25T23:49:15.0000000000	/mnt/ems-logs/backups/frdm_kinetics_running_snapshot_20260804_231509/opt/kinetics-gateway/venv/lib/python3.13/site-packages/pip/_vendor/tomli/_parser.py
26255	2026-07-25T23:53:13.0000000000	/mnt/ems-logs/backups/frdm_kinetics_running_snapshot_20260804_231509/opt/kinetics-gateway/venv/lib/python3.13/site-packages/pydantic/_internal/_discriminated_union.py
26259	2026-08-01T10:06:31.0000000000	/mnt/ems-logs/backups/frdm_kinetics_running_snapshot_20260804_231509/opt/kinetics-gateway/venv/lib/python3.13/site-packages/_pytest/doctest.py
2627	2026-08-01T09:57:29.0000000000	/mnt/ems-logs/backups/frdm_kinetics_running_snapshot_20260804_231509/opt/kinetics-gateway/venv/lib/python3.13/site-packages/starlette/middleware/__pycache__/__init__.cpython-313.pyc
26275	2026-08-01T10:06:26.0000000000	/mnt/ems-logs/backups/frdm_kinetics_running_snapshot_20260804_231509/opt/kinetics-gateway/venv/lib/python3.13/site-packages/pygments/lexers/__pycache__/ml.cpython-313.pyc
26292	2026-07-25T23:49:15.0000000000	/mnt/ems-logs/backups/frdm_kinetics_running_snapshot_20260804_231509/opt/kinetics-gateway/venv/lib/python3.13/site-packages/pip/_vendor/requests/adapters.py
26298	2026-08-01T10:06:21.0000000000	/mnt/ems-logs/backups/frdm_kinetics_running_snapshot_20260804_231509/opt/kinetics-gateway/venv/lib/python3.13/site-packages/pygments/lexers/foxpro.py
263	2026-08-01T09:57:29.0000000000	/mnt/ems-logs/backups/frdm_kinetics_running_snapshot_20260804_231509/opt/kinetics-gateway/venv/lib/python3.13/site-packages/fastapi/__pycache__/requests.cpython-313.pyc
2635	2026-08-01T10:06:00.0000000000	/mnt/ems-logs/backups/frdm_kinetics_running_snapshot_20260804_231509/opt/kinetics-gateway/venv/lib/python3.13/site-packages/pip/_vendor/pygments/styles/__pycache__/__init__.cpython-313.pyc
26386	2026-08-01T10:05:58.0000000000	/mnt/ems-logs/backups/frdm_kinetics_running_snapshot_20260804_231509/opt/kinetics-gateway/venv/lib/python3.13/site-packages/pip/_internal/__pycache__/build_env.cpython-313.pyc
26387	2026-08-01T10:06:27.0000000000	/mnt/ems-logs/backups/frdm_kinetics_running_snapshot_20260804_231509/opt/kinetics-gateway/venv/lib/python3.13/site-packages/pygments/lexers/__pycache__/modula2.cpython-313.pyc
264	2026-07-25T23:53:10.0000000000	/mnt/ems-logs/backups/frdm_kinetics_running_snapshot_20260804_231509/opt/kinetics-gateway/venv/lib/python3.13/site-packages/openpyxl/compat/product.py
2642	2026-07-25T23:53:10.0000000000	/mnt/ems-logs/backups/frdm_kinetics_running_snapshot_20260804_231509/opt/kinetics-gateway/venv/lib/python3.13/site-packages/openpyxl/utils/units.py
2642	2026-07-25T23:53:10.0000000000	/mnt/ems-logs/backups/frdm_kinetics_running_snapshot_20260804_231509/opt/kinetics-gateway/venv/lib/python3.13/site-packages/openpyxl/workbook/web.py
26439	2026-08-01T10:06:21.0000000000	/mnt/ems-logs/backups/frdm_kinetics_running_snapshot_20260804_231509/opt/kinetics-gateway/venv/lib/python3.13/site-packages/pygments/lexers/css.py
2644	2026-08-01T09:57:28.0000000000	/mnt/ems-logs/backups/frdm_kinetics_running_snapshot_20260804_231509/opt/kinetics-gateway/venv/lib/python3.13/site-packages/starlette/__pycache__/background.cpython-313.pyc
26458	2026-07-25T23:53:08.0000000000	/mnt/ems-logs/backups/frdm_kinetics_running_snapshot_20260804_231509/opt/kinetics-gateway/venv/lib/python3.13/site-packages/click/testing.py
265	2026-07-25T23:49:15.0000000000	/mnt/ems-logs/backups/frdm_kinetics_running_snapshot_20260804_231509/opt/kinetics-gateway/venv/lib/python3.13/site-packages/pip/_vendor/rich/_extension.py
2652	2026-07-27T11:41:57.0000000000	/mnt/ems-logs/backups/frdm_kinetics_running_snapshot_20260804_231509/opt/kinetics-gateway/backend/deployment/enable_pcs1_readonly_on_imx93.sh
2652	2026-07-27T11:41:57.0000000000	/mnt/ems-logs/backups/frdm_kinetics_running_snapshot_20260804_231509/opt/kinetics-gateway/staging/v3_0_0_20260731T161022Z/backend/deployment/enable_pcs1_readonly_on_imx93.sh
2652	2026-08-01T10:06:21.0000000000	/mnt/ems-logs/backups/frdm_kinetics_running_snapshot_20260804_231509/opt/kinetics-gateway/venv/lib/python3.13/site-packages/pygments/lexers/hare.py
26524	2026-08-01T10:05:57.0000000000	/mnt/ems-logs/backups/frdm_kinetics_running_snapshot_20260804_231509/opt/kinetics-gateway/venv/lib/python3.13/site-packages/pip/_vendor/rich/__pycache__/color.cpython-313.pyc
26540	2026-08-01T10:06:31.0000000000	/mnt/ems-logs/backups/frdm_kinetics_running_snapshot_20260804_231509/opt/kinetics-gateway/venv/lib/python3.13/site-packages/_pytest/nodes.py
26598	2026-08-01T10:06:21.0000000000	/mnt/ems-logs/backups/frdm_kinetics_running_snapshot_20260804_231509/opt/kinetics-gateway/venv/lib/python3.13/site-packages/pygments/lexers/parsers.py
266	2026-07-25T23:56:52.0000000000	/mnt/ems-logs/backups/frdm_kinetics_running_snapshot_20260804_231509/opt/kinetics-gateway/backend/deployment/network/kinetics-network.service
266	2026-07-25T23:56:52.0000000000	/mnt/ems-logs/backups/frdm_kinetics_running_snapshot_20260804_231509/opt/kinetics-gateway/staging/v3_0_0_20260731T161022Z/backend/deployment/network/kinetics-network.service
266	2026-07-25T23:57:18.7256867730	/mnt/ems-logs/backups/frdm_kinetics_running_snapshot_20260804_231509/systemd/kinetics-network.service
2662	2026-08-01T10:06:21.0000000000	/mnt/ems-logs/backups/frdm_kinetics_running_snapshot_20260804_231509/opt/kinetics-gateway/venv/lib/python3.13/site-packages/pygments/lexers/smithy.py
2663	2026-07-25T23:53:13.0000000000	/mnt/ems-logs/backups/frdm_kinetics_running_snapshot_20260804_231509/opt/kinetics-gateway/venv/lib/python3.13/site-packages/pydantic/deprecated/config.py
2664	2026-08-01T10:06:21.0000000000	/mnt/ems-logs/backups/frdm_kinetics_running_snapshot_20260804_231509/opt/kinetics-gateway/venv/lib/python3.13/site-packages/pygments/lexers/verifpal.py
2666184	2026-07-25T23:53:07.0000000000	/mnt/ems-logs/backups/frdm_kinetics_running_snapshot_20260804_231509/opt/kinetics-gateway/venv/lib/python3.13/site-packages/yaml/_yaml.cpython-313-aarch64-linux-gnu.so
267	2026-08-01T10:05:56.0000000000	/mnt/ems-logs/backups/frdm_kinetics_running_snapshot_20260804_231509/opt/kinetics-gateway/venv/lib/python3.13/site-packages/pip/_internal/cli/__pycache__/__init__.cpython-313.pyc
2670	2026-08-01T10:06:21.0000000000	/mnt/ems-logs/backups/frdm_kinetics_running_snapshot_20260804_231509/opt/kinetics-gateway/venv/lib/python3.13/site-packages/pygments/lexers/floscript.py
2671	2026-07-25T23:53:10.0000000000	/mnt/ems-logs/backups/frdm_kinetics_running_snapshot_20260804_231509/opt/kinetics-gateway/venv/lib/python3.13/site-packages/openpyxl/pivot/record.py
2671	2026-07-26T00:10:13.0000000000	/mnt/ems-logs/backups/frdm_kinetics_running_snapshot_20260804_231509/opt/kinetics-gateway/venv/lib/python3.13/site-packages/httpx2/_types.py
26780	2026-08-01T10:06:21.0000000000	/mnt/ems-logs/backups/frdm_kinetics_running_snapshot_20260804_231509/opt/kinetics-gateway/venv/lib/python3.13/site-packages/pygments/lexers/_sourcemod_builtins.py
26781	2026-08-01T10:06:08.0000000000	/mnt/ems-logs/backups/frdm_kinetics_running_snapshot_20260804_231509/opt/kinetics-gateway/venv/lib/python3.13/site-packages/pip/_vendor/requests/__pycache__/adapters.cpython-313.pyc
268	2026-08-01T09:57:25.0000000000	/mnt/ems-logs/backups/frdm_kinetics_running_snapshot_20260804_231509/opt/kinetics-gateway/venv/lib/python3.13/site-packages/watchfiles/__pycache__/version.cpython-313.pyc
2680	2026-07-25T23:49:15.0000000000	/mnt/ems-logs/backups/frdm_kinetics_running_snapshot_20260804_231509/opt/kinetics-gateway/venv/lib/python3.13/site-packages/pip/_vendor/packaging/errors.py
2680	2026-08-01T10:06:30.0000000000	/mnt/ems-logs/backups/frdm_kinetics_running_snapshot_20260804_231509/opt/kinetics-gateway/venv/lib/python3.13/site-packages/packaging/errors.py
26850	2026-08-01T10:06:44.0000000000	/mnt/ems-logs/backups/frdm_kinetics_running_snapshot_20260804_231509/opt/kinetics-gateway/venv/lib/python3.13/site-packages/anyio/__pycache__/from_thread.cpython-313-pytest-8.4.2.pyc
26863	2026-07-25T23:53:08.0000000000	/mnt/ems-logs/backups/frdm_kinetics_running_snapshot_20260804_231509/opt/kinetics-gateway/venv/lib/python3.13/site-packages/h11/_connection.py
26875	2026-08-01T10:06:01.0000000000	/mnt/ems-logs/backups/frdm_kinetics_running_snapshot_20260804_231509/opt/kinetics-gateway/venv/lib/python3.13/site-packages/pip/_internal/models/__pycache__/link.cpython-313.pyc
26876	2026-08-01T10:06:21.0000000000	/mnt/ems-logs/backups/frdm_kinetics_running_snapshot_20260804_231509/opt/kinetics-gateway/venv/lib/python3.13/site-packages/pygments/lexers/_mysql_builtins.py
26916	2026-08-01T10:06:21.0000000000	/mnt/ems-logs/backups/frdm_kinetics_running_snapshot_20260804_231509/opt/kinetics-gateway/venv/lib/python3.13/site-packages/pygments/lexers/freefem.py
26919	2026-07-25T23:53:07.0000000000	/mnt/ems-logs/backups/frdm_kinetics_running_snapshot_20260804_231509/opt/kinetics-gateway/venv/lib/python3.13/site-packages/uvloop/handles/process.pyx
2693	2026-08-01T10:06:21.0000000000	/mnt/ems-logs/backups/frdm_kinetics_running_snapshot_20260804_231509/opt/kinetics-gateway/venv/lib/python3.13/site-packages/pygments/lexers/eiffel.py
2696	2026-08-01T10:06:21.0000000000	/mnt/ems-logs/backups/frdm_kinetics_running_snapshot_20260804_231509/opt/kinetics-gateway/venv/lib/python3.13/site-packages/pygments/lexers/jsx.py
2696	2026-08-01T10:06:30.0000000000	/mnt/ems-logs/backups/frdm_kinetics_running_snapshot_20260804_231509/opt/kinetics-gateway/venv/lib/python3.13/site-packages/pygments/styles/__pycache__/onedark.cpython-313.pyc
26983	2026-08-01T10:06:21.0000000000	/mnt/ems-logs/backups/frdm_kinetics_running_snapshot_20260804_231509/opt/kinetics-gateway/venv/lib/python3.13/site-packages/pygments/__pycache__/cmdline.cpython-313.pyc
26990	2026-07-25T23:49:15.0000000000	/mnt/ems-logs/backups/frdm_kinetics_running_snapshot_20260804_231509/opt/kinetics-gateway/venv/lib/python3.13/site-packages/pip/_vendor/rich/style.py
2701	2026-07-25T23:53:10.0000000000	/mnt/ems-logs/backups/frdm_kinetics_running_snapshot_20260804_231509/opt/kinetics-gateway/venv/lib/python3.13/site-packages/openpyxl/formatting/formatting.py
27026	2026-07-25T23:53:15.0000000000	/mnt/ems-logs/backups/frdm_kinetics_running_snapshot_20260804_231509/opt/kinetics-gateway/venv/lib/python3.13/site-packages/fastapi-0.140.0.dist-info/METADATA
27049	2026-08-01T10:06:21.0000000000	/mnt/ems-logs/backups/frdm_kinetics_running_snapshot_20260804_231509/opt/kinetics-gateway/venv/lib/python3.13/site-packages/pygments/lexers/data.py
27067	2026-07-25T23:53:15.0000000000	/mnt/ems-logs/backups/frdm_kinetics_running_snapshot_20260804_231509/opt/kinetics-gateway/venv/lib/python3.13/site-packages/fastapi/openapi/utils.py
2707	2026-07-25T23:49:15.0000000000	/mnt/ems-logs/backups/frdm_kinetics_running_snapshot_20260804_231509/opt/kinetics-gateway/venv/lib/python3.13/site-packages/pip/_vendor/packaging/_musllinux.py
2707	2026-07-25T23:53:07.0000000000	/mnt/ems-logs/backups/frdm_kinetics_running_snapshot_20260804_231509/opt/kinetics-gateway/venv/lib/python3.13/site-packages/pyyaml-6.0.3.dist-info/RECORD
2707	2026-08-01T10:06:30.0000000000	/mnt/ems-logs/backups/frdm_kinetics_running_snapshot_20260804_231509/opt/kinetics-gateway/venv/lib/python3.13/site-packages/packaging/_musllinux.py
27105	2026-08-01T10:06:24.0000000000	/mnt/ems-logs/backups/frdm_kinetics_running_snapshot_20260804_231509/opt/kinetics-gateway/venv/lib/python3.13/site-packages/pygments/lexers/__pycache__/basic.cpython-313.pyc
2711	2026-07-25T23:49:15.0000000000	/mnt/ems-logs/backups/frdm_kinetics_running_snapshot_20260804_231509/opt/kinetics-gateway/venv/lib/python3.13/site-packages/pip/_internal/metadata/_json.py
2711	2026-07-25T23:53:08.0000000000	/mnt/ems-logs/backups/frdm_kinetics_running_snapshot_20260804_231509/opt/kinetics-gateway/venv/lib/python3.13/site-packages/et_xmlfile-2.0.0.dist-info/METADATA
27124	2026-08-01T10:07:22.0000000000	/mnt/ems-logs/backups/frdm_kinetics_running_snapshot_20260804_231509/opt/kinetics-gateway/venv/lib/python3.13/site-packages/httpx2/__pycache__/_urls.cpython-313.pyc
2718	2026-08-01T10:06:21.0000000000	/mnt/ems-logs/backups/frdm_kinetics_running_snapshot_20260804_231509/opt/kinetics-gateway/venv/lib/python3.13/site-packages/pygments/lexers/maxima.py
272	2026-08-01T09:57:27.0000000000	/mnt/ems-logs/backups/frdm_kinetics_running_snapshot_20260804_231509/opt/kinetics-gateway/venv/lib/python3.13/site-packages/fastapi/__pycache__/logger.cpython-313.pyc
2722	2026-08-01T10:06:21.0000000000	/mnt/ems-logs/backups/frdm_kinetics_running_snapshot_20260804_231509/opt/kinetics-gateway/venv/lib/python3.13/site-packages/pygments/lexers/parasail.py
27230	2026-08-01T10:06:21.0000000000	/mnt/ems-logs/backups/frdm_kinetics_running_snapshot_20260804_231509/opt/kinetics-gateway/venv/lib/python3.13/site-packages/pygments/lexers/_stata_builtins.py
272441	2026-07-25T23:49:15.0000000000	/mnt/ems-logs/backups/frdm_kinetics_running_snapshot_20260804_231509/opt/kinetics-gateway/venv/lib/python3.13/site-packages/pip/_vendor/certifi/cacert.pem
27247	2026-07-25T23:53:06.0000000000	/mnt/ems-logs/backups/frdm_kinetics_running_snapshot_20260804_231509/opt/kinetics-gateway/venv/lib/python3.13/site-packages/websockets/protocol.py
2728	2026-08-01T10:06:21.0000000000	/mnt/ems-logs/backups/frdm_kinetics_running_snapshot_20260804_231509/opt/kinetics-gateway/venv/lib/python3.13/site-packages/pygments/lexers/nit.py
27290	2026-08-01T10:06:21.0000000000	/mnt/ems-logs/backups/frdm_kinetics_running_snapshot_20260804_231509/opt/kinetics-gateway/venv/lib/python3.13/site-packages/pygments/lexers/_asy_builtins.py
2730	2026-08-01T10:06:25.0000000000	/mnt/ems-logs/backups/frdm_kinetics_running_snapshot_20260804_231509/opt/kinetics-gateway/venv/lib/python3.13/site-packages/pygments/lexers/__pycache__/gleam.cpython-313.pyc
2731	2026-07-25T23:53:10.0000000000	/mnt/ems-logs/backups/frdm_kinetics_running_snapshot_20260804_231509/opt/kinetics-gateway/venv/lib/python3.13/site-packages/openpyxl/chartsheet/relation.py
2735	2026-07-25T23:53:10.0000000000	/mnt/ems-logs/backups/frdm_kinetics_running_snapshot_20260804_231509/opt/kinetics-gateway/venv/lib/python3.13/site-packages/openpyxl/worksheet/controls.py
27378	2026-07-25T23:53:06.0000000000	/mnt/ems-logs/backups/frdm_kinetics_running_snapshot_20260804_231509/opt/kinetics-gateway/venv/lib/python3.13/site-packages/websockets/legacy/client.py
2738	2026-08-01T10:06:31.0000000000	/mnt/ems-logs/backups/frdm_kinetics_running_snapshot_20260804_231509/opt/kinetics-gateway/venv/lib/python3.13/site-packages/_pytest/scope.py
27388	2026-08-01T10:06:08.0000000000	/mnt/ems-logs/backups/frdm_kinetics_running_snapshot_20260804_231509/opt/kinetics-gateway/venv/lib/python3.13/site-packages/pip/_vendor/requests/__pycache__/sessions.cpython-313.pyc
274	2026-07-25T23:53:07.0000000000	/mnt/ems-logs/backups/frdm_kinetics_running_snapshot_20260804_231509/opt/kinetics-gateway/venv/lib/python3.13/site-packages/uvloop/handles/idle.pxd
27404	2026-08-01T10:01:13.0000000000	/mnt/ems-logs/backups/frdm_kinetics_running_snapshot_20260804_231509/opt/kinetics-gateway/venv/lib/python3.13/site-packages/serial/__pycache__/serialutil.cpython-313.pyc
27429	2026-08-01T10:06:11.0000000000	/mnt/ems-logs/backups/frdm_kinetics_running_snapshot_20260804_231509/opt/kinetics-gateway/venv/lib/python3.13/site-packages/pip/_internal/operations/__pycache__/prepare.cpython-313.pyc
2745	2026-08-01T10:06:28.0000000000	/mnt/ems-logs/backups/frdm_kinetics_running_snapshot_20260804_231509/opt/kinetics-gateway/venv/lib/python3.13/site-packages/pygments/lexers/__pycache__/sieve.cpython-313.pyc
2745	2026-08-01T10:06:30.0000000000	/mnt/ems-logs/backups/frdm_kinetics_running_snapshot_20260804_231509/opt/kinetics-gateway/venv/lib/python3.13/site-packages/pygments/lexers/__pycache__/yara.cpython-313.pyc
275	2026-07-25T23:53:10.0000000000	/mnt/ems-logs/backups/frdm_kinetics_running_snapshot_20260804_231509/opt/kinetics-gateway/venv/lib/python3.13/site-packages/openpyxl/worksheet/drawing.py
2750	2026-07-25T23:53:11.0000000000	/mnt/ems-logs/backups/frdm_kinetics_running_snapshot_20260804_231509/opt/kinetics-gateway/venv/lib/python3.13/site-packages/anyio/to_thread.py
2751	2026-07-28T12:13:12.0000000000	/mnt/ems-logs/backups/frdm_kinetics_running_snapshot_20260804_231509/opt/kinetics-gateway/backend/deployment/enable_field_validated_automatic_sequence_on_imx93.sh
2751	2026-07-28T12:13:12.0000000000	/mnt/ems-logs/backups/frdm_kinetics_running_snapshot_20260804_231509/opt/kinetics-gateway/staging/v3_0_0_20260731T161022Z/backend/deployment/enable_field_validated_automatic_sequence_on_imx93.sh
27524	2026-07-25T23:53:07.0000000000	/mnt/ems-logs/backups/frdm_kinetics_running_snapshot_20260804_231509/opt/kinetics-gateway/venv/lib/python3.13/site-packages/python_dotenv-1.2.2.dist-info/METADATA
2757	2026-08-01T10:06:24.0000000000	/mnt/ems-logs/backups/frdm_kinetics_running_snapshot_20260804_231509/opt/kinetics-gateway/venv/lib/python3.13/site-packages/pygments/lexers/__pycache__/codeql.cpython-313.pyc
27572	2026-07-25T23:53:10.0000000000	/mnt/ems-logs/backups/frdm_kinetics_running_snapshot_20260804_231509/opt/kinetics-gateway/venv/lib/python3.13/site-packages/openpyxl/worksheet/worksheet.py
27578	2026-08-01T10:06:30.0000000000	/mnt/ems-logs/backups/frdm_kinetics_running_snapshot_20260804_231509/opt/kinetics-gateway/venv/lib/python3.13/site-packages/pluggy/__pycache__/_hooks.cpython-313.pyc
276	2026-07-25T23:53:06.0000000000	/mnt/ems-logs/backups/frdm_kinetics_running_snapshot_20260804_231509/opt/kinetics-gateway/venv/lib/python3.13/site-packages/websockets/legacy/__init__.py
276	2026-07-25T23:53:07.0000000000	/mnt/ems-logs/backups/frdm_kinetics_running_snapshot_20260804_231509/opt/kinetics-gateway/venv/lib/python3.13/site-packages/uvloop/handles/check.pxd
27631	2026-08-01T10:06:24.0000000000	/mnt/ems-logs/backups/frdm_kinetics_running_snapshot_20260804_231509/opt/kinetics-gateway/venv/lib/python3.13/site-packages/pygments/lexers/__pycache__/c_like.cpython-313.pyc
27655	2026-07-25T23:53:06.0000000000	/mnt/ems-logs/backups/frdm_kinetics_running_snapshot_20260804_231509/opt/kinetics-gateway/venv/lib/python3.13/site-packages/websockets/sync/server.py
2774	2026-07-25T23:53:06.0000000000	/mnt/ems-logs/backups/frdm_kinetics_running_snapshot_20260804_231509/opt/kinetics-gateway/venv/lib/python3.13/site-packages/uvloop/errors.pyx
2774	2026-08-01T10:06:11.0000000000	/mnt/ems-logs/backups/frdm_kinetics_running_snapshot_20260804_231509/opt/kinetics-gateway/venv/lib/python3.13/site-packages/pip/_internal/req/__pycache__/pep723.cpython-313.pyc
27740	2026-08-01T10:06:33.0000000000	/mnt/ems-logs/backups/frdm_kinetics_running_snapshot_20260804_231509/opt/kinetics-gateway/venv/lib/python3.13/site-packages/_pytest/mark/__pycache__/structures.cpython-313.pyc
27747	2026-07-25T23:53:11.0000000000	/mnt/ems-logs/backups/frdm_kinetics_running_snapshot_20260804_231509/opt/kinetics-gateway/venv/lib/python3.13/site-packages/openpyxl-3.1.5.dist-info/RECORD
2776	2026-07-25T23:53:09.0000000000	/mnt/ems-logs/backups/frdm_kinetics_running_snapshot_20260804_231509/opt/kinetics-gateway/venv/lib/python3.13/site-packages/uvicorn/_subprocess.py
27779	2026-08-01T09:57:26.0000000000	/mnt/ems-logs/backups/frdm_kinetics_running_snapshot_20260804_231509/opt/kinetics-gateway/venv/lib/python3.13/site-packages/pydantic/_internal/__pycache__/_fields.cpython-313.pyc
2778	2026-08-01T10:06:27.0000000000	/mnt/ems-logs/backups/frdm_kinetics_running_snapshot_20260804_231509/opt/kinetics-gateway/venv/lib/python3.13/site-packages/pygments/lexers/__pycache__/nit.cpython-313.pyc
278	2026-08-04T23:15:26.7449034910	/mnt/ems-logs/backups/frdm_kinetics_running_snapshot_20260804_231509/metadata/os-release.txt
27802	2026-08-01T09:57:25.0000000000	/mnt/ems-logs/backups/frdm_kinetics_running_snapshot_20260804_231509/opt/kinetics-gateway/venv/lib/python3.13/site-packages/anyio/_core/__pycache__/_tempfile.cpython-313.pyc
2781	2026-08-01T10:06:21.0000000000	/mnt/ems-logs/backups/frdm_kinetics_running_snapshot_20260804_231509/opt/kinetics-gateway/venv/lib/python3.13/site-packages/pygments/lexers/snobol.py
2783	2026-07-25T23:49:15.0000000000	/mnt/ems-logs/backups/frdm_kinetics_running_snapshot_20260804_231509/opt/kinetics-gateway/venv/lib/python3.13/site-packages/pip/_vendor/rich/_windows_renderer.py
2784	2026-07-25T23:53:12.0000000000	/mnt/ems-logs/backups/frdm_kinetics_running_snapshot_20260804_231509/opt/kinetics-gateway/venv/lib/python3.13/site-packages/starlette/middleware/exceptions.py
27840	2026-07-25T23:53:10.0000000000	/mnt/ems-logs/backups/frdm_kinetics_running_snapshot_20260804_231509/opt/kinetics-gateway/venv/lib/python3.13/site-packages/openpyxl/pivot/cache.py
27915	2026-08-01T10:06:45.0000000000	/mnt/ems-logs/backups/frdm_kinetics_running_snapshot_20260804_231509/opt/kinetics-gateway/venv/lib/python3.13/site-packages/anyio/_core/__pycache__/_tempfile.cpython-313-pytest-8.4.2.pyc
2795	2026-07-25T23:53:06.0000000000	/mnt/ems-logs/backups/frdm_kinetics_running_snapshot_20260804_231509/opt/kinetics-gateway/venv/lib/python3.13/site-packages/websockets/imports.py
27992	2026-08-01T10:06:21.0000000000	/mnt/ems-logs/backups/frdm_kinetics_running_snapshot_20260804_231509/opt/kinetics-gateway/venv/lib/python3.13/site-packages/pygments/lexers/basic.py
2800	2026-08-01T10:06:28.0000000000	/mnt/ems-logs/backups/frdm_kinetics_running_snapshot_20260804_231509/opt/kinetics-gateway/venv/lib/python3.13/site-packages/pygments/lexers/__pycache__/smv.cpython-313.pyc
2801	2026-07-25T23:53:10.0000000000	/mnt/ems-logs/backups/frdm_kinetics_running_snapshot_20260804_231509/opt/kinetics-gateway/venv/lib/python3.13/site-packages/openpyxl/styles/table.py
2801	2026-08-01T10:06:21.0000000000	/mnt/ems-logs/backups/frdm_kinetics_running_snapshot_20260804_231509/opt/kinetics-gateway/venv/lib/python3.13/site-packages/pygments/lexers/spice.py
2804	2026-07-25T23:49:15.0000000000	/mnt/ems-logs/backups/frdm_kinetics_running_snapshot_20260804_231509/opt/kinetics-gateway/venv/lib/python3.13/site-packages/pip/_internal/metadata/importlib/_compat.py
2808	2026-08-01T10:06:21.0000000000	/mnt/ems-logs/backups/frdm_kinetics_running_snapshot_20260804_231509/opt/kinetics-gateway/venv/lib/python3.13/site-packages/pygments/lexers/smv.py
2808	2026-08-01T10:06:21.0000000000	/mnt/ems-logs/backups/frdm_kinetics_running_snapshot_20260804_231509/opt/kinetics-gateway/venv/lib/python3.13/site-packages/pygments/styles/murphy.py
2809	2026-08-01T10:06:09.0000000000	/mnt/ems-logs/backups/frdm_kinetics_running_snapshot_20260804_231509/opt/kinetics-gateway/venv/lib/python3.13/site-packages/pip/_vendor/cachecontrol/caches/__pycache__/redis_cache.cpython-313.pyc
2812	2026-07-27T13:17:15.0000000000	/mnt/ems-logs/backups/frdm_kinetics_running_snapshot_20260804_231509/opt/kinetics-gateway/backend/deployment/update_staged_control_on_imx93.sh
2812	2026-07-27T13:17:15.0000000000	/mnt/ems-logs/backups/frdm_kinetics_running_snapshot_20260804_231509/opt/kinetics-gateway/staging/v3_0_0_20260731T161022Z/backend/deployment/update_staged_control_on_imx93.sh
2815	2026-07-25T23:53:10.0000000000	/mnt/ems-logs/backups/frdm_kinetics_running_snapshot_20260804_231509/opt/kinetics-gateway/venv/lib/python3.13/site-packages/openpyxl/chart/shapes.py
28206	2026-08-01T10:06:09.0000000000	/mnt/ems-logs/backups/frdm_kinetics_running_snapshot_20260804_231509/opt/kinetics-gateway/venv/lib/python3.13/site-packages/pip/_internal/vcs/__pycache__/versioncontrol.cpython-313.pyc
2823	2026-07-25T23:53:07.0000000000	/mnt/ems-logs/backups/frdm_kinetics_running_snapshot_20260804_231509/opt/kinetics-gateway/venv/lib/python3.13/site-packages/uvloop/handles/fsevent.pyx
2823	2026-08-01T10:06:27.0000000000	/mnt/ems-logs/backups/frdm_kinetics_running_snapshot_20260804_231509/opt/kinetics-gateway/venv/lib/python3.13/site-packages/pygments/lexers/__pycache__/pddl.cpython-313.pyc
28270	2026-08-01T10:05:57.0000000000	/mnt/ems-logs/backups/frdm_kinetics_running_snapshot_20260804_231509/opt/kinetics-gateway/venv/lib/python3.13/site-packages/pip/_vendor/rich/__pycache__/segment.cpython-313.pyc
2828	2026-07-25T23:49:15.0000000000	/mnt/ems-logs/backups/frdm_kinetics_running_snapshot_20260804_231509/opt/kinetics-gateway/venv/lib/python3.13/site-packages/pip/_internal/req/req_set.py
2831	2026-08-01T10:06:21.0000000000	/mnt/ems-logs/backups/frdm_kinetics_running_snapshot_20260804_231509/opt/kinetics-gateway/venv/lib/python3.13/site-packages/pygments/styles/friendly_grayscale.py
28333	2026-08-01T10:06:21.0000000000	/mnt/ems-logs/backups/frdm_kinetics_running_snapshot_20260804_231509/opt/kinetics-gateway/venv/lib/python3.13/site-packages/pip/_vendor/rich/__pycache__/_win32_console.cpython-313.pyc
283450	2026-07-27T11:41:22.0000000000	/mnt/ems-logs/backups/frdm_kinetics_running_snapshot_20260804_231509/opt/kinetics-gateway/backups/v2_4_5_pcs_precharge_standby_20260728_040903/generated_protocols/pcs_catalog.json
28348	2026-08-01T10:06:21.0000000000	/mnt/ems-logs/backups/frdm_kinetics_running_snapshot_20260804_231509/opt/kinetics-gateway/venv/lib/python3.13/site-packages/pygments/lexers/business.py
2835	2026-08-01T10:06:21.0000000000	/mnt/ems-logs/backups/frdm_kinetics_running_snapshot_20260804_231509/opt/kinetics-gateway/venv/lib/python3.13/site-packages/pygments/styles/colorful.py
28356	2026-07-25T23:53:12.0000000000	/mnt/ems-logs/backups/frdm_kinetics_running_snapshot_20260804_231509/opt/kinetics-gateway/venv/lib/python3.13/site-packages/starlette/testclient.py
2837	2026-07-25T23:53:07.0000000000	/mnt/ems-logs/backups/frdm_kinetics_running_snapshot_20260804_231509/opt/kinetics-gateway/venv/lib/python3.13/site-packages/yaml/dumper.py
28406	2026-08-01T10:07:22.0000000000	/mnt/ems-logs/backups/frdm_kinetics_running_snapshot_20260804_231509/opt/kinetics-gateway/venv/lib/python3.13/site-packages/idna/__pycache__/core.cpython-313.pyc
2843	2026-07-25T23:49:15.0000000000	/mnt/ems-logs/backups/frdm_kinetics_running_snapshot_20260804_231509/opt/kinetics-gateway/venv/lib/python3.13/site-packages/pip/_vendor/rich/scope.py
2845	2026-08-01T10:06:28.0000000000	/mnt/ems-logs/backups/frdm_kinetics_running_snapshot_20260804_231509/opt/kinetics-gateway/venv/lib/python3.13/site-packages/pygments/lexers/__pycache__/scdoc.cpython-313.pyc
2846	2026-07-25T23:49:15.0000000000	/mnt/ems-logs/backups/frdm_kinetics_running_snapshot_20260804_231509/opt/kinetics-gateway/venv/lib/python3.13/site-packages/pip/_internal/models/installation_report.py
28491	2026-08-01T10:06:22.0000000000	/mnt/ems-logs/backups/frdm_kinetics_running_snapshot_20260804_231509/opt/kinetics-gateway/venv/lib/python3.13/site-packages/pygments/formatters/__pycache__/img.cpython-313.pyc
2859	2026-07-25T23:53:09.0000000000	/mnt/ems-logs/backups/frdm_kinetics_running_snapshot_20260804_231509/opt/kinetics-gateway/venv/lib/python3.13/site-packages/uvicorn/middleware/message_logger.py
2859	2026-08-01T09:57:24.0000000000	/mnt/ems-logs/backups/frdm_kinetics_running_snapshot_20260804_231509/opt/kinetics-gateway/venv/lib/python3.13/site-packages/uvicorn/__pycache__/_subprocess.cpython-313.pyc
286	2026-07-25T23:49:15.0000000000	/mnt/ems-logs/backups/frdm_kinetics_running_snapshot_20260804_231509/opt/kinetics-gateway/venv/lib/python3.13/site-packages/pip/py.typed
28614	2026-07-25T23:49:15.0000000000	/mnt/ems-logs/backups/frdm_kinetics_running_snapshot_20260804_231509/opt/kinetics-gateway/venv/lib/python3.13/site-packages/pip/_internal/operations/install/wheel.py
286146	2026-07-28T09:39:04.0000000000	/mnt/ems-logs/backups/frdm_kinetics_running_snapshot_20260804_231509/opt/kinetics-gateway/backend/generated_protocols/pcs_catalog.json
286146	2026-07-28T09:39:04.0000000000	/mnt/ems-logs/backups/frdm_kinetics_running_snapshot_20260804_231509/opt/kinetics-gateway/staging/v3_0_0_20260731T161022Z/backend/generated_protocols/pcs_catalog.json
28639	2026-07-25T23:53:07.0000000000	/mnt/ems-logs/backups/frdm_kinetics_running_snapshot_20260804_231509/opt/kinetics-gateway/venv/lib/python3.13/site-packages/yaml/constructor.py
2865	2026-07-26T15:42:11.0000000000	/mnt/ems-logs/backups/frdm_kinetics_running_snapshot_20260804_231509/opt/kinetics-gateway/backend/configs/kinetics_hardware_bms_only.json.backup_20260726_101211
2865	2026-07-26T15:42:11.0000000000	/mnt/ems-logs/backups/frdm_kinetics_running_snapshot_20260804_231509/opt/kinetics-gateway/staging/v3_0_0_20260731T161022Z/backend/configs/kinetics_hardware_bms_only.json.backup_20260726_101211
2869	2026-07-25T23:53:11.0000000000	/mnt/ems-logs/backups/frdm_kinetics_running_snapshot_20260804_231509/opt/kinetics-gateway/venv/lib/python3.13/site-packages/anyio/abc/__init__.py
2873	2026-08-01T10:06:26.0000000000	/mnt/ems-logs/backups/frdm_kinetics_running_snapshot_20260804_231509/opt/kinetics-gateway/venv/lib/python3.13/site-packages/pygments/lexers/__pycache__/kusto.cpython-313.pyc
2874	2026-07-26T15:42:23.0000000000	/mnt/ems-logs/backups/frdm_kinetics_running_snapshot_20260804_231509/opt/kinetics-gateway/backend/configs/kinetics_hardware_bms_only.json
2874	2026-07-26T15:42:23.0000000000	/mnt/ems-logs/backups/frdm_kinetics_running_snapshot_20260804_231509/opt/kinetics-gateway/staging/v3_0_0_20260731T161022Z/backend/configs/kinetics_hardware_bms_only.json
2874	2026-07-26T15:42:38.8650567170	/mnt/ems-logs/backups/frdm_kinetics_running_snapshot_20260804_231509/etc/kinetics-gateway/config.json.before_pcs1_readonly_20260727_062148
2874	2026-08-01T10:06:30.0000000000	/mnt/ems-logs/backups/frdm_kinetics_running_snapshot_20260804_231509/opt/kinetics-gateway/venv/lib/python3.13/site-packages/pygments/styles/__pycache__/autumn.cpython-313.pyc
288	2026-08-01T10:06:31.0000000000	/mnt/ems-logs/backups/frdm_kinetics_running_snapshot_20260804_231509/opt/kinetics-gateway/venv/lib/python3.13/site-packages/_pytest/config/exceptions.py
2881	2026-07-25T23:53:13.0000000000	/mnt/ems-logs/backups/frdm_kinetics_running_snapshot_20260804_231509/opt/kinetics-gateway/venv/lib/python3.13/site-packages/pydantic/v1/tools.py
28870	2026-08-01T09:57:26.0000000000	/mnt/ems-logs/backups/frdm_kinetics_running_snapshot_20260804_231509/opt/kinetics-gateway/venv/lib/python3.13/site-packages/pydantic/_internal/__pycache__/_typing_extra.cpython-313.pyc
2889	2026-08-01T10:01:22.0000000000	/mnt/ems-logs/backups/frdm_kinetics_running_snapshot_20260804_231509/opt/kinetics-gateway/venv/lib/python3.13/site-packages/pydantic/v1/__pycache__/parse.cpython-313.pyc
2890	2026-07-25T23:53:10.0000000000	/mnt/ems-logs/backups/frdm_kinetics_running_snapshot_20260804_231509/opt/kinetics-gateway/venv/lib/python3.13/site-packages/openpyxl/chart/area_chart.py
2897	2026-08-01T10:06:24.0000000000	/mnt/ems-logs/backups/frdm_kinetics_running_snapshot_20260804_231509/opt/kinetics-gateway/venv/lib/python3.13/site-packages/pygments/lexers/__pycache__/bare.cpython-313.pyc
2898	2026-08-01T10:06:23.0000000000	/mnt/ems-logs/backups/frdm_kinetics_running_snapshot_20260804_231509/opt/kinetics-gateway/venv/lib/python3.13/site-packages/pygments/lexers/__pycache__/_vbscript_builtins.cpython-313.pyc
29	2026-07-25T23:49:15.0000000000	/mnt/ems-logs/backups/frdm_kinetics_running_snapshot_20260804_231509/opt/kinetics-gateway/venv/lib/python3.13/site-packages/pip/_internal/index/__init__.py
2903	2026-07-25T23:53:06.0000000000	/mnt/ems-logs/backups/frdm_kinetics_running_snapshot_20260804_231509/opt/kinetics-gateway/venv/lib/python3.13/site-packages/websockets/extensions/base.py
2904	2026-08-01T10:06:07.0000000000	/mnt/ems-logs/backups/frdm_kinetics_running_snapshot_20260804_231509/opt/kinetics-gateway/venv/lib/python3.13/site-packages/pip/_vendor/urllib3/util/__pycache__/response.cpython-313.pyc
29046	2026-07-25T23:49:15.0000000000	/mnt/ems-logs/backups/frdm_kinetics_running_snapshot_20260804_231509/opt/kinetics-gateway/venv/lib/python3.13/site-packages/pip/_internal/operations/prepare.py
2906	2026-08-01T09:57:30.0000000000	/mnt/ems-logs/backups/frdm_kinetics_running_snapshot_20260804_231509/opt/kinetics-gateway/backend/app/protocols/__pycache__/planner.cpython-313.pyc
2907	2026-08-01T10:06:21.0000000000	/mnt/ems-logs/backups/frdm_kinetics_running_snapshot_20260804_231509/opt/kinetics-gateway/venv/lib/python3.13/site-packages/pygments/lexers/tal.py
2911	2026-08-01T10:06:25.0000000000	/mnt/ems-logs/backups/frdm_kinetics_running_snapshot_20260804_231509/opt/kinetics-gateway/venv/lib/python3.13/site-packages/pygments/lexers/__pycache__/json5.cpython-313.pyc
2912	2026-07-25T23:49:15.0000000000	/mnt/ems-logs/backups/frdm_kinetics_running_snapshot_20260804_231509/opt/kinetics-gateway/venv/lib/python3.13/site-packages/pip/_vendor/requests/structures.py
2913	2026-08-01T10:06:27.0000000000	/mnt/ems-logs/backups/frdm_kinetics_running_snapshot_20260804_231509/opt/kinetics-gateway/venv/lib/python3.13/site-packages/pygments/lexers/__pycache__/parasail.cpython-313.pyc
2914	2026-07-25T23:53:10.0000000000	/mnt/ems-logs/backups/frdm_kinetics_running_snapshot_20260804_231509/opt/kinetics-gateway/venv/lib/python3.13/site-packages/openpyxl/chart/surface_chart.py
2914	2026-08-01T10:06:01.0000000000	/mnt/ems-logs/backups/frdm_kinetics_running_snapshot_20260804_231509/opt/kinetics-gateway/venv/lib/python3.13/site-packages/pip/_internal/metadata/__pycache__/_json.cpython-313.pyc
2916	2026-07-25T23:53:09.0000000000	/mnt/ems-logs/backups/frdm_kinetics_running_snapshot_20260804_231509/opt/kinetics-gateway/venv/lib/python3.13/site-packages/uvicorn/_compat.py
292	2026-07-25T23:53:08.0000000000	/mnt/ems-logs/backups/frdm_kinetics_running_snapshot_20260804_231509/opt/kinetics-gateway/venv/lib/python3.13/site-packages/httptools/parser/url_parser.pyi
2920	2026-07-25T23:49:15.0000000000	/mnt/ems-logs/backups/frdm_kinetics_running_snapshot_20260804_231509/opt/kinetics-gateway/venv/lib/python3.13/site-packages/pip/_internal/models/wheel.py
2921	2026-08-01T10:06:11.0000000000	/mnt/ems-logs/backups/frdm_kinetics_running_snapshot_20260804_231509/opt/kinetics-gateway/venv/lib/python3.13/site-packages/pip/_internal/distributions/__pycache__/base.cpython-313.pyc
2923	2026-07-25T23:53:09.0000000000	/mnt/ems-logs/backups/frdm_kinetics_running_snapshot_20260804_231509/opt/kinetics-gateway/venv/lib/python3.13/site-packages/uvicorn/supervisors/watchfilesreload.py
2930	2026-08-01T10:06:21.0000000000	/mnt/ems-logs/backups/frdm_kinetics_running_snapshot_20260804_231509/opt/kinetics-gateway/venv/lib/python3.13/site-packages/pygments/lexers/resource.py
2935	2026-07-27T13:14:09.0000000000	/mnt/ems-logs/backups/frdm_kinetics_running_snapshot_20260804_231509/opt/kinetics-gateway/backend/deployment/enable_staged_control_on_imx93.sh
2935	2026-07-27T13:14:09.0000000000	/mnt/ems-logs/backups/frdm_kinetics_running_snapshot_20260804_231509/opt/kinetics-gateway/staging/v3_0_0_20260731T161022Z/backend/deployment/enable_staged_control_on_imx93.sh
2939	2026-08-01T09:57:24.0000000000	/mnt/ems-logs/backups/frdm_kinetics_running_snapshot_20260804_231509/opt/kinetics-gateway/venv/lib/python3.13/site-packages/click/__pycache__/globals.cpython-313.pyc
294	2026-07-26T16:46:19.7260192860	/mnt/ems-logs/backups/frdm_kinetics_running_snapshot_20260804_231509/etc/kinetics-gateway/network.conf
2943	2026-08-01T10:06:28.0000000000	/mnt/ems-logs/backups/frdm_kinetics_running_snapshot_20260804_231509/opt/kinetics-gateway/venv/lib/python3.13/site-packages/pygments/lexers/__pycache__/rell.cpython-313.pyc
2943	2026-08-01T10:12:13.0000000000	/mnt/ems-logs/backups/frdm_kinetics_running_snapshot_20260804_231509/opt/kinetics-gateway/backend/.pytest_cache/v/cache/nodeids
2946	2026-07-25T23:53:13.0000000000	/mnt/ems-logs/backups/frdm_kinetics_running_snapshot_20260804_231509/opt/kinetics-gateway/venv/lib/python3.13/site-packages/pydantic/v1/__init__.py
2947	2026-08-01T10:06:31.0000000000	/mnt/ems-logs/backups/frdm_kinetics_running_snapshot_20260804_231509/opt/kinetics-gateway/venv/lib/python3.13/site-packages/_pytest/config/compat.py
2951	2026-08-01T10:06:10.0000000000	/mnt/ems-logs/backups/frdm_kinetics_running_snapshot_20260804_231509/opt/kinetics-gateway/venv/lib/python3.13/site-packages/pip/_vendor/rich/__pycache__/filesize.cpython-313.pyc
2957	2026-07-25T23:53:10.0000000000	/mnt/ems-logs/backups/frdm_kinetics_running_snapshot_20260804_231509/opt/kinetics-gateway/venv/lib/python3.13/site-packages/openpyxl/utils/dataframe.py
29579	2026-07-25T23:53:12.0000000000	/mnt/ems-logs/backups/frdm_kinetics_running_snapshot_20260804_231509/opt/kinetics-gateway/venv/lib/python3.13/site-packages/starlette/routing.py
2962	2026-08-01T10:06:21.0000000000	/mnt/ems-logs/backups/frdm_kinetics_running_snapshot_20260804_231509/opt/kinetics-gateway/venv/lib/python3.13/site-packages/pygments/__init__.py
2967	2026-08-01T10:06:25.0000000000	/mnt/ems-logs/backups/frdm_kinetics_running_snapshot_20260804_231509/opt/kinetics-gateway/venv/lib/python3.13/site-packages/pygments/lexers/__pycache__/jsx.cpython-313.pyc
2967	2026-08-01T10:06:30.0000000000	/mnt/ems-logs/backups/frdm_kinetics_running_snapshot_20260804_231509/opt/kinetics-gateway/venv/lib/python3.13/site-packages/pygments/styles/__pycache__/native.cpython-313.pyc
2970	2026-07-25T23:53:12.0000000000	/mnt/ems-logs/backups/frdm_kinetics_running_snapshot_20260804_231509/opt/kinetics-gateway/venv/lib/python3.13/site-packages/starlette/_utils.py
29708	2026-08-01T10:06:25.0000000000	/mnt/ems-logs/backups/frdm_kinetics_running_snapshot_20260804_231509/opt/kinetics-gateway/venv/lib/python3.13/site-packages/pygments/lexers/__pycache__/graphics.cpython-313.pyc
2971	2026-07-26T21:34:57.0000000000	/mnt/ems-logs/backups/frdm_kinetics_running_snapshot_20260804_231509/opt/kinetics-gateway/backend/tools/pcs_rtu_probe.py
2971	2026-07-26T21:34:57.0000000000	/mnt/ems-logs/backups/frdm_kinetics_running_snapshot_20260804_231509/opt/kinetics-gateway/staging/v3_0_0_20260731T161022Z/backend/tools/pcs_rtu_probe.py
29711	2026-08-01T09:57:23.0000000000	/mnt/ems-logs/backups/frdm_kinetics_running_snapshot_20260804_231509/opt/kinetics-gateway/venv/lib/python3.13/site-packages/uvicorn/__pycache__/config.cpython-313.pyc
2972	2026-08-01T10:06:25.0000000000	/mnt/ems-logs/backups/frdm_kinetics_running_snapshot_20260804_231509/opt/kinetics-gateway/venv/lib/python3.13/site-packages/pygments/lexers/__pycache__/hare.cpython-313.pyc
2973	2026-08-01T10:06:29.0000000000	/mnt/ems-logs/backups/frdm_kinetics_running_snapshot_20260804_231509/opt/kinetics-gateway/venv/lib/python3.13/site-packages/pygments/lexers/__pycache__/verifpal.cpython-313.pyc
29794	2026-08-01T09:57:29.0000000000	/mnt/ems-logs/backups/frdm_kinetics_running_snapshot_20260804_231509/opt/kinetics-gateway/venv/lib/python3.13/site-packages/pydantic/__pycache__/color.cpython-313.pyc
298	2026-08-01T10:01:23.0000000000	/mnt/ems-logs/backups/frdm_kinetics_running_snapshot_20260804_231509/opt/kinetics-gateway/venv/lib/python3.13/site-packages/websockets/extensions/__pycache__/__init__.cpython-313.pyc
2983	2026-07-25T23:49:15.0000000000	/mnt/ems-logs/backups/frdm_kinetics_running_snapshot_20260804_231509/opt/kinetics-gateway/venv/lib/python3.13/site-packages/pip/_vendor/pygments/__init__.py
2992	2026-08-01T10:06:21.0000000000	/mnt/ems-logs/backups/frdm_kinetics_running_snapshot_20260804_231509/opt/kinetics-gateway/venv/lib/python3.13/site-packages/pygments/lexers/pddl.py
2993	2026-08-01T10:06:29.0000000000	/mnt/ems-logs/backups/frdm_kinetics_running_snapshot_20260804_231509/opt/kinetics-gateway/venv/lib/python3.13/site-packages/pygments/lexers/__pycache__/tal.cpython-313.pyc
2997	2026-07-26T00:10:12.0000000000	/mnt/ems-logs/backups/frdm_kinetics_running_snapshot_20260804_231509/opt/kinetics-gateway/venv/lib/python3.13/site-packages/httpcore2/_backends/base.py
29988	2026-08-01T10:01:23.0000000000	/mnt/ems-logs/backups/frdm_kinetics_running_snapshot_20260804_231509/opt/kinetics-gateway/venv/lib/python3.13/site-packages/uvicorn/protocols/websockets/__pycache__/websockets_sansio_impl.cpython-313.pyc
30	2026-08-04T23:15:29.6969473170	/mnt/ems-logs/backups/frdm_kinetics_running_snapshot_20260804_231509/metadata/gateway_working_directory.txt
30	2026-08-04T23:15:29.7719914730	/mnt/ems-logs/backups/frdm_kinetics_running_snapshot_20260804_231509/metadata/scheduler_working_directory.txt
3005	2026-08-01T10:06:21.0000000000	/mnt/ems-logs/backups/frdm_kinetics_running_snapshot_20260804_231509/opt/kinetics-gateway/venv/lib/python3.13/site-packages/pygments/lexers/ooc.py
3005	2026-08-01T10:06:22.0000000000	/mnt/ems-logs/backups/frdm_kinetics_running_snapshot_20260804_231509/opt/kinetics-gateway/venv/lib/python3.13/site-packages/pygments/formatters/__pycache__/pangomarkup.cpython-313.pyc
3006	2026-08-01T10:06:25.0000000000	/mnt/ems-logs/backups/frdm_kinetics_running_snapshot_20260804_231509/opt/kinetics-gateway/venv/lib/python3.13/site-packages/pygments/lexers/__pycache__/floscript.cpython-313.pyc
3013	2026-08-01T10:01:23.0000000000	/mnt/ems-logs/backups/frdm_kinetics_running_snapshot_20260804_231509/opt/kinetics-gateway/venv/lib/python3.13/site-packages/websockets/__pycache__/version.cpython-313.pyc
3013	2026-08-01T10:06:24.0000000000	/mnt/ems-logs/backups/frdm_kinetics_running_snapshot_20260804_231509/opt/kinetics-gateway/venv/lib/python3.13/site-packages/pygments/lexers/__pycache__/eiffel.cpython-313.pyc
3013	2026-08-01T10:06:30.0000000000	/mnt/ems-logs/backups/frdm_kinetics_running_snapshot_20260804_231509/opt/kinetics-gateway/venv/lib/python3.13/site-packages/pygments/styles/__pycache__/inkpot.cpython-313.pyc
3014	2026-07-25T23:49:15.0000000000	/mnt/ems-logs/backups/frdm_kinetics_running_snapshot_20260804_231509/opt/kinetics-gateway/venv/lib/python3.13/site-packages/pip/_vendor/urllib3/http2/probe.py
30173	2026-08-01T10:06:17.0000000000	/mnt/ems-logs/backups/frdm_kinetics_running_snapshot_20260804_231509/opt/kinetics-gateway/venv/lib/python3.13/site-packages/pip/_internal/resolution/resolvelib/__pycache__/candidates.cpython-313.pyc
302	2026-07-25T23:56:52.0000000000	/mnt/ems-logs/backups/frdm_kinetics_running_snapshot_20260804_231509/opt/kinetics-gateway/backend/.pytest_cache/README.md
302	2026-07-25T23:56:52.0000000000	/mnt/ems-logs/backups/frdm_kinetics_running_snapshot_20260804_231509/opt/kinetics-gateway/staging/v3_0_0_20260731T161022Z/backend/.pytest_cache/README.md
3022	2026-08-01T10:01:13.0000000000	/mnt/ems-logs/backups/frdm_kinetics_running_snapshot_20260804_231509/opt/kinetics-gateway/venv/lib/python3.13/site-packages/serial/__pycache__/__init__.cpython-313.pyc
3023	2026-08-01T10:06:21.0000000000	/mnt/ems-logs/backups/frdm_kinetics_running_snapshot_20260804_231509/opt/kinetics-gateway/venv/lib/python3.13/site-packages/pygments/lexers/bare.py
303	2026-07-25T23:49:15.0000000000	/mnt/ems-logs/backups/frdm_kinetics_running_snapshot_20260804_231509/opt/kinetics-gateway/venv/lib/python3.13/site-packages/pip/_vendor/cachecontrol/caches/__init__.py
303	2026-07-26T16:47:36.2932905930	/mnt/ems-logs/backups/frdm_kinetics_running_snapshot_20260804_231509/systemd/kinetics-network-guard.service
30359	2026-08-01T10:01:22.0000000000	/mnt/ems-logs/backups/frdm_kinetics_running_snapshot_20260804_231509/opt/kinetics-gateway/venv/lib/python3.13/site-packages/pydantic/v1/__pycache__/networks.cpython-313.pyc
3039	2026-08-01T10:05:59.0000000000	/mnt/ems-logs/backups/frdm_kinetics_running_snapshot_20260804_231509/opt/kinetics-gateway/venv/lib/python3.13/site-packages/pip/_internal/utils/__pycache__/compat.cpython-313.pyc
304	2026-07-26T15:42:12.7446721250	/mnt/ems-logs/backups/frdm_kinetics_running_snapshot_20260804_231509/etc/kinetics-gateway/network.conf.backup_20260726_101211
3041	2026-07-25T23:49:15.0000000000	/mnt/ems-logs/backups/frdm_kinetics_running_snapshot_20260804_231509/opt/kinetics-gateway/venv/lib/python3.13/site-packages/pip/_internal/req/__init__.py
3043	2026-08-01T09:57:24.0000000000	/mnt/ems-logs/backups/frdm_kinetics_running_snapshot_20260804_231509/opt/kinetics-gateway/venv/lib/python3.13/site-packages/anyio/abc/__pycache__/_testing.cpython-313.pyc
3044	2026-08-01T10:08:09.0000000000	/mnt/ems-logs/backups/frdm_kinetics_running_snapshot_20260804_231509/opt/kinetics-gateway/backend/tests/__pycache__/test_codec.cpython-313-pytest-8.4.2.pyc
3045	2026-07-25T23:53:10.0000000000	/mnt/ems-logs/backups/frdm_kinetics_running_snapshot_20260804_231509/opt/kinetics-gateway/venv/lib/python3.13/site-packages/openpyxl/chart/trendline.py
30451	2026-08-01T10:01:23.0000000000	/mnt/ems-logs/backups/frdm_kinetics_running_snapshot_20260804_231509/opt/kinetics-gateway/venv/lib/python3.13/site-packages/uvicorn/protocols/http/__pycache__/httptools_impl.cpython-313.pyc
3047	2026-08-01T10:06:30.0000000000	/mnt/ems-logs/backups/frdm_kinetics_running_snapshot_20260804_231509/opt/kinetics-gateway/venv/lib/python3.13/site-packages/pygments/styles/__pycache__/dracula.cpython-313.pyc
306	2026-07-25T23:53:10.0000000000	/mnt/ems-logs/backups/frdm_kinetics_running_snapshot_20260804_231509/opt/kinetics-gateway/venv/lib/python3.13/site-packages/openpyxl/_constants.py
3061	2026-08-01T10:06:30.0000000000	/mnt/ems-logs/backups/frdm_kinetics_running_snapshot_20260804_231509/opt/kinetics-gateway/venv/lib/python3.13/site-packages/pygments/styles/__pycache__/perldoc.cpython-313.pyc
30645	2026-07-25T23:49:15.0000000000	/mnt/ems-logs/backups/frdm_kinetics_running_snapshot_20260804_231509/opt/kinetics-gateway/venv/lib/python3.13/site-packages/pip/_vendor/requests/sessions.py
3065	2026-08-01T10:06:31.0000000000	/mnt/ems-logs/backups/frdm_kinetics_running_snapshot_20260804_231509/opt/kinetics-gateway/venv/lib/python3.13/site-packages/_pytest/timing.py
30659	2026-08-01T10:06:28.0000000000	/mnt/ems-logs/backups/frdm_kinetics_running_snapshot_20260804_231509/opt/kinetics-gateway/venv/lib/python3.13/site-packages/pygments/lexers/__pycache__/robotframework.cpython-313.pyc
3066	2026-08-01T09:57:25.0000000000	/mnt/ems-logs/backups/frdm_kinetics_running_snapshot_20260804_231509/opt/kinetics-gateway/venv/lib/python3.13/site-packages/starlette/__pycache__/exceptions.cpython-313.pyc
30678	2026-08-01T10:06:25.0000000000	/mnt/ems-logs/backups/frdm_kinetics_running_snapshot_20260804_231509/opt/kinetics-gateway/venv/lib/python3.13/site-packages/pygments/lexers/__pycache__/haskell.cpython-313.pyc
30705	2026-08-01T10:06:24.0000000000	/mnt/ems-logs/backups/frdm_kinetics_running_snapshot_20260804_231509/opt/kinetics-gateway/venv/lib/python3.13/site-packages/pygments/lexers/__pycache__/_vim_builtins.cpython-313.pyc
30709	2026-08-01T10:06:33.0000000000	/mnt/ems-logs/backups/frdm_kinetics_running_snapshot_20260804_231509/opt/kinetics-gateway/venv/lib/python3.13/site-packages/_pytest/__pycache__/nodes.cpython-313.pyc
3072	2026-07-25T23:49:15.0000000000	/mnt/ems-logs/backups/frdm_kinetics_running_snapshot_20260804_231509/opt/kinetics-gateway/venv/lib/python3.13/site-packages/pip/_vendor/pygments/regexopt.py
308	2026-07-26T15:35:26.0000000000	/mnt/ems-logs/backups/frdm_kinetics_running_snapshot_20260804_231509/opt/kinetics-gateway/backend/deployment/network/shared-switch.conf
308	2026-07-26T15:35:26.0000000000	/mnt/ems-logs/backups/frdm_kinetics_running_snapshot_20260804_231509/opt/kinetics-gateway/staging/v3_0_0_20260731T161022Z/backend/deployment/network/shared-switch.conf
308	2026-08-01T10:05:58.0000000000	/mnt/ems-logs/backups/frdm_kinetics_running_snapshot_20260804_231509/opt/kinetics-gateway/venv/lib/python3.13/site-packages/pip/_vendor/rich/__pycache__/themes.cpython-313.pyc
30803	2026-08-01T10:06:21.0000000000	/mnt/ems-logs/backups/frdm_kinetics_running_snapshot_20260804_231509/opt/kinetics-gateway/venv/lib/python3.13/site-packages/pygments/lexers/apdlexer.py
3087	2026-07-25T23:53:10.0000000000	/mnt/ems-logs/backups/frdm_kinetics_running_snapshot_20260804_231509/opt/kinetics-gateway/venv/lib/python3.13/site-packages/openpyxl/worksheet/properties.py
3090	2026-08-01T10:06:31.0000000000	/mnt/ems-logs/backups/frdm_kinetics_running_snapshot_20260804_231509/opt/kinetics-gateway/venv/lib/python3.13/site-packages/_pytest/stash.py
3092	2026-07-25T23:49:15.0000000000	/mnt/ems-logs/backups/frdm_kinetics_running_snapshot_20260804_231509/opt/kinetics-gateway/venv/lib/python3.13/site-packages/pip/_vendor/pygments/scanner.py
3095	2026-08-01T10:06:21.0000000000	/mnt/ems-logs/backups/frdm_kinetics_running_snapshot_20260804_231509/opt/kinetics-gateway/venv/lib/python3.13/site-packages/pygments/scanner.py
3097	2026-07-25T23:53:10.0000000000	/mnt/ems-logs/backups/frdm_kinetics_running_snapshot_20260804_231509/opt/kinetics-gateway/venv/lib/python3.13/site-packages/openpyxl/cell/read_only.py
3098	2026-07-25T23:53:10.0000000000	/mnt/ems-logs/backups/frdm_kinetics_running_snapshot_20260804_231509/opt/kinetics-gateway/venv/lib/python3.13/site-packages/openpyxl/chart/reference.py
3098	2026-08-01T10:06:30.0000000000	/mnt/ems-logs/backups/frdm_kinetics_running_snapshot_20260804_231509/opt/kinetics-gateway/venv/lib/python3.13/site-packages/pluggy/_result.py
3099	2026-07-25T23:49:15.0000000000	/mnt/ems-logs/backups/frdm_kinetics_running_snapshot_20260804_231509/opt/kinetics-gateway/venv/lib/python3.13/site-packages/pip/_internal/commands/freeze.py
30992	2026-08-01T10:06:21.0000000000	/mnt/ems-logs/backups/frdm_kinetics_running_snapshot_20260804_231509/opt/kinetics-gateway/venv/lib/python3.13/site-packages/pygments/lexers/pascal.py
3104	2026-07-25T23:53:10.0000000000	/mnt/ems-logs/backups/frdm_kinetics_running_snapshot_20260804_231509/opt/kinetics-gateway/venv/lib/python3.13/site-packages/openpyxl/chart/_3d.py
311	2026-08-01T10:06:08.0000000000	/mnt/ems-logs/backups/frdm_kinetics_running_snapshot_20260804_231509/opt/kinetics-gateway/venv/lib/python3.13/site-packages/pip/_vendor/certifi/__pycache__/__init__.cpython-313.pyc
3115	2026-08-01T09:57:29.0000000000	/mnt/ems-logs/backups/frdm_kinetics_running_snapshot_20260804_231509/opt/kinetics-gateway/venv/lib/python3.13/site-packages/starlette/__pycache__/_exception_handler.cpython-313.pyc
31169	2026-08-01T10:06:21.0000000000	/mnt/ems-logs/backups/frdm_kinetics_running_snapshot_20260804_231509/opt/kinetics-gateway/venv/lib/python3.13/site-packages/pygments/lexers/haxe.py
31182	2026-07-25T23:53:10.0000000000	/mnt/ems-logs/backups/frdm_kinetics_running_snapshot_20260804_231509/opt/kinetics-gateway/venv/lib/python3.13/site-packages/openpyxl/styles/builtins.py
3119	2026-08-01T10:06:30.0000000000	/mnt/ems-logs/backups/frdm_kinetics_running_snapshot_20260804_231509/opt/kinetics-gateway/venv/lib/python3.13/site-packages/pygments/lexers/__pycache__/wren.cpython-313.pyc
312	2026-08-01T09:57:29.0000000000	/mnt/ems-logs/backups/frdm_kinetics_running_snapshot_20260804_231509/opt/kinetics-gateway/venv/lib/python3.13/site-packages/fastapi/__pycache__/websockets.cpython-313.pyc
3125	2026-07-25T23:53:06.0000000000	/mnt/ems-logs/backups/frdm_kinetics_running_snapshot_20260804_231509/opt/kinetics-gateway/venv/lib/python3.13/site-packages/websockets/uri.py
31254	2026-08-01T10:06:32.0000000000	/mnt/ems-logs/backups/frdm_kinetics_running_snapshot_20260804_231509/opt/kinetics-gateway/venv/lib/python3.13/site-packages/_pytest/__pycache__/cacheprovider.cpython-313.pyc
313	2026-07-25T23:53:10.0000000000	/mnt/ems-logs/backups/frdm_kinetics_running_snapshot_20260804_231509/opt/kinetics-gateway/venv/lib/python3.13/site-packages/openpyxl/descriptors/namespace.py
31323	2026-08-01T10:06:31.0000000000	/mnt/ems-logs/backups/frdm_kinetics_running_snapshot_20260804_231509/opt/kinetics-gateway/venv/lib/python3.13/site-packages/_pytest/python_api.py
31347	2026-07-25T23:53:06.0000000000	/mnt/ems-logs/backups/frdm_kinetics_running_snapshot_20260804_231509/opt/kinetics-gateway/venv/lib/python3.13/site-packages/websockets/asyncio/client.py
31358	2026-07-25T23:53:11.0000000000	/mnt/ems-logs/backups/frdm_kinetics_running_snapshot_20260804_231509/opt/kinetics-gateway/venv/lib/python3.13/site-packages/anyio/_core/_fileio.py
3136	2026-07-25T23:53:15.0000000000	/mnt/ems-logs/backups/frdm_kinetics_running_snapshot_20260804_231509/opt/kinetics-gateway/venv/lib/python3.13/site-packages/fastapi/security/open_id_connect_url.py
3137	2026-07-25T23:49:15.0000000000	/mnt/ems-logs/backups/frdm_kinetics_running_snapshot_20260804_231509/opt/kinetics-gateway/venv/lib/python3.13/site-packages/pip/_internal/cli/main.py
3138	2026-08-01T10:06:21.0000000000	/mnt/ems-logs/backups/frdm_kinetics_running_snapshot_20260804_231509/opt/kinetics-gateway/venv/lib/python3.13/site-packages/pygments/lexers/inferno.py
3138	2026-08-01T10:06:27.0000000000	/mnt/ems-logs/backups/frdm_kinetics_running_snapshot_20260804_231509/opt/kinetics-gateway/venv/lib/python3.13/site-packages/pygments/lexers/__pycache__/ooc.cpython-313.pyc
314	2026-07-25T23:49:15.0000000000	/mnt/ems-logs/backups/frdm_kinetics_running_snapshot_20260804_231509/opt/kinetics-gateway/venv/lib/python3.13/site-packages/pip/_vendor/tomli/__init__.py
3142	2026-08-01T09:57:24.0000000000	/mnt/ems-logs/backups/frdm_kinetics_running_snapshot_20260804_231509/opt/kinetics-gateway/venv/lib/python3.13/site-packages/anyio/__pycache__/to_thread.cpython-313.pyc
3142	2026-08-01T10:06:01.0000000000	/mnt/ems-logs/backups/frdm_kinetics_running_snapshot_20260804_231509/opt/kinetics-gateway/venv/lib/python3.13/site-packages/pip/_internal/utils/__pycache__/egg_link.cpython-313.pyc
3142	2026-08-01T10:06:28.0000000000	/mnt/ems-logs/backups/frdm_kinetics_running_snapshot_20260804_231509/opt/kinetics-gateway/venv/lib/python3.13/site-packages/pygments/lexers/__pycache__/smithy.cpython-313.pyc
31434	2026-08-01T09:57:28.0000000000	/mnt/ems-logs/backups/frdm_kinetics_running_snapshot_20260804_231509/opt/kinetics-gateway/venv/lib/python3.13/site-packages/starlette/__pycache__/responses.cpython-313.pyc
3145	2026-07-25T23:49:15.0000000000	/mnt/ems-logs/backups/frdm_kinetics_running_snapshot_20260804_231509/opt/kinetics-gateway/venv/lib/python3.13/site-packages/pip/_internal/req/req_dependency_group.py
3146	2026-08-01T09:57:24.0000000000	/mnt/ems-logs/backups/frdm_kinetics_running_snapshot_20260804_231509/opt/kinetics-gateway/venv/lib/python3.13/site-packages/anyio/abc/__pycache__/_subprocesses.cpython-313.pyc
3147	2026-08-01T10:06:31.0000000000	/mnt/ems-logs/backups/frdm_kinetics_running_snapshot_20260804_231509/opt/kinetics-gateway/venv/lib/python3.13/site-packages/_pytest/deprecated.py
31471	2026-08-01T10:06:31.0000000000	/mnt/ems-logs/backups/frdm_kinetics_running_snapshot_20260804_231509/opt/kinetics-gateway/venv/lib/python3.13/site-packages/packaging/__pycache__/metadata.cpython-313.pyc
3148	2026-08-01T10:06:24.0000000000	/mnt/ems-logs/backups/frdm_kinetics_running_snapshot_20260804_231509/opt/kinetics-gateway/venv/lib/python3.13/site-packages/pygments/lexers/__pycache__/ambient.cpython-313.pyc
31501	2026-08-01T10:01:22.0000000000	/mnt/ems-logs/backups/frdm_kinetics_running_snapshot_20260804_231509/opt/kinetics-gateway/venv/lib/python3.13/site-packages/pydantic/v1/__pycache__/errors.cpython-313.pyc
3152	2026-08-01T10:01:23.0000000000	/mnt/ems-logs/backups/frdm_kinetics_running_snapshot_20260804_231509/opt/kinetics-gateway/venv/lib/python3.13/site-packages/uvicorn/protocols/http/__pycache__/flow_control.cpython-313.pyc
3155	2026-08-01T10:06:21.0000000000	/mnt/ems-logs/backups/frdm_kinetics_running_snapshot_20260804_231509/opt/kinetics-gateway/venv/lib/python3.13/site-packages/pygments/lexers/elm.py
31557	2026-07-25T23:53:13.0000000000	/mnt/ems-logs/backups/frdm_kinetics_running_snapshot_20260804_231509/opt/kinetics-gateway/venv/lib/python3.13/site-packages/pydantic/_internal/_fields.py
3156	2026-08-01T10:06:44.0000000000	/mnt/ems-logs/backups/frdm_kinetics_running_snapshot_20260804_231509/opt/kinetics-gateway/venv/lib/python3.13/site-packages/anyio/abc/__pycache__/_testing.cpython-313-pytest-8.4.2.pyc
3157	2026-07-25T23:53:13.0000000000	/mnt/ems-logs/backups/frdm_kinetics_running_snapshot_20260804_231509/opt/kinetics-gateway/venv/lib/python3.13/site-packages/pydantic/v1/annotated_types.py
31574	2026-07-25T23:53:13.0000000000	/mnt/ems-logs/backups/frdm_kinetics_running_snapshot_20260804_231509/opt/kinetics-gateway/venv/lib/python3.13/site-packages/pydantic/_internal/_typing_extra.py
3159	2026-07-27T09:05:59.0000000000	/mnt/ems-logs/backups/frdm_kinetics_running_snapshot_20260804_231509/opt/kinetics-gateway/venv/lib/python3.13/site-packages/serial/urlhandler/protocol_hwgrep.py
316	2026-07-25T23:49:15.0000000000	/mnt/ems-logs/backups/frdm_kinetics_running_snapshot_20260804_231509/opt/kinetics-gateway/venv/lib/python3.13/site-packages/pip/_vendor/idna/compat.py
316	2026-07-25T23:49:15.0000000000	/mnt/ems-logs/backups/frdm_kinetics_running_snapshot_20260804_231509/opt/kinetics-gateway/venv/lib/python3.13/site-packages/pip/_vendor/vendor.txt
31636	2026-08-01T10:06:21.0000000000	/mnt/ems-logs/backups/frdm_kinetics_running_snapshot_20260804_231509/opt/kinetics-gateway/venv/lib/python3.13/site-packages/pygments/lexers/igor.py
3166	2026-08-01T10:06:21.0000000000	/mnt/ems-logs/backups/frdm_kinetics_running_snapshot_20260804_231509/opt/kinetics-gateway/venv/lib/python3.13/site-packages/pygments/lexers/solidity.py
3167	2026-08-01T10:06:31.0000000000	/mnt/ems-logs/backups/frdm_kinetics_running_snapshot_20260804_231509/opt/kinetics-gateway/venv/lib/python3.13/site-packages/_pytest/setuponly.py
317	2026-07-27T09:05:59.0000000000	/mnt/ems-logs/backups/frdm_kinetics_running_snapshot_20260804_231509/opt/kinetics-gateway/venv/lib/python3.13/site-packages/serial/urlhandler/protocol_rfc2217.py
31724	2026-07-25T23:53:13.0000000000	/mnt/ems-logs/backups/frdm_kinetics_running_snapshot_20260804_231509/opt/kinetics-gateway/venv/lib/python3.13/site-packages/pydantic/functional_validators.py
31730	2026-07-25T23:53:08.0000000000	/mnt/ems-logs/backups/frdm_kinetics_running_snapshot_20260804_231509/opt/kinetics-gateway/venv/lib/python3.13/site-packages/click/_termui_impl.py
3174	2026-07-25T23:53:07.0000000000	/mnt/ems-logs/backups/frdm_kinetics_running_snapshot_20260804_231509/opt/kinetics-gateway/venv/lib/python3.13/site-packages/jwt/types.py
3175	2026-08-01T10:06:21.0000000000	/mnt/ems-logs/backups/frdm_kinetics_running_snapshot_20260804_231509/opt/kinetics-gateway/venv/lib/python3.13/site-packages/pygments/styles/lightbulb.py
31791	2026-07-25T23:53:07.0000000000	/mnt/ems-logs/backups/frdm_kinetics_running_snapshot_20260804_231509/opt/kinetics-gateway/venv/lib/python3.13/site-packages/uvloop/handles/stream.pyx
3181	2026-08-01T10:06:21.0000000000	/mnt/ems-logs/backups/frdm_kinetics_running_snapshot_20260804_231509/opt/kinetics-gateway/venv/lib/python3.13/site-packages/pygments/styles/lovelace.py
3182	2026-08-01T10:06:21.0000000000	/mnt/ems-logs/backups/frdm_kinetics_running_snapshot_20260804_231509/opt/kinetics-gateway/venv/lib/python3.13/site-packages/pygments/lexers/comal.py
3182	2026-08-01T10:06:28.0000000000	/mnt/ems-logs/backups/frdm_kinetics_running_snapshot_20260804_231509/opt/kinetics-gateway/venv/lib/python3.13/site-packages/pygments/lexers/__pycache__/spice.cpython-313.pyc
3184	2026-07-25T23:49:15.0000000000	/mnt/ems-logs/backups/frdm_kinetics_running_snapshot_20260804_231509/opt/kinetics-gateway/venv/lib/python3.13/site-packages/pip/_internal/commands/inspect.py
3184	2026-07-26T00:10:12.0000000000	/mnt/ems-logs/backups/frdm_kinetics_running_snapshot_20260804_231509/opt/kinetics-gateway/venv/lib/python3.13/site-packages/httpcore2/_api.py
31845	2026-07-25T23:49:15.0000000000	/mnt/ems-logs/backups/frdm_kinetics_running_snapshot_20260804_231509/opt/kinetics-gateway/venv/lib/python3.13/site-packages/pip/_internal/req/req_install.py
320	2026-07-27T09:05:59.0000000000	/mnt/ems-logs/backups/frdm_kinetics_running_snapshot_20260804_231509/opt/kinetics-gateway/venv/lib/python3.13/site-packages/pyserial-3.5.dist-info/DESCRIPTION.rst
32024	2026-08-01T10:06:21.0000000000	/mnt/ems-logs/backups/frdm_kinetics_running_snapshot_20260804_231509/opt/kinetics-gateway/venv/lib/python3.13/site-packages/pygments/lexers/c_like.py
3204	2026-07-25T23:53:06.0000000000	/mnt/ems-logs/backups/frdm_kinetics_running_snapshot_20260804_231509/opt/kinetics-gateway/venv/lib/python3.13/site-packages/websockets/version.py
32061	2026-08-01T10:01:22.0000000000	/mnt/ems-logs/backups/frdm_kinetics_running_snapshot_20260804_231509/opt/kinetics-gateway/venv/lib/python3.13/site-packages/pydantic/v1/__pycache__/validators.cpython-313.pyc
321	2026-07-23T18:29:28.5053683620	/mnt/ems-logs/backups/frdm_kinetics_running_snapshot_20260804_231509/systemd/cloudflared.service
3211	2026-07-25T23:49:15.0000000000	/mnt/ems-logs/backups/frdm_kinetics_running_snapshot_20260804_231509/opt/kinetics-gateway/venv/lib/python3.13/site-packages/pip/_vendor/packaging/_elffile.py
3211	2026-08-01T10:06:21.0000000000	/mnt/ems-logs/backups/frdm_kinetics_running_snapshot_20260804_231509/opt/kinetics-gateway/venv/lib/python3.13/site-packages/pygments/__pycache__/filter.cpython-313.pyc
3211	2026-08-01T10:06:30.0000000000	/mnt/ems-logs/backups/frdm_kinetics_running_snapshot_20260804_231509/opt/kinetics-gateway/venv/lib/python3.13/site-packages/packaging/_elffile.py
32111	2026-08-01T10:07:17.0000000000	/mnt/ems-logs/backups/frdm_kinetics_running_snapshot_20260804_231509/opt/kinetics-gateway/backend/tests/__pycache__/test_bms_pcs_control.cpython-313.pyc
3212	2026-07-27T09:05:59.0000000000	/mnt/ems-logs/backups/frdm_kinetics_running_snapshot_20260804_231509/opt/kinetics-gateway/venv/lib/python3.13/site-packages/serial/__init__.py
3212	2026-08-01T10:06:21.0000000000	/mnt/ems-logs/backups/frdm_kinetics_running_snapshot_20260804_231509/opt/kinetics-gateway/venv/lib/python3.13/site-packages/pygments/lexers/berry.py
32135	2026-07-29T20:29:12.0000000000	/mnt/ems-logs/backups/frdm_kinetics_running_snapshot_20260804_231509/opt/kinetics-gateway/backups/v3_0_0_incremental_before_20260731T161451Z/app/api/routes.py
3214	2026-08-01T10:06:21.0000000000	/mnt/ems-logs/backups/frdm_kinetics_running_snapshot_20260804_231509/opt/kinetics-gateway/venv/lib/python3.13/site-packages/pygments/lexers/carbon.py
32166	2026-07-25T23:49:15.0000000000	/mnt/ems-logs/backups/frdm_kinetics_running_snapshot_20260804_231509/opt/kinetics-gateway/venv/lib/python3.13/site-packages/pip/_internal/exceptions.py
3219	2026-08-01T10:06:24.0000000000	/mnt/ems-logs/backups/frdm_kinetics_running_snapshot_20260804_231509/opt/kinetics-gateway/venv/lib/python3.13/site-packages/pygments/lexers/__pycache__/comal.cpython-313.pyc
322	2026-07-25T23:53:07.0000000000	/mnt/ems-logs/backups/frdm_kinetics_running_snapshot_20260804_231509/opt/kinetics-gateway/venv/lib/python3.13/site-packages/pyjwt-2.13.0.dist-info/licenses/AUTHORS.rst
3220	2026-08-01T10:06:00.0000000000	/mnt/ems-logs/backups/frdm_kinetics_running_snapshot_20260804_231509/opt/kinetics-gateway/venv/lib/python3.13/site-packages/pip/_vendor/pygments/__pycache__/filter.cpython-313.pyc
3224	2026-08-01T10:06:26.0000000000	/mnt/ems-logs/backups/frdm_kinetics_running_snapshot_20260804_231509/opt/kinetics-gateway/venv/lib/python3.13/site-packages/pygments/lexers/__pycache__/maxima.cpython-313.pyc
3225	2026-07-25T23:49:15.0000000000	/mnt/ems-logs/backups/frdm_kinetics_running_snapshot_20260804_231509/opt/kinetics-gateway/venv/lib/python3.13/site-packages/pip/_vendor/rich/_log_render.py
323	2026-07-25T23:53:06.0000000000	/mnt/ems-logs/backups/frdm_kinetics_running_snapshot_20260804_231509/opt/kinetics-gateway/venv/lib/python3.13/site-packages/websockets/connection.py
3232	2026-08-01T10:06:21.0000000000	/mnt/ems-logs/backups/frdm_kinetics_running_snapshot_20260804_231509/opt/kinetics-gateway/venv/lib/python3.13/site-packages/pygments/lexers/wren.py
3234	2026-08-01T10:06:30.0000000000	/mnt/ems-logs/backups/frdm_kinetics_running_snapshot_20260804_231509/opt/kinetics-gateway/venv/lib/python3.13/site-packages/pygments/styles/__pycache__/default.cpython-313.pyc
3235	2026-07-25T23:49:15.0000000000	/mnt/ems-logs/backups/frdm_kinetics_running_snapshot_20260804_231509/opt/kinetics-gateway/venv/lib/python3.13/site-packages/pip/_vendor/tomli/_re.py
32353	2026-08-01T10:06:10.0000000000	/mnt/ems-logs/backups/frdm_kinetics_running_snapshot_20260804_231509/opt/kinetics-gateway/venv/lib/python3.13/site-packages/pip/_internal/req/__pycache__/req_uninstall.cpython-313.pyc
32390	2026-07-25T23:49:15.0000000000	/mnt/ems-logs/backups/frdm_kinetics_running_snapshot_20260804_231509/opt/kinetics-gateway/venv/lib/python3.13/site-packages/pip/_vendor/msgpack/fallback.py
324	2026-07-25T23:53:10.0000000000	/mnt/ems-logs/backups/frdm_kinetics_running_snapshot_20260804_231509/opt/kinetics-gateway/venv/lib/python3.13/site-packages/openpyxl/utils/__init__.py
3249	2026-08-01T09:57:25.0000000000	/mnt/ems-logs/backups/frdm_kinetics_running_snapshot_20260804_231509/opt/kinetics-gateway/venv/lib/python3.13/site-packages/pydantic_core/__pycache__/__init__.cpython-313.pyc
325	2026-07-25T23:53:07.0000000000	/mnt/ems-logs/backups/frdm_kinetics_running_snapshot_20260804_231509/opt/kinetics-gateway/venv/lib/python3.13/site-packages/uvloop/handles/fsevent.pxd
3251	2026-08-01T10:06:24.0000000000	/mnt/ems-logs/backups/frdm_kinetics_running_snapshot_20260804_231509/opt/kinetics-gateway/venv/lib/python3.13/site-packages/pygments/lexers/__pycache__/elm.cpython-313.pyc
3252	2026-07-25T23:49:15.0000000000	/mnt/ems-logs/backups/frdm_kinetics_running_snapshot_20260804_231509/opt/kinetics-gateway/venv/lib/python3.13/site-packages/pip/_vendor/rich/jupyter.py
3256	2026-08-01T10:06:44.0000000000	/mnt/ems-logs/backups/frdm_kinetics_running_snapshot_20260804_231509/opt/kinetics-gateway/venv/lib/python3.13/site-packages/anyio/__pycache__/to_thread.cpython-313-pytest-8.4.2.pyc
32567	2026-08-01T10:06:21.0000000000	/mnt/ems-logs/backups/frdm_kinetics_running_snapshot_20260804_231509/opt/kinetics-gateway/venv/lib/python3.13/site-packages/pygments/lexers/_scheme_builtins.py
3260	2026-08-01T10:06:44.0000000000	/mnt/ems-logs/backups/frdm_kinetics_running_snapshot_20260804_231509/opt/kinetics-gateway/venv/lib/python3.13/site-packages/anyio/abc/__pycache__/_subprocesses.cpython-313-pytest-8.4.2.pyc
3263	2026-07-25T23:49:15.0000000000	/mnt/ems-logs/backups/frdm_kinetics_running_snapshot_20260804_231509/opt/kinetics-gateway/venv/lib/python3.13/site-packages/pip/_vendor/rich/bar.py
3263	2026-08-01T10:06:17.0000000000	/mnt/ems-logs/backups/frdm_kinetics_running_snapshot_20260804_231509/opt/kinetics-gateway/venv/lib/python3.13/site-packages/pip/_vendor/resolvelib/__pycache__/reporters.cpython-313.pyc
3264	2026-07-27T11:41:24.0000000000	/mnt/ems-logs/backups/frdm_kinetics_running_snapshot_20260804_231509/opt/kinetics-gateway/backend/configs/kinetics_hardware_bms_pcs1_rtu_readonly_template.json
3264	2026-07-27T11:41:24.0000000000	/mnt/ems-logs/backups/frdm_kinetics_running_snapshot_20260804_231509/opt/kinetics-gateway/staging/v3_0_0_20260731T161022Z/backend/configs/kinetics_hardware_bms_pcs1_rtu_readonly_template.json
3265	2026-07-26T21:33:53.0000000000	/mnt/ems-logs/backups/frdm_kinetics_running_snapshot_20260804_231509/opt/kinetics-gateway/backend/tools/hardware_read_validation.py
3265	2026-07-26T21:33:53.0000000000	/mnt/ems-logs/backups/frdm_kinetics_running_snapshot_20260804_231509/opt/kinetics-gateway/staging/v3_0_0_20260731T161022Z/backend/tools/hardware_read_validation.py
3268	2026-07-25T23:53:15.0000000000	/mnt/ems-logs/backups/frdm_kinetics_running_snapshot_20260804_231509/opt/kinetics-gateway/venv/lib/python3.13/site-packages/fastapi/.agents/skills/fastapi/references/dependencies.md
3272	2026-07-28T12:13:12.0000000000	/mnt/ems-logs/backups/frdm_kinetics_running_snapshot_20260804_231509/opt/kinetics-gateway/backend/FIELD_VALIDATED_CONTROL_SEQUENCE_V2_5.md
3272	2026-07-28T12:13:12.0000000000	/mnt/ems-logs/backups/frdm_kinetics_running_snapshot_20260804_231509/opt/kinetics-gateway/staging/v3_0_0_20260731T161022Z/backend/FIELD_VALIDATED_CONTROL_SEQUENCE_V2_5.md
3274	2026-08-01T10:06:30.0000000000	/mnt/ems-logs/backups/frdm_kinetics_running_snapshot_20260804_231509/opt/kinetics-gateway/venv/lib/python3.13/site-packages/pygments/styles/__pycache__/emacs.cpython-313.pyc
32742	2026-07-31T15:16:02.0000000000	/mnt/ems-logs/backups/frdm_kinetics_running_snapshot_20260804_231509/opt/kinetics-gateway/staging/v3_0_0_20260731T161022Z/backend/app/api/routes.py
32742	2026-07-31T21:44:51.0000000000	/mnt/ems-logs/backups/frdm_kinetics_running_snapshot_20260804_231509/opt/kinetics-gateway/backups/v3_0_0_incremental_before_20260731T161610Z/app/api/routes.py
3275	2026-08-01T10:06:21.0000000000	/mnt/ems-logs/backups/frdm_kinetics_running_snapshot_20260804_231509/opt/kinetics-gateway/venv/lib/python3.13/site-packages/pygments/lexers/ezhil.py
3278	2026-08-01T10:06:25.0000000000	/mnt/ems-logs/backups/frdm_kinetics_running_snapshot_20260804_231509/opt/kinetics-gateway/venv/lib/python3.13/site-packages/pygments/lexers/__pycache__/inferno.cpython-313.pyc
3282	2026-08-01T10:06:21.0000000000	/mnt/ems-logs/backups/frdm_kinetics_running_snapshot_20260804_231509/opt/kinetics-gateway/venv/lib/python3.13/site-packages/pygments/lexers/pony.py
3285	2026-08-01T10:06:30.0000000000	/mnt/ems-logs/backups/frdm_kinetics_running_snapshot_20260804_231509/opt/kinetics-gateway/venv/lib/python3.13/site-packages/pygments/lexers/__pycache__/wowtoc.cpython-313.pyc
32855	2026-08-01T10:06:00.0000000000	/mnt/ems-logs/backups/frdm_kinetics_running_snapshot_20260804_231509/opt/kinetics-gateway/venv/lib/python3.13/site-packages/pip/_internal/utils/__pycache__/misc.cpython-313.pyc
329	2026-08-01T10:06:31.0000000000	/mnt/ems-logs/backups/frdm_kinetics_running_snapshot_20260804_231509/opt/kinetics-gateway/venv/lib/python3.13/site-packages/py.py
3291	2026-08-01T10:06:17.0000000000	/mnt/ems-logs/backups/frdm_kinetics_running_snapshot_20260804_231509/opt/kinetics-gateway/venv/lib/python3.13/site-packages/pip/_vendor/resolvelib/resolvers/__pycache__/criterion.cpython-313.pyc
32978	2026-07-25T23:49:15.0000000000	/mnt/ems-logs/backups/frdm_kinetics_running_snapshot_20260804_231509/opt/kinetics-gateway/venv/lib/python3.13/site-packages/pip/_vendor/requests/utils.py
32983	2026-08-01T01:14:53.0000000000	/mnt/ems-logs/backups/frdm_kinetics_running_snapshot_20260804_231509/opt/kinetics-gateway/backend/app/api/routes.py
3299	2026-08-01T10:06:21.0000000000	/mnt/ems-logs/backups/frdm_kinetics_running_snapshot_20260804_231509/opt/kinetics-gateway/venv/lib/python3.13/site-packages/pygments/formatters/bbcode.py
330	2026-07-25T23:53:07.0000000000	/mnt/ems-logs/backups/frdm_kinetics_running_snapshot_20260804_231509/opt/kinetics-gateway/venv/lib/python3.13/site-packages/jwt/warnings.py
330	2026-08-01T10:01:23.0000000000	/mnt/ems-logs/backups/frdm_kinetics_running_snapshot_20260804_231509/opt/kinetics-gateway/venv/lib/python3.13/site-packages/uvloop/__pycache__/_noop.cpython-313.pyc
3301	2026-08-01T10:02:36.0000000000	/mnt/ems-logs/backups/frdm_kinetics_running_snapshot_20260804_231509/opt/kinetics-gateway/backend/tests/__pycache__/test_mock_service.cpython-313.pyc
33010	2026-08-01T10:06:30.0000000000	/mnt/ems-logs/backups/frdm_kinetics_running_snapshot_20260804_231509/opt/kinetics-gateway/venv/lib/python3.13/site-packages/pygments/__pycache__/unistring.cpython-313.pyc
3302	2026-07-25T23:53:10.0000000000	/mnt/ems-logs/backups/frdm_kinetics_running_snapshot_20260804_231509/opt/kinetics-gateway/venv/lib/python3.13/site-packages/openpyxl/styles/borders.py
3305	2026-07-27T09:05:59.0000000000	/mnt/ems-logs/backups/frdm_kinetics_running_snapshot_20260804_231509/opt/kinetics-gateway/venv/lib/python3.13/site-packages/serial/rs485.py
3306	2026-08-01T09:57:27.0000000000	/mnt/ems-logs/backups/frdm_kinetics_running_snapshot_20260804_231509/opt/kinetics-gateway/venv/lib/python3.13/site-packages/starlette/__pycache__/concurrency.cpython-313.pyc
3307	2026-08-01T10:06:21.0000000000	/mnt/ems-logs/backups/frdm_kinetics_running_snapshot_20260804_231509/opt/kinetics-gateway/venv/lib/python3.13/site-packages/pygments/lexers/usd.py
3308	2026-08-01T10:06:21.0000000000	/mnt/ems-logs/backups/frdm_kinetics_running_snapshot_20260804_231509/opt/kinetics-gateway/venv/lib/python3.13/site-packages/pygments/regexopt.py
3310	2026-07-25T23:53:07.0000000000	/mnt/ems-logs/backups/frdm_kinetics_running_snapshot_20260804_231509/opt/kinetics-gateway/venv/lib/python3.13/site-packages/typing_extensions-4.16.0.dist-info/METADATA
3312	2026-07-25T23:49:15.0000000000	/mnt/ems-logs/backups/frdm_kinetics_running_snapshot_20260804_231509/opt/kinetics-gateway/venv/lib/python3.13/site-packages/pip/_vendor/pygments/styles/_mapping.py
3312	2026-08-01T10:06:21.0000000000	/mnt/ems-logs/backups/frdm_kinetics_running_snapshot_20260804_231509/opt/kinetics-gateway/venv/lib/python3.13/site-packages/pygments/styles/_mapping.py
3313	2026-08-01T10:01:23.0000000000	/mnt/ems-logs/backups/frdm_kinetics_running_snapshot_20260804_231509/opt/kinetics-gateway/venv/lib/python3.13/site-packages/uvicorn/protocols/__pycache__/utils.cpython-313.pyc
3319	2026-08-01T10:05:58.0000000000	/mnt/ems-logs/backups/frdm_kinetics_running_snapshot_20260804_231509/opt/kinetics-gateway/venv/lib/python3.13/site-packages/pip/_vendor/rich/__pycache__/_wrap.cpython-313.pyc
33192	2026-07-25T23:53:12.0000000000	/mnt/ems-logs/backups/frdm_kinetics_running_snapshot_20260804_231509/opt/kinetics-gateway/venv/lib/python3.13/site-packages/watchfiles-1.2.0.dist-info/sboms/watchfiles_rust_notify.cyclonedx.json
332	2026-07-25T23:53:09.0000000000	/mnt/ems-logs/backups/frdm_kinetics_running_snapshot_20260804_231509/opt/kinetics-gateway/venv/lib/python3.13/site-packages/uvicorn/lifespan/off.py
33213	2026-07-25T23:53:08.0000000000	/mnt/ems-logs/backups/frdm_kinetics_running_snapshot_20260804_231509/opt/kinetics-gateway/venv/lib/python3.13/site-packages/click/termui.py
3324	2026-07-25T23:49:15.0000000000	/mnt/ems-logs/backups/frdm_kinetics_running_snapshot_20260804_231509/opt/kinetics-gateway/venv/lib/python3.13/site-packages/pip/_internal/utils/entrypoints.py
3325	2026-08-01T10:06:31.0000000000	/mnt/ems-logs/backups/frdm_kinetics_running_snapshot_20260804_231509/opt/kinetics-gateway/venv/lib/python3.13/site-packages/packaging-26.2.dist-info/RECORD
333	2026-07-25T23:53:09.0000000000	/mnt/ems-logs/backups/frdm_kinetics_running_snapshot_20260804_231509/opt/kinetics-gateway/venv/lib/python3.13/site-packages/uvicorn/loops/asyncio.py
3330	2026-07-25T23:53:13.0000000000	/mnt/ems-logs/backups/frdm_kinetics_running_snapshot_20260804_231509/opt/kinetics-gateway/venv/lib/python3.13/site-packages/pydantic/deprecated/tools.py
3332	2026-08-01T10:06:25.0000000000	/mnt/ems-logs/backups/frdm_kinetics_running_snapshot_20260804_231509/opt/kinetics-gateway/venv/lib/python3.13/site-packages/pygments/lexers/__pycache__/func.cpython-313.pyc
3332	2026-08-01T10:06:27.0000000000	/mnt/ems-logs/backups/frdm_kinetics_running_snapshot_20260804_231509/opt/kinetics-gateway/venv/lib/python3.13/site-packages/pygments/lexers/__pycache__/promql.cpython-313.pyc
33322	2026-08-01T09:57:24.0000000000	/mnt/ems-logs/backups/frdm_kinetics_running_snapshot_20260804_231509/opt/kinetics-gateway/venv/lib/python3.13/site-packages/anyio/_core/__pycache__/_synchronization.cpython-313.pyc
33323	2026-08-01T10:06:21.0000000000	/mnt/ems-logs/backups/frdm_kinetics_running_snapshot_20260804_231509/opt/kinetics-gateway/venv/lib/python3.13/site-packages/pygments/lexers/haskell.py
33338	2026-08-01T10:06:32.0000000000	/mnt/ems-logs/backups/frdm_kinetics_running_snapshot_20260804_231509/opt/kinetics-gateway/venv/lib/python3.13/site-packages/_pytest/__pycache__/junitxml.cpython-313.pyc
334	2026-08-01T09:57:26.0000000000	/mnt/ems-logs/backups/frdm_kinetics_running_snapshot_20260804_231509/opt/kinetics-gateway/venv/lib/python3.13/site-packages/pydantic/_internal/__pycache__/_internal_dataclass.cpython-313.pyc
3341	2026-08-01T10:06:30.0000000000	/mnt/ems-logs/backups/frdm_kinetics_running_snapshot_20260804_231509/opt/kinetics-gateway/venv/lib/python3.13/site-packages/pygments/styles/__pycache__/zenburn.cpython-313.pyc
33435	2026-08-01T10:06:44.0000000000	/mnt/ems-logs/backups/frdm_kinetics_running_snapshot_20260804_231509/opt/kinetics-gateway/venv/lib/python3.13/site-packages/anyio/_core/__pycache__/_synchronization.cpython-313-pytest-8.4.2.pyc
335	2026-07-25T23:53:10.0000000000	/mnt/ems-logs/backups/frdm_kinetics_running_snapshot_20260804_231509/opt/kinetics-gateway/venv/lib/python3.13/site-packages/openpyxl/worksheet/related.py
3350	2026-07-25T23:49:15.0000000000	/mnt/ems-logs/backups/frdm_kinetics_running_snapshot_20260804_231509/opt/kinetics-gateway/venv/lib/python3.13/site-packages/pip/_internal/utils/_jaraco_text.py
3353	2026-08-01T10:06:29.0000000000	/mnt/ems-logs/backups/frdm_kinetics_running_snapshot_20260804_231509/opt/kinetics-gateway/venv/lib/python3.13/site-packages/pygments/lexers/__pycache__/tablegen.cpython-313.pyc
3361	2026-08-01T10:01:23.0000000000	/mnt/ems-logs/backups/frdm_kinetics_running_snapshot_20260804_231509/opt/kinetics-gateway/venv/lib/python3.13/site-packages/websockets/__pycache__/imports.cpython-313.pyc
33620	2026-07-25T23:53:13.0000000000	/mnt/ems-logs/backups/frdm_kinetics_running_snapshot_20260804_231509/opt/kinetics-gateway/venv/lib/python3.13/site-packages/pydantic/_internal/_decorators.py
33623	2026-08-01T10:06:32.0000000000	/mnt/ems-logs/backups/frdm_kinetics_running_snapshot_20260804_231509/opt/kinetics-gateway/venv/lib/python3.13/site-packages/_pytest/__pycache__/doctest.cpython-313.pyc
3363	2026-07-25T23:49:15.0000000000	/mnt/ems-logs/backups/frdm_kinetics_running_snapshot_20260804_231509/opt/kinetics-gateway/venv/lib/python3.13/site-packages/pip/_internal/utils/direct_url_helpers.py
3365	2026-07-25T23:49:15.0000000000	/mnt/ems-logs/backups/frdm_kinetics_running_snapshot_20260804_231509/opt/kinetics-gateway/venv/lib/python3.13/site-packages/pip/_internal/models/release_control.py
3370	2026-07-25T23:49:15.0000000000	/mnt/ems-logs/backups/frdm_kinetics_running_snapshot_20260804_231509/opt/kinetics-gateway/venv/lib/python3.13/site-packages/pip/_vendor/rich/terminal_theme.py
3370	2026-08-01T10:06:30.0000000000	/mnt/ems-logs/backups/frdm_kinetics_running_snapshot_20260804_231509/opt/kinetics-gateway/venv/lib/python3.13/site-packages/pygments/styles/__pycache__/friendly.cpython-313.pyc
33733	2026-07-25T23:49:15.0000000000	/mnt/ems-logs/backups/frdm_kinetics_running_snapshot_20260804_231509/opt/kinetics-gateway/venv/lib/python3.13/site-packages/pip/_internal/commands/install.py
3374	2026-07-25T23:49:15.0000000000	/mnt/ems-logs/backups/frdm_kinetics_running_snapshot_20260804_231509/opt/kinetics-gateway/venv/lib/python3.13/site-packages/pip/_vendor/urllib3/util/response.py
3379	2026-08-01T10:06:21.0000000000	/mnt/ems-logs/backups/frdm_kinetics_running_snapshot_20260804_231509/opt/kinetics-gateway/venv/lib/python3.13/site-packages/pygments/lexers/sophia.py
338	2026-07-25T23:49:15.0000000000	/mnt/ems-logs/backups/frdm_kinetics_running_snapshot_20260804_231509/opt/kinetics-gateway/venv/lib/python3.13/site-packages/pip/_internal/main.py
33817	2026-08-01T10:06:01.0000000000	/mnt/ems-logs/backups/frdm_kinetics_running_snapshot_20260804_231509/opt/kinetics-gateway/venv/lib/python3.13/site-packages/pip/_internal/metadata/__pycache__/base.cpython-313.pyc
33880	2026-08-01T10:06:24.0000000000	/mnt/ems-logs/backups/frdm_kinetics_running_snapshot_20260804_231509/opt/kinetics-gateway/venv/lib/python3.13/site-packages/pygments/lexers/__pycache__/dsls.cpython-313.pyc
3389	2026-07-27T09:05:59.0000000000	/mnt/ems-logs/backups/frdm_kinetics_running_snapshot_20260804_231509/opt/kinetics-gateway/venv/lib/python3.13/site-packages/serial/tools/list_ports.py
33890	2026-07-25T23:49:15.0000000000	/mnt/ems-logs/backups/frdm_kinetics_running_snapshot_20260804_231509/opt/kinetics-gateway/venv/lib/python3.13/site-packages/pip/_vendor/packaging/pylock.py
33890	2026-08-01T10:06:30.0000000000	/mnt/ems-logs/backups/frdm_kinetics_running_snapshot_20260804_231509/opt/kinetics-gateway/venv/lib/python3.13/site-packages/packaging/pylock.py
3390	2026-07-25T23:53:13.0000000000	/mnt/ems-logs/backups/frdm_kinetics_running_snapshot_20260804_231509/opt/kinetics-gateway/venv/lib/python3.13/site-packages/pydantic/v1/json.py
3390	2026-08-01T10:06:21.0000000000	/mnt/ems-logs/backups/frdm_kinetics_running_snapshot_20260804_231509/opt/kinetics-gateway/venv/lib/python3.13/site-packages/pygments/styles/gruvbox.py
3393	2026-08-01T10:06:21.0000000000	/mnt/ems-logs/backups/frdm_kinetics_running_snapshot_20260804_231509/opt/kinetics-gateway/venv/lib/python3.13/site-packages/pygments/__pycache__/__init__.cpython-313.pyc
3393	2026-08-01T10:06:25.0000000000	/mnt/ems-logs/backups/frdm_kinetics_running_snapshot_20260804_231509/opt/kinetics-gateway/venv/lib/python3.13/site-packages/pygments/lexers/__pycache__/go.cpython-313.pyc
3396	2026-07-25T23:49:15.0000000000	/mnt/ems-logs/backups/frdm_kinetics_running_snapshot_20260804_231509/opt/kinetics-gateway/venv/lib/python3.13/site-packages/pip/_vendor/rich/palette.py
33963	2026-08-01T09:57:26.0000000000	/mnt/ems-logs/backups/frdm_kinetics_running_snapshot_20260804_231509/opt/kinetics-gateway/venv/lib/python3.13/site-packages/pydantic/__pycache__/functional_validators.cpython-313.pyc
34	2026-07-25T23:53:09.0000000000	/mnt/ems-logs/backups/frdm_kinetics_running_snapshot_20260804_231509/opt/kinetics-gateway/venv/lib/python3.13/site-packages/annotated_doc-0.0.4.dist-info/entry_points.txt
3400	2026-08-01T10:05:57.0000000000	/mnt/ems-logs/backups/frdm_kinetics_running_snapshot_20260804_231509/opt/kinetics-gateway/venv/lib/python3.13/site-packages/pip/_vendor/rich/__pycache__/terminal_theme.cpython-313.pyc
34034	2026-08-01T10:06:07.0000000000	/mnt/ems-logs/backups/frdm_kinetics_running_snapshot_20260804_231509/opt/kinetics-gateway/venv/lib/python3.13/site-packages/pip/_internal/commands/__pycache__/install.cpython-313.pyc
3404	2026-07-25T23:49:15.0000000000	/mnt/ems-logs/backups/frdm_kinetics_running_snapshot_20260804_231509/opt/kinetics-gateway/venv/lib/python3.13/site-packages/pip/_vendor/rich/_wrap.py
34066	2026-08-01T10:06:23.0000000000	/mnt/ems-logs/backups/frdm_kinetics_running_snapshot_20260804_231509/opt/kinetics-gateway/venv/lib/python3.13/site-packages/pygments/lexers/__pycache__/_openedge_builtins.cpython-313.pyc
3407	2026-08-01T10:06:21.0000000000	/mnt/ems-logs/backups/frdm_kinetics_running_snapshot_20260804_231509/opt/kinetics-gateway/venv/lib/python3.13/site-packages/pygments/lexers/apl.py
34139	2026-08-01T10:06:21.0000000000	/mnt/ems-logs/backups/frdm_kinetics_running_snapshot_20260804_231509/opt/kinetics-gateway/venv/lib/python3.13/site-packages/pygments/lexers/macaulay2.py
34198	2026-08-01T10:07:22.0000000000	/mnt/ems-logs/backups/frdm_kinetics_running_snapshot_20260804_231509/opt/kinetics-gateway/venv/lib/python3.13/site-packages/starlette/__pycache__/testclient.cpython-313.pyc
34224	2026-08-01T10:06:30.0000000000	/mnt/ems-logs/backups/frdm_kinetics_running_snapshot_20260804_231509/opt/kinetics-gateway/venv/lib/python3.13/site-packages/packaging/tags.py
3423	2026-08-01T10:06:28.0000000000	/mnt/ems-logs/backups/frdm_kinetics_running_snapshot_20260804_231509/opt/kinetics-gateway/venv/lib/python3.13/site-packages/pygments/lexers/__pycache__/solidity.cpython-313.pyc
34236	2026-07-25T23:49:15.0000000000	/mnt/ems-logs/backups/frdm_kinetics_running_snapshot_20260804_231509/opt/kinetics-gateway/venv/lib/python3.13/site-packages/pip/_vendor/packaging/tags.py
3426	2026-08-01T10:05:59.0000000000	/mnt/ems-logs/backups/frdm_kinetics_running_snapshot_20260804_231509/opt/kinetics-gateway/venv/lib/python3.13/site-packages/pip/_vendor/pygments/__pycache__/__init__.cpython-313.pyc
3431	2026-08-01T10:06:26.0000000000	/mnt/ems-logs/backups/frdm_kinetics_running_snapshot_20260804_231509/opt/kinetics-gateway/venv/lib/python3.13/site-packages/pygments/lexers/__pycache__/mips.cpython-313.pyc
34337	2026-08-01T10:05:57.0000000000	/mnt/ems-logs/backups/frdm_kinetics_running_snapshot_20260804_231509/opt/kinetics-gateway/venv/lib/python3.13/site-packages/pip/_vendor/rich/__pycache__/style.cpython-313.pyc
3434	2026-08-01T10:06:27.0000000000	/mnt/ems-logs/backups/frdm_kinetics_running_snapshot_20260804_231509/opt/kinetics-gateway/venv/lib/python3.13/site-packages/pygments/lexers/__pycache__/pony.cpython-313.pyc
3438	2026-07-25T23:49:15.0000000000	/mnt/ems-logs/backups/frdm_kinetics_running_snapshot_20260804_231509/opt/kinetics-gateway/venv/lib/python3.13/site-packages/pip/_vendor/idna/codec.py
344	2026-07-25T23:53:10.0000000000	/mnt/ems-logs/backups/frdm_kinetics_running_snapshot_20260804_231509/opt/kinetics-gateway/venv/lib/python3.13/site-packages/openpyxl/drawing/relation.py
3442	2026-07-25T23:49:15.0000000000	/mnt/ems-logs/backups/frdm_kinetics_running_snapshot_20260804_231509/opt/kinetics-gateway/venv/lib/python3.13/site-packages/pip/_vendor/certifi/core.py
34426	2026-08-01T09:57:27.0000000000	/mnt/ems-logs/backups/frdm_kinetics_running_snapshot_20260804_231509/opt/kinetics-gateway/venv/lib/python3.13/site-packages/pydantic/__pycache__/type_adapter.cpython-313.pyc
3449	2026-07-25T23:53:07.0000000000	/mnt/ems-logs/backups/frdm_kinetics_running_snapshot_20260804_231509/opt/kinetics-gateway/venv/lib/python3.13/site-packages/pyjwt-2.13.0.dist-info/METADATA
34534	2026-07-25T23:53:08.0000000000	/mnt/ems-logs/backups/frdm_kinetics_running_snapshot_20260804_231509/opt/kinetics-gateway/venv/lib/python3.13/site-packages/et_xmlfile/incremental_tree.py
3455	2026-07-25T23:49:15.0000000000	/mnt/ems-logs/backups/frdm_kinetics_running_snapshot_20260804_231509/opt/kinetics-gateway/venv/lib/python3.13/site-packages/pip/_internal/utils/virtualenv.py
3464	2026-08-01T10:06:30.0000000000	/mnt/ems-logs/backups/frdm_kinetics_running_snapshot_20260804_231509/opt/kinetics-gateway/venv/lib/python3.13/site-packages/pygments/styles/__pycache__/coffee.cpython-313.pyc
34695	2026-08-01T09:57:30.0000000000	/mnt/ems-logs/backups/frdm_kinetics_running_snapshot_20260804_231509/opt/kinetics-gateway/backend/app/storage/__pycache__/sqlite_store.cpython-313.pyc
3472	2026-08-01T10:06:30.0000000000	/mnt/ems-logs/backups/frdm_kinetics_running_snapshot_20260804_231509/opt/kinetics-gateway/venv/lib/python3.13/site-packages/pygments/styles/__pycache__/pastie.cpython-313.pyc
3473	2026-07-26T00:10:12.0000000000	/mnt/ems-logs/backups/frdm_kinetics_running_snapshot_20260804_231509/opt/kinetics-gateway/venv/lib/python3.13/site-packages/httpcore2/__init__.py
3475	2026-08-01T10:06:31.0000000000	/mnt/ems-logs/backups/frdm_kinetics_running_snapshot_20260804_231509/opt/kinetics-gateway/venv/lib/python3.13/site-packages/_pytest/_py/error.py
34753	2026-08-01T10:06:33.0000000000	/mnt/ems-logs/backups/frdm_kinetics_running_snapshot_20260804_231509/opt/kinetics-gateway/venv/lib/python3.13/site-packages/_pytest/__pycache__/python_api.cpython-313.pyc
348	2026-07-25T23:53:10.0000000000	/mnt/ems-logs/backups/frdm_kinetics_running_snapshot_20260804_231509/opt/kinetics-gateway/venv/lib/python3.13/site-packages/openpyxl/workbook/external_reference.py
3480	2026-08-01T10:06:21.0000000000	/mnt/ems-logs/backups/frdm_kinetics_running_snapshot_20260804_231509/opt/kinetics-gateway/venv/lib/python3.13/site-packages/pygments/lexers/kusto.py
3490	2026-07-25T23:53:10.0000000000	/mnt/ems-logs/backups/frdm_kinetics_running_snapshot_20260804_231509/opt/kinetics-gateway/venv/lib/python3.13/site-packages/openpyxl/descriptors/sequence.py
3497	2026-08-01T10:06:08.0000000000	/mnt/ems-logs/backups/frdm_kinetics_running_snapshot_20260804_231509/opt/kinetics-gateway/venv/lib/python3.13/site-packages/pip/_vendor/urllib3/__pycache__/filepost.cpython-313.pyc
3497	2026-08-01T10:06:30.0000000000	/mnt/ems-logs/backups/frdm_kinetics_running_snapshot_20260804_231509/opt/kinetics-gateway/venv/lib/python3.13/site-packages/pygments/styles/__pycache__/manni.cpython-313.pyc
35	2026-07-25T23:53:10.0000000000	/mnt/ems-logs/backups/frdm_kinetics_running_snapshot_20260804_231509/opt/kinetics-gateway/venv/lib/python3.13/site-packages/openpyxl/pivot/__init__.py
35	2026-07-25T23:53:10.0000000000	/mnt/ems-logs/backups/frdm_kinetics_running_snapshot_20260804_231509/opt/kinetics-gateway/venv/lib/python3.13/site-packages/openpyxl/reader/__init__.py
35	2026-07-25T23:53:10.0000000000	/mnt/ems-logs/backups/frdm_kinetics_running_snapshot_20260804_231509/opt/kinetics-gateway/venv/lib/python3.13/site-packages/openpyxl/worksheet/__init__.py
35	2026-07-25T23:53:10.0000000000	/mnt/ems-logs/backups/frdm_kinetics_running_snapshot_20260804_231509/opt/kinetics-gateway/venv/lib/python3.13/site-packages/openpyxl/writer/__init__.py
350	2026-08-01T09:57:27.0000000000	/mnt/ems-logs/backups/frdm_kinetics_running_snapshot_20260804_231509/opt/kinetics-gateway/venv/lib/python3.13/site-packages/fastapi/openapi/__pycache__/constants.cpython-313.pyc
350	2026-08-01T10:06:11.0000000000	/mnt/ems-logs/backups/frdm_kinetics_running_snapshot_20260804_231509/opt/kinetics-gateway/venv/lib/python3.13/site-packages/pip/_internal/metadata/importlib/__pycache__/__init__.cpython-313.pyc
351	2026-07-25T23:49:15.0000000000	/mnt/ems-logs/backups/frdm_kinetics_running_snapshot_20260804_231509/opt/kinetics-gateway/venv/lib/python3.13/site-packages/pip/_vendor/rich/_stack.py
351	2026-08-01T10:06:21.0000000000	/mnt/ems-logs/backups/frdm_kinetics_running_snapshot_20260804_231509/opt/kinetics-gateway/venv/lib/python3.13/site-packages/pygments/__main__.py
35127	2026-07-27T09:05:59.0000000000	/mnt/ems-logs/backups/frdm_kinetics_running_snapshot_20260804_231509/opt/kinetics-gateway/venv/lib/python3.13/site-packages/serial/serialposix.py
3513	2026-08-01T10:06:30.0000000000	/mnt/ems-logs/backups/frdm_kinetics_running_snapshot_20260804_231509/opt/kinetics-gateway/venv/lib/python3.13/site-packages/pygments/styles/__pycache__/lilypond.cpython-313.pyc
3514	2026-08-01T10:06:27.0000000000	/mnt/ems-logs/backups/frdm_kinetics_running_snapshot_20260804_231509/opt/kinetics-gateway/venv/lib/python3.13/site-packages/pygments/lexers/__pycache__/qlik.cpython-313.pyc
35154	2026-08-01T10:06:21.0000000000	/mnt/ems-logs/backups/frdm_kinetics_running_snapshot_20260804_231509/opt/kinetics-gateway/venv/lib/python3.13/site-packages/pygments/lexer.py
3516	2026-07-25T23:53:10.0000000000	/mnt/ems-logs/backups/frdm_kinetics_running_snapshot_20260804_231509/opt/kinetics-gateway/venv/lib/python3.13/site-packages/openpyxl/styles/fonts.py
3518	2026-08-01T10:06:26.0000000000	/mnt/ems-logs/backups/frdm_kinetics_running_snapshot_20260804_231509/opt/kinetics-gateway/venv/lib/python3.13/site-packages/pygments/lexers/__pycache__/meson.cpython-313.pyc
35200	2026-08-01T10:06:23.0000000000	/mnt/ems-logs/backups/frdm_kinetics_running_snapshot_20260804_231509/opt/kinetics-gateway/venv/lib/python3.13/site-packages/pygments/lexers/__pycache__/_scilab_builtins.cpython-313.pyc
3521	2026-07-25T23:49:15.0000000000	/mnt/ems-logs/backups/frdm_kinetics_running_snapshot_20260804_231509/opt/kinetics-gateway/venv/lib/python3.13/site-packages/pip/_vendor/rich/live_render.py
35234	2026-08-01T10:06:31.0000000000	/mnt/ems-logs/backups/frdm_kinetics_running_snapshot_20260804_231509/opt/kinetics-gateway/venv/lib/python3.13/site-packages/_pytest/logging.py
3525	2026-08-01T10:06:21.0000000000	/mnt/ems-logs/backups/frdm_kinetics_running_snapshot_20260804_231509/opt/kinetics-gateway/venv/lib/python3.13/site-packages/pygments/lexers/teal.py
35288	2026-07-25T23:53:11.0000000000	/mnt/ems-logs/backups/frdm_kinetics_running_snapshot_20260804_231509/opt/kinetics-gateway/venv/lib/python3.13/site-packages/anyio/_core/_sockets.py
35288	2026-08-01T10:06:24.0000000000	/mnt/ems-logs/backups/frdm_kinetics_running_snapshot_20260804_231509/opt/kinetics-gateway/venv/lib/python3.13/site-packages/pygments/lexers/__pycache__/dotnet.cpython-313.pyc
353	2026-07-25T23:49:15.0000000000	/mnt/ems-logs/backups/frdm_kinetics_running_snapshot_20260804_231509/opt/kinetics-gateway/venv/lib/python3.13/site-packages/pip/_vendor/pygments/__main__.py
3530	2026-07-25T23:53:10.0000000000	/mnt/ems-logs/backups/frdm_kinetics_running_snapshot_20260804_231509/opt/kinetics-gateway/venv/lib/python3.13/site-packages/openpyxl/worksheet/ole.py
3532	2026-07-25T23:53:08.0000000000	/mnt/ems-logs/backups/frdm_kinetics_running_snapshot_20260804_231509/opt/kinetics-gateway/venv/lib/python3.13/site-packages/httptools-0.8.0.dist-info/METADATA
3532	2026-08-01T10:06:24.0000000000	/mnt/ems-logs/backups/frdm_kinetics_running_snapshot_20260804_231509/opt/kinetics-gateway/venv/lib/python3.13/site-packages/pygments/lexers/__pycache__/boa.cpython-313.pyc
3534	2026-07-25T23:53:07.0000000000	/mnt/ems-logs/backups/frdm_kinetics_running_snapshot_20260804_231509/opt/kinetics-gateway/venv/lib/python3.13/site-packages/uvloop/sslproto.pxd
35349	2026-07-25T23:49:15.0000000000	/mnt/ems-logs/backups/frdm_kinetics_running_snapshot_20260804_231509/opt/kinetics-gateway/venv/lib/python3.13/site-packages/pip/_vendor/pygments/lexer.py
35353	2026-08-01T10:06:10.0000000000	/mnt/ems-logs/backups/frdm_kinetics_running_snapshot_20260804_231509/opt/kinetics-gateway/venv/lib/python3.13/site-packages/pip/_internal/operations/install/__pycache__/wheel.cpython-313.pyc
35381	2026-07-25T23:53:07.0000000000	/mnt/ems-logs/backups/frdm_kinetics_running_snapshot_20260804_231509/opt/kinetics-gateway/venv/lib/python3.13/site-packages/uvloop/sslproto.pyx
35393	2026-08-01T10:06:21.0000000000	/mnt/ems-logs/backups/frdm_kinetics_running_snapshot_20260804_231509/opt/kinetics-gateway/venv/lib/python3.13/site-packages/pygments/lexers/ml.py
3543	2026-08-01T10:06:30.0000000000	/mnt/ems-logs/backups/frdm_kinetics_running_snapshot_20260804_231509/opt/kinetics-gateway/venv/lib/python3.13/site-packages/packaging-26.2.dist-info/METADATA
35455	2026-07-25T23:53:13.0000000000	/mnt/ems-logs/backups/frdm_kinetics_running_snapshot_20260804_231509/opt/kinetics-gateway/venv/lib/python3.13/site-packages/pydantic/v1/types.py
355	2026-07-25T23:49:15.0000000000	/mnt/ems-logs/backups/frdm_kinetics_running_snapshot_20260804_231509/opt/kinetics-gateway/venv/lib/python3.13/site-packages/pip/__init__.py
35501	2026-08-01T10:01:22.0000000000	/mnt/ems-logs/backups/frdm_kinetics_running_snapshot_20260804_231509/opt/kinetics-gateway/venv/lib/python3.13/site-packages/pydantic/v1/__pycache__/utils.cpython-313.pyc
3552	2026-08-01T10:06:07.0000000000	/mnt/ems-logs/backups/frdm_kinetics_running_snapshot_20260804_231509/opt/kinetics-gateway/venv/lib/python3.13/site-packages/pip/_vendor/urllib3/util/__pycache__/wait.cpython-313.pyc
35530	2026-07-25T23:49:15.0000000000	/mnt/ems-logs/backups/frdm_kinetics_running_snapshot_20260804_231509/opt/kinetics-gateway/venv/lib/python3.13/site-packages/pip/_vendor/requests/models.py
35546	2026-08-01T10:06:10.0000000000	/mnt/ems-logs/backups/frdm_kinetics_running_snapshot_20260804_231509/opt/kinetics-gateway/venv/lib/python3.13/site-packages/pip/_internal/req/__pycache__/req_install.cpython-313.pyc
356	2026-08-04T23:15:26.4128985620	/mnt/ems-logs/backups/frdm_kinetics_running_snapshot_20260804_231509/systemd/kinetics-network-guard.service.effective.txt
3562	2026-08-01T10:06:24.0000000000	/mnt/ems-logs/backups/frdm_kinetics_running_snapshot_20260804_231509/opt/kinetics-gateway/venv/lib/python3.13/site-packages/pygments/lexers/__pycache__/berry.cpython-313.pyc
3564	2026-08-01T10:06:30.0000000000	/mnt/ems-logs/backups/frdm_kinetics_running_snapshot_20260804_231509/opt/kinetics-gateway/venv/lib/python3.13/site-packages/pygments/styles/__pycache__/friendly_grayscale.cpython-313.pyc
3567	2026-08-01T10:06:21.0000000000	/mnt/ems-logs/backups/frdm_kinetics_running_snapshot_20260804_231509/opt/kinetics-gateway/venv/lib/python3.13/site-packages/pygments/lexers/arrow.py
357	2026-07-25T23:56:52.0000000000	/mnt/ems-logs/backups/frdm_kinetics_running_snapshot_20260804_231509/opt/kinetics-gateway/backend/deployment/network/separate-interfaces.conf
357	2026-07-25T23:56:52.0000000000	/mnt/ems-logs/backups/frdm_kinetics_running_snapshot_20260804_231509/opt/kinetics-gateway/staging/v3_0_0_20260731T161022Z/backend/deployment/network/separate-interfaces.conf
3570	2026-08-01T10:06:29.0000000000	/mnt/ems-logs/backups/frdm_kinetics_running_snapshot_20260804_231509/opt/kinetics-gateway/venv/lib/python3.13/site-packages/pygments/lexers/__pycache__/teal.cpython-313.pyc
35861	2026-07-25T23:49:15.0000000000	/mnt/ems-logs/backups/frdm_kinetics_running_snapshot_20260804_231509/opt/kinetics-gateway/venv/lib/python3.13/site-packages/pip/_vendor/rich/traceback.py
3588	2026-08-01T10:06:21.0000000000	/mnt/ems-logs/backups/frdm_kinetics_running_snapshot_20260804_231509/opt/kinetics-gateway/venv/lib/python3.13/site-packages/pygments/lexers/special.py
3589	2026-08-01T10:06:34.0000000000	/mnt/ems-logs/backups/frdm_kinetics_running_snapshot_20260804_231509/opt/kinetics-gateway/venv/lib/python3.13/site-packages/_pytest/__pycache__/scope.cpython-313.pyc
35899	2026-08-01T10:06:08.0000000000	/mnt/ems-logs/backups/frdm_kinetics_running_snapshot_20260804_231509/opt/kinetics-gateway/venv/lib/python3.13/site-packages/pip/_vendor/requests/__pycache__/models.cpython-313.pyc
359	2026-08-04T23:15:29.5369449420	/mnt/ems-logs/backups/frdm_kinetics_running_snapshot_20260804_231509/metadata/ip_addresses.txt
3590	2026-08-01T10:06:24.0000000000	/mnt/ems-logs/backups/frdm_kinetics_running_snapshot_20260804_231509/opt/kinetics-gateway/venv/lib/python3.13/site-packages/pygments/lexers/__pycache__/arrow.cpython-313.pyc
3593	2026-08-01T10:06:21.0000000000	/mnt/ems-logs/backups/frdm_kinetics_running_snapshot_20260804_231509/opt/kinetics-gateway/venv/lib/python3.13/site-packages/pygments/styles/gh_dark.py
3601	2026-08-01T10:06:24.0000000000	/mnt/ems-logs/backups/frdm_kinetics_running_snapshot_20260804_231509/opt/kinetics-gateway/venv/lib/python3.13/site-packages/pygments/lexers/__pycache__/carbon.cpython-313.pyc
36053	2026-08-01T10:06:21.0000000000	/mnt/ems-logs/backups/frdm_kinetics_running_snapshot_20260804_231509/opt/kinetics-gateway/venv/lib/python3.13/site-packages/pygments/formatters/html.py
3607	2026-07-25T23:56:52.0000000000	/mnt/ems-logs/backups/frdm_kinetics_running_snapshot_20260804_231509/opt/kinetics-gateway/backend/app/core/catalog.py
3607	2026-07-25T23:56:52.0000000000	/mnt/ems-logs/backups/frdm_kinetics_running_snapshot_20260804_231509/opt/kinetics-gateway/staging/v3_0_0_20260731T161022Z/backend/app/core/catalog.py
3607	2026-08-01T10:06:21.0000000000	/mnt/ems-logs/backups/frdm_kinetics_running_snapshot_20260804_231509/opt/kinetics-gateway/venv/lib/python3.13/site-packages/pip/_vendor/rich/__pycache__/_windows_renderer.cpython-313.pyc
361	2026-07-25T23:53:07.0000000000	/mnt/ems-logs/backups/frdm_kinetics_running_snapshot_20260804_231509/opt/kinetics-gateway/venv/lib/python3.13/site-packages/uvloop/includes/__init__.py
36123	2026-07-25T23:53:13.0000000000	/mnt/ems-logs/backups/frdm_kinetics_running_snapshot_20260804_231509/opt/kinetics-gateway/venv/lib/python3.13/site-packages/pydantic/type_adapter.py
3617	2026-08-01T10:06:32.0000000000	/mnt/ems-logs/backups/frdm_kinetics_running_snapshot_20260804_231509/opt/kinetics-gateway/venv/lib/python3.13/site-packages/_pytest/config/__pycache__/compat.cpython-313.pyc
3620	2026-07-27T11:41:24.0000000000	/mnt/ems-logs/backups/frdm_kinetics_running_snapshot_20260804_231509/opt/kinetics-gateway/backend/configs/kinetics_hardware_bms_4pcs_rtu_template.json
3620	2026-07-27T11:41:24.0000000000	/mnt/ems-logs/backups/frdm_kinetics_running_snapshot_20260804_231509/opt/kinetics-gateway/staging/v3_0_0_20260731T161022Z/backend/configs/kinetics_hardware_bms_4pcs_rtu_template.json
36218	2026-08-01T10:06:08.0000000000	/mnt/ems-logs/backups/frdm_kinetics_running_snapshot_20260804_231509/opt/kinetics-gateway/venv/lib/python3.13/site-packages/pip/_vendor/requests/__pycache__/utils.cpython-313.pyc
3623	2026-07-25T23:53:07.0000000000	/mnt/ems-logs/backups/frdm_kinetics_running_snapshot_20260804_231509/opt/kinetics-gateway/venv/lib/python3.13/site-packages/uvloop/server.pyx
36250	2026-08-01T09:57:26.0000000000	/mnt/ems-logs/backups/frdm_kinetics_running_snapshot_20260804_231509/opt/kinetics-gateway/venv/lib/python3.13/site-packages/pydantic/_internal/__pycache__/_model_construction.cpython-313.pyc
363	2026-07-25T23:53:10.0000000000	/mnt/ems-logs/backups/frdm_kinetics_running_snapshot_20260804_231509/opt/kinetics-gateway/venv/lib/python3.13/site-packages/openpyxl/styles/__init__.py
3630	2026-08-01T10:06:30.0000000000	/mnt/ems-logs/backups/frdm_kinetics_running_snapshot_20260804_231509/opt/kinetics-gateway/venv/lib/python3.13/site-packages/pygments/styles/__pycache__/_mapping.cpython-313.pyc
3631	2026-08-01T10:06:25.0000000000	/mnt/ems-logs/backups/frdm_kinetics_running_snapshot_20260804_231509/opt/kinetics-gateway/venv/lib/python3.13/site-packages/pygments/lexers/__pycache__/hexdump.cpython-313.pyc
3635	2026-08-01T10:06:28.0000000000	/mnt/ems-logs/backups/frdm_kinetics_running_snapshot_20260804_231509/opt/kinetics-gateway/venv/lib/python3.13/site-packages/pygments/lexers/__pycache__/resource.cpython-313.pyc
36371	2026-07-25T23:49:15.0000000000	/mnt/ems-logs/backups/frdm_kinetics_running_snapshot_20260804_231509/opt/kinetics-gateway/venv/lib/python3.13/site-packages/pip/_vendor/rich/syntax.py
36384	2026-08-01T10:06:21.0000000000	/mnt/ems-logs/backups/frdm_kinetics_running_snapshot_20260804_231509/opt/kinetics-gateway/venv/lib/python3.13/site-packages/pygments/lexers/shell.py
36391	2026-07-25T23:49:15.0000000000	/mnt/ems-logs/backups/frdm_kinetics_running_snapshot_20260804_231509/opt/kinetics-gateway/venv/lib/python3.13/site-packages/pip/_vendor/rich/pretty.py
364	2026-07-25T23:53:12.0000000000	/mnt/ems-logs/backups/frdm_kinetics_running_snapshot_20260804_231509/opt/kinetics-gateway/venv/lib/python3.13/site-packages/watchfiles/__init__.py
3640	2026-07-25T23:53:07.0000000000	/mnt/ems-logs/backups/frdm_kinetics_running_snapshot_20260804_231509/opt/kinetics-gateway/venv/lib/python3.13/site-packages/jwt/utils.py
36404	2026-08-01T10:06:24.0000000000	/mnt/ems-logs/backups/frdm_kinetics_running_snapshot_20260804_231509/opt/kinetics-gateway/venv/lib/python3.13/site-packages/pygments/lexers/__pycache__/asm.cpython-313.pyc
3642	2026-08-01T10:06:00.0000000000	/mnt/ems-logs/backups/frdm_kinetics_running_snapshot_20260804_231509/opt/kinetics-gateway/venv/lib/python3.13/site-packages/pip/_vendor/pygments/styles/__pycache__/_mapping.cpython-313.pyc
3647	2026-07-27T11:51:48.9009201730	/mnt/ems-logs/backups/frdm_kinetics_running_snapshot_20260804_231509/etc/kinetics-gateway/config.json.before_staged_control_20260727_080909
3649	2026-08-01T10:06:30.0000000000	/mnt/ems-logs/backups/frdm_kinetics_running_snapshot_20260804_231509/opt/kinetics-gateway/venv/lib/python3.13/site-packages/pygments/lexers/__pycache__/whiley.cpython-313.pyc
3654	2026-07-25T23:53:11.0000000000	/mnt/ems-logs/backups/frdm_kinetics_running_snapshot_20260804_231509/opt/kinetics-gateway/venv/lib/python3.13/site-packages/anyio-4.14.2.dist-info/scm_file_list.json
36557	2026-08-01T10:05:59.0000000000	/mnt/ems-logs/backups/frdm_kinetics_running_snapshot_20260804_231509/opt/kinetics-gateway/venv/lib/python3.13/site-packages/pip/_vendor/rich/__pycache__/traceback.cpython-313.pyc
3656	2026-08-01T10:02:36.0000000000	/mnt/ems-logs/backups/frdm_kinetics_running_snapshot_20260804_231509/opt/kinetics-gateway/backend/tools/__pycache__/modbus_probe.cpython-313.pyc
3656	2026-08-01T10:06:21.0000000000	/mnt/ems-logs/backups/frdm_kinetics_running_snapshot_20260804_231509/opt/kinetics-gateway/venv/lib/python3.13/site-packages/pygments/lexers/hexdump.py
366	2026-08-01T10:07:22.0000000000	/mnt/ems-logs/backups/frdm_kinetics_running_snapshot_20260804_231509/opt/kinetics-gateway/venv/lib/python3.13/site-packages/httpx2/__pycache__/__version__.cpython-313.pyc
36655	2026-08-01T10:06:01.0000000000	/mnt/ems-logs/backups/frdm_kinetics_running_snapshot_20260804_231509/opt/kinetics-gateway/venv/lib/python3.13/site-packages/pip/_internal/cli/__pycache__/cmdoptions.cpython-313.pyc
367	2026-08-01T10:06:01.0000000000	/mnt/ems-logs/backups/frdm_kinetics_running_snapshot_20260804_231509/opt/kinetics-gateway/venv/lib/python3.13/site-packages/pip/_internal/cli/__pycache__/status_codes.cpython-313.pyc
3674	2026-08-01T10:06:21.0000000000	/mnt/ems-logs/backups/frdm_kinetics_running_snapshot_20260804_231509/opt/kinetics-gateway/venv/lib/python3.13/site-packages/pygments/lexers/bqn.py
36753	2026-08-01T10:06:21.0000000000	/mnt/ems-logs/backups/frdm_kinetics_running_snapshot_20260804_231509/opt/kinetics-gateway/venv/lib/python3.13/site-packages/pygments/lexers/dsls.py
3677	2026-07-25T23:49:15.0000000000	/mnt/ems-logs/backups/frdm_kinetics_running_snapshot_20260804_231509/opt/kinetics-gateway/venv/lib/python3.13/site-packages/pip/_vendor/urllib3/contrib/emscripten/emscripten_fetch_worker.js
3677	2026-07-27T09:05:59.0000000000	/mnt/ems-logs/backups/frdm_kinetics_running_snapshot_20260804_231509/opt/kinetics-gateway/venv/lib/python3.13/site-packages/serial/tools/hexlify_codec.py
36771	2026-07-25T23:49:15.0000000000	/mnt/ems-logs/backups/frdm_kinetics_running_snapshot_20260804_231509/opt/kinetics-gateway/venv/lib/python3.13/site-packages/pip/_internal/resolution/resolvelib/factory.py
36783	2026-08-01T09:57:24.0000000000	/mnt/ems-logs/backups/frdm_kinetics_running_snapshot_20260804_231509/opt/kinetics-gateway/venv/lib/python3.13/site-packages/click/__pycache__/termui.cpython-313.pyc
368	2026-08-01T10:06:31.0000000000	/mnt/ems-logs/backups/frdm_kinetics_running_snapshot_20260804_231509/opt/kinetics-gateway/venv/lib/python3.13/site-packages/_pytest/_io/__pycache__/__init__.cpython-313.pyc
36829	2026-08-01T10:06:31.0000000000	/mnt/ems-logs/backups/frdm_kinetics_running_snapshot_20260804_231509/opt/kinetics-gateway/venv/lib/python3.13/site-packages/_pytest/capture.py
3683	2026-08-01T10:06:31.0000000000	/mnt/ems-logs/backups/frdm_kinetics_running_snapshot_20260804_231509/opt/kinetics-gateway/venv/lib/python3.13/site-packages/_pytest/faulthandler.py
3690	2026-08-01T10:06:30.0000000000	/mnt/ems-logs/backups/frdm_kinetics_running_snapshot_20260804_231509/opt/kinetics-gateway/venv/lib/python3.13/site-packages/pygments/styles/__pycache__/murphy.cpython-313.pyc
3695	2026-08-01T10:06:00.0000000000	/mnt/ems-logs/backups/frdm_kinetics_running_snapshot_20260804_231509/opt/kinetics-gateway/venv/lib/python3.13/site-packages/pip/_internal/locations/__pycache__/base.cpython-313.pyc
3696	2026-08-01T10:06:21.0000000000	/mnt/ems-logs/backups/frdm_kinetics_running_snapshot_20260804_231509/opt/kinetics-gateway/venv/lib/python3.13/site-packages/pygments/lexers/qlik.py
3699	2026-08-01T10:01:23.0000000000	/mnt/ems-logs/backups/frdm_kinetics_running_snapshot_20260804_231509/opt/kinetics-gateway/venv/lib/python3.13/site-packages/websockets/extensions/__pycache__/base.cpython-313.pyc
37	2026-07-25T23:53:15.0000000000	/mnt/ems-logs/backups/frdm_kinetics_running_snapshot_20260804_231509/opt/kinetics-gateway/venv/lib/python3.13/site-packages/fastapi/__main__.py
37	2026-07-25T23:56:52.0000000000	/mnt/ems-logs/backups/frdm_kinetics_running_snapshot_20260804_231509/opt/kinetics-gateway/backend/.pytest_cache/.gitignore
37	2026-07-25T23:56:52.0000000000	/mnt/ems-logs/backups/frdm_kinetics_running_snapshot_20260804_231509/opt/kinetics-gateway/staging/v3_0_0_20260731T161022Z/backend/.pytest_cache/.gitignore
370	2026-08-01T09:57:23.0000000000	/mnt/ems-logs/backups/frdm_kinetics_running_snapshot_20260804_231509/opt/kinetics-gateway/venv/lib/python3.13/site-packages/uvicorn/__pycache__/__init__.cpython-313.pyc
3700	2026-08-01T10:06:21.0000000000	/mnt/ems-logs/backups/frdm_kinetics_running_snapshot_20260804_231509/opt/kinetics-gateway/venv/lib/python3.13/site-packages/pygments/lexers/supercollider.py
3701	2026-08-01T10:05:59.0000000000	/mnt/ems-logs/backups/frdm_kinetics_running_snapshot_20260804_231509/opt/kinetics-gateway/venv/lib/python3.13/site-packages/pip/_vendor/rich/__pycache__/file_proxy.cpython-313.pyc
3703	2026-08-01T10:06:21.0000000000	/mnt/ems-logs/backups/frdm_kinetics_running_snapshot_20260804_231509/opt/kinetics-gateway/venv/lib/python3.13/site-packages/pygments/lexers/func.py
3703	2026-08-01T10:06:21.0000000000	/mnt/ems-logs/backups/frdm_kinetics_running_snapshot_20260804_231509/opt/kinetics-gateway/venv/lib/python3.13/site-packages/pygments/lexers/jslt.py
3703	2026-08-01T10:06:21.0000000000	/mnt/ems-logs/backups/frdm_kinetics_running_snapshot_20260804_231509/opt/kinetics-gateway/venv/lib/python3.13/site-packages/pygments/lexers/openscad.py
3707	2026-08-01T10:06:30.0000000000	/mnt/ems-logs/backups/frdm_kinetics_running_snapshot_20260804_231509/opt/kinetics-gateway/venv/lib/python3.13/site-packages/pygments/styles/__pycache__/rainbow_dash.cpython-313.pyc
37207	2026-07-25T23:53:07.0000000000	/mnt/ems-logs/backups/frdm_kinetics_running_snapshot_20260804_231509/opt/kinetics-gateway/venv/lib/python3.13/site-packages/jwt/algorithms.py
37229	2026-08-01T10:06:31.0000000000	/mnt/ems-logs/backups/frdm_kinetics_running_snapshot_20260804_231509/opt/kinetics-gateway/venv/lib/python3.13/site-packages/packaging/__pycache__/tags.cpython-313.pyc
37253	2026-08-01T10:06:00.0000000000	/mnt/ems-logs/backups/frdm_kinetics_running_snapshot_20260804_231509/opt/kinetics-gateway/venv/lib/python3.13/site-packages/pip/_vendor/packaging/__pycache__/tags.cpython-313.pyc
3726	2026-07-25T23:49:15.0000000000	/mnt/ems-logs/backups/frdm_kinetics_running_snapshot_20260804_231509/opt/kinetics-gateway/venv/lib/python3.13/site-packages/pip/_internal/utils/glibc.py
3729	2026-08-01T10:05:58.0000000000	/mnt/ems-logs/backups/frdm_kinetics_running_snapshot_20260804_231509/opt/kinetics-gateway/venv/lib/python3.13/site-packages/pip/_vendor/rich/__pycache__/_null_file.cpython-313.pyc
3732	2026-08-01T10:06:30.0000000000	/mnt/ems-logs/backups/frdm_kinetics_running_snapshot_20260804_231509/opt/kinetics-gateway/venv/lib/python3.13/site-packages/pygments/styles/__pycache__/colorful.cpython-313.pyc
3734	2026-07-25T23:49:15.0000000000	/mnt/ems-logs/backups/frdm_kinetics_running_snapshot_20260804_231509/opt/kinetics-gateway/venv/lib/python3.13/site-packages/pip/_internal/vcs/bazaar.py
3735	2026-07-27T13:13:32.0000000000	/mnt/ems-logs/backups/frdm_kinetics_running_snapshot_20260804_231509/opt/kinetics-gateway/backend/configs/pcs_overrides.json
3735	2026-07-27T13:13:32.0000000000	/mnt/ems-logs/backups/frdm_kinetics_running_snapshot_20260804_231509/opt/kinetics-gateway/staging/v3_0_0_20260731T161022Z/backend/configs/pcs_overrides.json
3736	2026-07-27T09:05:59.0000000000	/mnt/ems-logs/backups/frdm_kinetics_running_snapshot_20260804_231509/opt/kinetics-gateway/venv/lib/python3.13/site-packages/serial/tools/list_ports_common.py
37365	2026-08-01T10:06:28.0000000000	/mnt/ems-logs/backups/frdm_kinetics_running_snapshot_20260804_231509/opt/kinetics-gateway/venv/lib/python3.13/site-packages/pygments/lexers/__pycache__/shell.cpython-313.pyc
3739	2026-08-01T10:06:25.0000000000	/mnt/ems-logs/backups/frdm_kinetics_running_snapshot_20260804_231509/opt/kinetics-gateway/venv/lib/python3.13/site-packages/pygments/lexers/__pycache__/jslt.cpython-313.pyc
3740	2026-07-25T23:49:15.0000000000	/mnt/ems-logs/backups/frdm_kinetics_running_snapshot_20260804_231509/opt/kinetics-gateway/venv/lib/python3.13/site-packages/pip/_vendor/requests/help.py
3746	2026-08-01T10:06:21.0000000000	/mnt/ems-logs/backups/frdm_kinetics_running_snapshot_20260804_231509/opt/kinetics-gateway/venv/lib/python3.13/site-packages/pygments/lexers/futhark.py
3746	2026-08-01T10:06:27.0000000000	/mnt/ems-logs/backups/frdm_kinetics_running_snapshot_20260804_231509/opt/kinetics-gateway/venv/lib/python3.13/site-packages/pygments/lexers/__pycache__/openscad.cpython-313.pyc
375	2026-07-26T00:10:13.0000000000	/mnt/ems-logs/backups/frdm_kinetics_running_snapshot_20260804_231509/opt/kinetics-gateway/venv/lib/python3.13/site-packages/httpx2/_transports/__init__.py
3758	2026-07-25T23:53:10.0000000000	/mnt/ems-logs/backups/frdm_kinetics_running_snapshot_20260804_231509/opt/kinetics-gateway/venv/lib/python3.13/site-packages/openpyxl/worksheet/protection.py
37593	2026-07-25T23:49:15.0000000000	/mnt/ems-logs/backups/frdm_kinetics_running_snapshot_20260804_231509/opt/kinetics-gateway/venv/lib/python3.13/site-packages/pip/_internal/cli/cmdoptions.py
37622	2026-08-01T10:06:31.0000000000	/mnt/ems-logs/backups/frdm_kinetics_running_snapshot_20260804_231509/opt/kinetics-gateway/venv/lib/python3.13/site-packages/_pytest/pathlib.py
3766	2026-08-01T09:57:24.0000000000	/mnt/ems-logs/backups/frdm_kinetics_running_snapshot_20260804_231509/opt/kinetics-gateway/venv/lib/python3.13/site-packages/anyio/_core/__pycache__/_typedattr.cpython-313.pyc
3767	2026-08-01T10:06:27.0000000000	/mnt/ems-logs/backups/frdm_kinetics_running_snapshot_20260804_231509/opt/kinetics-gateway/venv/lib/python3.13/site-packages/pygments/lexers/__pycache__/oberon.cpython-313.pyc
37689	2026-08-01T10:06:31.0000000000	/mnt/ems-logs/backups/frdm_kinetics_running_snapshot_20260804_231509/opt/kinetics-gateway/venv/lib/python3.13/site-packages/_pytest/main.py
3769	2026-07-27T13:06:17.0000000000	/mnt/ems-logs/backups/frdm_kinetics_running_snapshot_20260804_231509/opt/kinetics-gateway/backend/protocol_sources/control_logic/control_logic_transcript.txt
3769	2026-07-27T13:06:17.0000000000	/mnt/ems-logs/backups/frdm_kinetics_running_snapshot_20260804_231509/opt/kinetics-gateway/staging/v3_0_0_20260731T161022Z/backend/protocol_sources/control_logic/control_logic_transcript.txt
3769	2026-08-01T10:07:22.0000000000	/mnt/ems-logs/backups/frdm_kinetics_running_snapshot_20260804_231509/opt/kinetics-gateway/venv/lib/python3.13/site-packages/httpx2/_transports/__pycache__/base.cpython-313.pyc
3771	2026-07-25T23:49:15.0000000000	/mnt/ems-logs/backups/frdm_kinetics_running_snapshot_20260804_231509/opt/kinetics-gateway/venv/lib/python3.13/site-packages/pip/_vendor/rich/theme.py
3776	2026-08-01T10:06:31.0000000000	/mnt/ems-logs/backups/frdm_kinetics_running_snapshot_20260804_231509/opt/kinetics-gateway/venv/lib/python3.13/site-packages/_pytest/_argcomplete.py
37798	2026-08-01T10:06:17.0000000000	/mnt/ems-logs/backups/frdm_kinetics_running_snapshot_20260804_231509/opt/kinetics-gateway/venv/lib/python3.13/site-packages/pip/_internal/resolution/resolvelib/__pycache__/factory.cpython-313.pyc
37840	2026-07-27T09:05:59.0000000000	/mnt/ems-logs/backups/frdm_kinetics_running_snapshot_20260804_231509/opt/kinetics-gateway/venv/lib/python3.13/site-packages/serial/tools/miniterm.py
3786	2026-08-01T10:06:21.0000000000	/mnt/ems-logs/backups/frdm_kinetics_running_snapshot_20260804_231509/opt/kinetics-gateway/venv/lib/python3.13/site-packages/pygments/lexers/go.py
3787	2026-08-01T09:57:28.0000000000	/mnt/ems-logs/backups/frdm_kinetics_running_snapshot_20260804_231509/opt/kinetics-gateway/venv/lib/python3.13/site-packages/fastapi/security/__pycache__/open_id_connect_url.cpython-313.pyc
3788	2026-08-01T10:05:59.0000000000	/mnt/ems-logs/backups/frdm_kinetics_running_snapshot_20260804_231509/opt/kinetics-gateway/venv/lib/python3.13/site-packages/pip/_vendor/rich/__pycache__/scope.cpython-313.pyc
3789	2026-08-01T10:06:08.0000000000	/mnt/ems-logs/backups/frdm_kinetics_running_snapshot_20260804_231509/opt/kinetics-gateway/venv/lib/python3.13/site-packages/pip/_vendor/urllib3/http2/__pycache__/probe.cpython-313.pyc
3790	2026-08-01T09:57:24.0000000000	/mnt/ems-logs/backups/frdm_kinetics_running_snapshot_20260804_231509/opt/kinetics-gateway/venv/lib/python3.13/site-packages/anyio/_core/__pycache__/_testing.cpython-313.pyc
37908	2026-08-01T10:06:21.0000000000	/mnt/ems-logs/backups/frdm_kinetics_running_snapshot_20260804_231509/opt/kinetics-gateway/venv/lib/python3.13/site-packages/pygments/filters/__pycache__/__init__.cpython-313.pyc
3791	2026-08-01T10:06:11.0000000000	/mnt/ems-logs/backups/frdm_kinetics_running_snapshot_20260804_231509/opt/kinetics-gateway/venv/lib/python3.13/site-packages/pip/_internal/utils/__pycache__/direct_url_helpers.cpython-313.pyc
3794	2026-08-01T10:06:27.0000000000	/mnt/ems-logs/backups/frdm_kinetics_running_snapshot_20260804_231509/opt/kinetics-gateway/venv/lib/python3.13/site-packages/pygments/lexers/__pycache__/ptx.cpython-313.pyc
37941	2026-07-25T23:53:06.0000000000	/mnt/ems-logs/backups/frdm_kinetics_running_snapshot_20260804_231509/opt/kinetics-gateway/venv/lib/python3.13/site-packages/websockets/asyncio/server.py
37963	2026-08-01T10:06:00.0000000000	/mnt/ems-logs/backups/frdm_kinetics_running_snapshot_20260804_231509/opt/kinetics-gateway/venv/lib/python3.13/site-packages/pip/_vendor/pygments/filters/__pycache__/__init__.cpython-313.pyc
37979	2026-08-01T09:57:26.0000000000	/mnt/ems-logs/backups/frdm_kinetics_running_snapshot_20260804_231509/opt/kinetics-gateway/venv/lib/python3.13/site-packages/pydantic/_internal/__pycache__/_decorators.cpython-313.pyc
3799	2026-08-01T10:06:25.0000000000	/mnt/ems-logs/backups/frdm_kinetics_running_snapshot_20260804_231509/opt/kinetics-gateway/venv/lib/python3.13/site-packages/pygments/lexers/__pycache__/gsql.cpython-313.pyc
38	2026-07-25T23:53:08.0000000000	/mnt/ems-logs/backups/frdm_kinetics_running_snapshot_20260804_231509/opt/kinetics-gateway/venv/lib/python3.13/site-packages/idna-3.18.dist-info/entry_points.txt
3803	2026-08-01T10:06:24.0000000000	/mnt/ems-logs/backups/frdm_kinetics_running_snapshot_20260804_231509/opt/kinetics-gateway/venv/lib/python3.13/site-packages/pygments/lexers/__pycache__/dns.cpython-313.pyc
38071	2026-08-01T10:06:31.0000000000	/mnt/ems-logs/backups/frdm_kinetics_running_snapshot_20260804_231509/opt/kinetics-gateway/venv/lib/python3.13/site-packages/packaging/__pycache__/pylock.cpython-313.pyc
38083	2026-08-01T10:06:01.0000000000	/mnt/ems-logs/backups/frdm_kinetics_running_snapshot_20260804_231509/opt/kinetics-gateway/venv/lib/python3.13/site-packages/pip/_vendor/packaging/__pycache__/pylock.cpython-313.pyc
3809	2026-07-25T23:53:10.0000000000	/mnt/ems-logs/backups/frdm_kinetics_running_snapshot_20260804_231509/opt/kinetics-gateway/venv/lib/python3.13/site-packages/openpyxl/comments/shape_writer.py
3815	2026-07-25T23:56:52.0000000000	/mnt/ems-logs/backups/frdm_kinetics_running_snapshot_20260804_231509/opt/kinetics-gateway/backend/app/services/alarm_engine.py
3815	2026-07-25T23:56:52.0000000000	/mnt/ems-logs/backups/frdm_kinetics_running_snapshot_20260804_231509/opt/kinetics-gateway/staging/v3_0_0_20260731T161022Z/backend/app/services/alarm_engine.py
3825	2026-08-01T10:07:22.0000000000	/mnt/ems-logs/backups/frdm_kinetics_running_snapshot_20260804_231509/opt/kinetics-gateway/venv/lib/python3.13/site-packages/httpx2/__pycache__/_types.cpython-313.pyc
3828	2026-08-01T10:01:22.0000000000	/mnt/ems-logs/backups/frdm_kinetics_running_snapshot_20260804_231509/opt/kinetics-gateway/venv/lib/python3.13/site-packages/pydantic/v1/__pycache__/tools.cpython-313.pyc
3828	2026-08-01T10:06:25.0000000000	/mnt/ems-logs/backups/frdm_kinetics_running_snapshot_20260804_231509/opt/kinetics-gateway/venv/lib/python3.13/site-packages/pygments/lexers/__pycache__/graph.cpython-313.pyc
38369	2026-08-01T10:06:30.0000000000	/mnt/ems-logs/backups/frdm_kinetics_running_snapshot_20260804_231509/opt/kinetics-gateway/venv/lib/python3.13/site-packages/packaging/version.py
38393	2026-07-25T23:49:15.0000000000	/mnt/ems-logs/backups/frdm_kinetics_running_snapshot_20260804_231509/opt/kinetics-gateway/venv/lib/python3.13/site-packages/pip/_vendor/packaging/version.py
38471	2026-08-01T10:06:00.0000000000	/mnt/ems-logs/backups/frdm_kinetics_running_snapshot_20260804_231509/opt/kinetics-gateway/venv/lib/python3.13/site-packages/pip/_vendor/pygments/__pycache__/lexer.cpython-313.pyc
3851	2026-07-25T23:53:07.0000000000	/mnt/ems-logs/backups/frdm_kinetics_running_snapshot_20260804_231509/opt/kinetics-gateway/venv/lib/python3.13/site-packages/yaml/cyaml.py
3852	2026-08-01T10:06:28.0000000000	/mnt/ems-logs/backups/frdm_kinetics_running_snapshot_20260804_231509/opt/kinetics-gateway/venv/lib/python3.13/site-packages/pygments/lexers/__pycache__/sophia.cpython-313.pyc
3863	2026-07-25T23:53:10.0000000000	/mnt/ems-logs/backups/frdm_kinetics_running_snapshot_20260804_231509/opt/kinetics-gateway/venv/lib/python3.13/site-packages/openpyxl/drawing/connector.py
3865	2026-08-01T10:06:25.0000000000	/mnt/ems-logs/backups/frdm_kinetics_running_snapshot_20260804_231509/opt/kinetics-gateway/venv/lib/python3.13/site-packages/pygments/lexers/__pycache__/ezhil.cpython-313.pyc
3868	2026-07-25T23:49:15.0000000000	/mnt/ems-logs/backups/frdm_kinetics_running_snapshot_20260804_231509/opt/kinetics-gateway/venv/lib/python3.13/site-packages/pip/_internal/commands/uninstall.py
3870	2026-08-01T10:06:30.0000000000	/mnt/ems-logs/backups/frdm_kinetics_running_snapshot_20260804_231509/opt/kinetics-gateway/venv/lib/python3.13/site-packages/pygments/lexers/__pycache__/zig.cpython-313.pyc
3873	2026-07-25T23:53:09.0000000000	/mnt/ems-logs/backups/frdm_kinetics_running_snapshot_20260804_231509/opt/kinetics-gateway/venv/lib/python3.13/site-packages/uvicorn/workers.py
3875	2026-07-28T12:13:12.0000000000	/mnt/ems-logs/backups/frdm_kinetics_running_snapshot_20260804_231509/opt/kinetics-gateway/backend/deployment/update_field_validated_control_v2_5_0_on_imx93.sh
3875	2026-07-28T12:13:12.0000000000	/mnt/ems-logs/backups/frdm_kinetics_running_snapshot_20260804_231509/opt/kinetics-gateway/staging/v3_0_0_20260731T161022Z/backend/deployment/update_field_validated_control_v2_5_0_on_imx93.sh
38770	2026-07-25T23:49:15.0000000000	/mnt/ems-logs/backups/frdm_kinetics_running_snapshot_20260804_231509/opt/kinetics-gateway/venv/lib/python3.13/site-packages/pip/_vendor/packaging/metadata.py
38770	2026-08-01T10:06:30.0000000000	/mnt/ems-logs/backups/frdm_kinetics_running_snapshot_20260804_231509/opt/kinetics-gateway/venv/lib/python3.13/site-packages/packaging/metadata.py
388	2026-07-25T23:53:10.0000000000	/mnt/ems-logs/backups/frdm_kinetics_running_snapshot_20260804_231509/opt/kinetics-gateway/venv/lib/python3.13/site-packages/openpyxl/comments/author.py
3880	2026-08-01T10:06:44.0000000000	/mnt/ems-logs/backups/frdm_kinetics_running_snapshot_20260804_231509/opt/kinetics-gateway/venv/lib/python3.13/site-packages/anyio/_core/__pycache__/_typedattr.cpython-313-pytest-8.4.2.pyc
38860	2026-07-25T23:53:13.0000000000	/mnt/ems-logs/backups/frdm_kinetics_running_snapshot_20260804_231509/opt/kinetics-gateway/venv/lib/python3.13/site-packages/pydantic/v1/mypy.py
38864	2026-08-01T10:06:22.0000000000	/mnt/ems-logs/backups/frdm_kinetics_running_snapshot_20260804_231509/opt/kinetics-gateway/venv/lib/python3.13/site-packages/pygments/__pycache__/lexer.cpython-313.pyc
38928	2026-07-25T23:53:13.0000000000	/mnt/ems-logs/backups/frdm_kinetics_running_snapshot_20260804_231509/opt/kinetics-gateway/venv/lib/python3.13/site-packages/pydantic/_internal/_model_construction.py
3894	2026-08-01T10:06:21.0000000000	/mnt/ems-logs/backups/frdm_kinetics_running_snapshot_20260804_231509/opt/kinetics-gateway/venv/lib/python3.13/site-packages/pygments/lexers/dns.py
39	2026-07-25T23:53:11.0000000000	/mnt/ems-logs/backups/frdm_kinetics_running_snapshot_20260804_231509/opt/kinetics-gateway/venv/lib/python3.13/site-packages/anyio-4.14.2.dist-info/entry_points.txt
3904	2026-07-25T23:53:10.0000000000	/mnt/ems-logs/backups/frdm_kinetics_running_snapshot_20260804_231509/opt/kinetics-gateway/venv/lib/python3.13/site-packages/openpyxl/drawing/line.py
3904	2026-08-01T10:06:44.0000000000	/mnt/ems-logs/backups/frdm_kinetics_running_snapshot_20260804_231509/opt/kinetics-gateway/venv/lib/python3.13/site-packages/anyio/_core/__pycache__/_testing.cpython-313-pytest-8.4.2.pyc
391	2026-08-01T10:06:31.0000000000	/mnt/ems-logs/backups/frdm_kinetics_running_snapshot_20260804_231509/opt/kinetics-gateway/venv/lib/python3.13/site-packages/_pytest/__init__.py
3911	2026-07-25T23:53:10.0000000000	/mnt/ems-logs/backups/frdm_kinetics_running_snapshot_20260804_231509/opt/kinetics-gateway/venv/lib/python3.13/site-packages/openpyxl/chartsheet/chartsheet.py
39121	2026-08-01T10:06:08.0000000000	/mnt/ems-logs/backups/frdm_kinetics_running_snapshot_20260804_231509/opt/kinetics-gateway/venv/lib/python3.13/site-packages/pip/_vendor/urllib3/__pycache__/connectionpool.cpython-313.pyc
39148	2026-08-01T10:06:21.0000000000	/mnt/ems-logs/backups/frdm_kinetics_running_snapshot_20260804_231509/opt/kinetics-gateway/venv/lib/python3.13/site-packages/pygments/lexers/graphics.py
3915	2026-08-01T10:06:29.0000000000	/mnt/ems-logs/backups/frdm_kinetics_running_snapshot_20260804_231509/opt/kinetics-gateway/venv/lib/python3.13/site-packages/pygments/lexers/__pycache__/supercollider.cpython-313.pyc
3918	2026-07-25T23:49:15.0000000000	/mnt/ems-logs/backups/frdm_kinetics_running_snapshot_20260804_231509/opt/kinetics-gateway/venv/lib/python3.13/site-packages/pip/_internal/resolution/resolvelib/reporter.py
39195	2026-08-01T10:06:21.0000000000	/mnt/ems-logs/backups/frdm_kinetics_running_snapshot_20260804_231509/opt/kinetics-gateway/venv/lib/python3.13/site-packages/pygments/lexers/perl.py
3920	2026-08-01T10:06:09.0000000000	/mnt/ems-logs/backups/frdm_kinetics_running_snapshot_20260804_231509/opt/kinetics-gateway/venv/lib/python3.13/site-packages/pip/_vendor/cachecontrol/__pycache__/cache.cpython-313.pyc
39215	2026-08-01T10:06:27.0000000000	/mnt/ems-logs/backups/frdm_kinetics_running_snapshot_20260804_231509/opt/kinetics-gateway/venv/lib/python3.13/site-packages/pygments/lexers/__pycache__/perl.cpython-313.pyc
3922	2026-08-01T10:01:22.0000000000	/mnt/ems-logs/backups/frdm_kinetics_running_snapshot_20260804_231509/opt/kinetics-gateway/venv/lib/python3.13/site-packages/pydantic/v1/__pycache__/annotated_types.cpython-313.pyc
3924	2026-08-01T10:06:21.0000000000	/mnt/ems-logs/backups/frdm_kinetics_running_snapshot_20260804_231509/opt/kinetics-gateway/venv/lib/python3.13/site-packages/pygments/lexers/boa.py
39274	2026-08-01T09:57:29.0000000000	/mnt/ems-logs/backups/frdm_kinetics_running_snapshot_20260804_231509/opt/kinetics-gateway/venv/lib/python3.13/site-packages/starlette/__pycache__/routing.cpython-313.pyc
3928	2026-07-26T00:10:12.0000000000	/mnt/ems-logs/backups/frdm_kinetics_running_snapshot_20260804_231509/opt/kinetics-gateway/venv/lib/python3.13/site-packages/httpcore2/_trace.py
39312	2026-08-01T10:06:08.0000000000	/mnt/ems-logs/backups/frdm_kinetics_running_snapshot_20260804_231509/opt/kinetics-gateway/venv/lib/python3.13/site-packages/pip/_vendor/urllib3/__pycache__/connection.cpython-313.pyc
3937	2026-08-01T10:06:21.0000000000	/mnt/ems-logs/backups/frdm_kinetics_running_snapshot_20260804_231509/opt/kinetics-gateway/venv/lib/python3.13/site-packages/pygments/lexers/verification.py
394	2026-07-25T23:53:07.0000000000	/mnt/ems-logs/backups/frdm_kinetics_running_snapshot_20260804_231509/opt/kinetics-gateway/venv/lib/python3.13/site-packages/uvloop/server.pxd
394	2026-07-25T23:53:09.0000000000	/mnt/ems-logs/backups/frdm_kinetics_running_snapshot_20260804_231509/opt/kinetics-gateway/venv/lib/python3.13/site-packages/uvicorn/middleware/asgi2.py
394	2026-07-25T23:53:10.0000000000	/mnt/ems-logs/backups/frdm_kinetics_running_snapshot_20260804_231509/opt/kinetics-gateway/venv/lib/python3.13/site-packages/openpyxl/styles/protection.py
39444	2026-08-01T10:06:21.0000000000	/mnt/ems-logs/backups/frdm_kinetics_running_snapshot_20260804_231509/opt/kinetics-gateway/venv/lib/python3.13/site-packages/pygments/lexers/dotnet.py
3951	2026-07-25T23:53:10.0000000000	/mnt/ems-logs/backups/frdm_kinetics_running_snapshot_20260804_231509/opt/kinetics-gateway/venv/lib/python3.13/site-packages/openpyxl/chart/line_chart.py
3974	2026-07-25T23:53:10.0000000000	/mnt/ems-logs/backups/frdm_kinetics_running_snapshot_20260804_231509/opt/kinetics-gateway/venv/lib/python3.13/site-packages/openpyxl/packaging/relationship.py
3975	2026-08-01T10:06:21.0000000000	/mnt/ems-logs/backups/frdm_kinetics_running_snapshot_20260804_231509/opt/kinetics-gateway/venv/lib/python3.13/site-packages/pygments/lexers/zig.py
398	2026-07-26T00:10:12.0000000000	/mnt/ems-logs/backups/frdm_kinetics_running_snapshot_20260804_231509/opt/kinetics-gateway/venv/lib/python3.13/site-packages/httpcore2/_ssl.py
3985	2026-07-25T23:53:13.0000000000	/mnt/ems-logs/backups/frdm_kinetics_running_snapshot_20260804_231509/opt/kinetics-gateway/venv/lib/python3.13/site-packages/pydantic/version.py
399	2026-08-01T10:06:31.0000000000	/mnt/ems-logs/backups/frdm_kinetics_running_snapshot_20260804_231509/opt/kinetics-gateway/venv/lib/python3.13/site-packages/iniconfig/exceptions.py
3993	2026-08-01T10:06:21.0000000000	/mnt/ems-logs/backups/frdm_kinetics_running_snapshot_20260804_231509/opt/kinetics-gateway/venv/lib/python3.13/site-packages/pygments/lexers/gsql.py
4	2026-07-25T23:49:21.0000000000	/mnt/ems-logs/backups/frdm_kinetics_running_snapshot_20260804_231509/opt/kinetics-gateway/venv/lib/python3.13/site-packages/pip-26.1.2.dist-info/INSTALLER
4	2026-07-25T23:53:06.0000000000	/mnt/ems-logs/backups/frdm_kinetics_running_snapshot_20260804_231509/opt/kinetics-gateway/venv/lib/python3.13/site-packages/websockets-16.1.1.dist-info/INSTALLER
4	2026-07-25T23:53:07.0000000000	/mnt/ems-logs/backups/frdm_kinetics_running_snapshot_20260804_231509/opt/kinetics-gateway/venv/lib/python3.13/site-packages/pyjwt-2.13.0.dist-info/top_level.txt
4	2026-07-25T23:53:07.0000000000	/mnt/ems-logs/backups/frdm_kinetics_running_snapshot_20260804_231509/opt/kinetics-gateway/venv/lib/python3.13/site-packages/python_dotenv-1.2.2.dist-info/INSTALLER
4	2026-07-25T23:53:07.0000000000	/mnt/ems-logs/backups/frdm_kinetics_running_snapshot_20260804_231509/opt/kinetics-gateway/venv/lib/python3.13/site-packages/pyyaml-6.0.3.dist-info/INSTALLER
4	2026-07-25T23:53:07.0000000000	/mnt/ems-logs/backups/frdm_kinetics_running_snapshot_20260804_231509/opt/kinetics-gateway/venv/lib/python3.13/site-packages/typing_extensions-4.16.0.dist-info/INSTALLER
4	2026-07-25T23:53:07.0000000000	/mnt/ems-logs/backups/frdm_kinetics_running_snapshot_20260804_231509/opt/kinetics-gateway/venv/lib/python3.13/site-packages/uvloop-0.22.1.dist-info/INSTALLER
4	2026-07-25T23:53:08.0000000000	/mnt/ems-logs/backups/frdm_kinetics_running_snapshot_20260804_231509/opt/kinetics-gateway/venv/lib/python3.13/site-packages/et_xmlfile-2.0.0.dist-info/INSTALLER
4	2026-07-25T23:53:08.0000000000	/mnt/ems-logs/backups/frdm_kinetics_running_snapshot_20260804_231509/opt/kinetics-gateway/venv/lib/python3.13/site-packages/h11-0.16.0.dist-info/INSTALLER
4	2026-07-25T23:53:08.0000000000	/mnt/ems-logs/backups/frdm_kinetics_running_snapshot_20260804_231509/opt/kinetics-gateway/venv/lib/python3.13/site-packages/h11-0.16.0.dist-info/top_level.txt
4	2026-07-25T23:53:08.0000000000	/mnt/ems-logs/backups/frdm_kinetics_running_snapshot_20260804_231509/opt/kinetics-gateway/venv/lib/python3.13/site-packages/httptools-0.8.0.dist-info/INSTALLER
4	2026-07-25T23:53:08.0000000000	/mnt/ems-logs/backups/frdm_kinetics_running_snapshot_20260804_231509/opt/kinetics-gateway/venv/lib/python3.13/site-packages/idna-3.18.dist-info/INSTALLER
4	2026-07-25T23:53:08.0000000000	/mnt/ems-logs/backups/frdm_kinetics_running_snapshot_20260804_231509/opt/kinetics-gateway/venv/lib/python3.13/site-packages/pyjwt-2.13.0.dist-info/INSTALLER
4	2026-07-25T23:53:09.0000000000	/mnt/ems-logs/backups/frdm_kinetics_running_snapshot_20260804_231509/opt/kinetics-gateway/venv/lib/python3.13/site-packages/annotated_doc-0.0.4.dist-info/INSTALLER
4	2026-07-25T23:53:09.0000000000	/mnt/ems-logs/backups/frdm_kinetics_running_snapshot_20260804_231509/opt/kinetics-gateway/venv/lib/python3.13/site-packages/annotated_types-0.8.0.dist-info/INSTALLER
4	2026-07-25T23:53:09.0000000000	/mnt/ems-logs/backups/frdm_kinetics_running_snapshot_20260804_231509/opt/kinetics-gateway/venv/lib/python3.13/site-packages/click-8.4.2.dist-info/INSTALLER
4	2026-07-25T23:53:09.0000000000	/mnt/ems-logs/backups/frdm_kinetics_running_snapshot_20260804_231509/opt/kinetics-gateway/venv/lib/python3.13/site-packages/pydantic_core-2.46.4.dist-info/INSTALLER
4	2026-07-25T23:53:09.0000000000	/mnt/ems-logs/backups/frdm_kinetics_running_snapshot_20260804_231509/opt/kinetics-gateway/venv/lib/python3.13/site-packages/typing_inspection-0.4.2.dist-info/INSTALLER
4	2026-07-25T23:53:09.0000000000	/mnt/ems-logs/backups/frdm_kinetics_running_snapshot_20260804_231509/opt/kinetics-gateway/venv/lib/python3.13/site-packages/uvicorn-0.51.0.dist-info/INSTALLER
4	2026-07-25T23:53:11.0000000000	/mnt/ems-logs/backups/frdm_kinetics_running_snapshot_20260804_231509/opt/kinetics-gateway/venv/lib/python3.13/site-packages/openpyxl-3.1.5.dist-info/INSTALLER
4	2026-07-25T23:53:12.0000000000	/mnt/ems-logs/backups/frdm_kinetics_running_snapshot_20260804_231509/opt/kinetics-gateway/venv/lib/python3.13/site-packages/anyio-4.14.2.dist-info/INSTALLER
4	2026-07-25T23:53:12.0000000000	/mnt/ems-logs/backups/frdm_kinetics_running_snapshot_20260804_231509/opt/kinetics-gateway/venv/lib/python3.13/site-packages/watchfiles-1.2.0.dist-info/INSTALLER
4	2026-07-25T23:53:13.0000000000	/mnt/ems-logs/backups/frdm_kinetics_running_snapshot_20260804_231509/opt/kinetics-gateway/venv/lib/python3.13/site-packages/starlette-1.3.1.dist-info/INSTALLER
4	2026-07-25T23:53:15.0000000000	/mnt/ems-logs/backups/frdm_kinetics_running_snapshot_20260804_231509/opt/kinetics-gateway/venv/lib/python3.13/site-packages/pydantic-2.13.4.dist-info/INSTALLER
4	2026-07-25T23:53:16.0000000000	/mnt/ems-logs/backups/frdm_kinetics_running_snapshot_20260804_231509/opt/kinetics-gateway/venv/lib/python3.13/site-packages/fastapi-0.140.0.dist-info/INSTALLER
4	2026-07-26T00:10:12.0000000000	/mnt/ems-logs/backups/frdm_kinetics_running_snapshot_20260804_231509/opt/kinetics-gateway/venv/lib/python3.13/site-packages/truststore-0.10.4.dist-info/INSTALLER
4	2026-07-26T00:10:13.0000000000	/mnt/ems-logs/backups/frdm_kinetics_running_snapshot_20260804_231509/opt/kinetics-gateway/venv/lib/python3.13/site-packages/httpcore2-2.9.1.dist-info/INSTALLER
4	2026-07-26T00:10:13.0000000000	/mnt/ems-logs/backups/frdm_kinetics_running_snapshot_20260804_231509/opt/kinetics-gateway/venv/lib/python3.13/site-packages/httpx2-2.9.1.dist-info/INSTALLER
4	2026-07-27T09:05:59.0000000000	/mnt/ems-logs/backups/frdm_kinetics_running_snapshot_20260804_231509/opt/kinetics-gateway/venv/lib/python3.13/site-packages/pyserial-3.5.dist-info/INSTALLER
4	2026-08-01T10:06:30.0000000000	/mnt/ems-logs/backups/frdm_kinetics_running_snapshot_20260804_231509/opt/kinetics-gateway/venv/lib/python3.13/site-packages/pluggy-1.6.0.dist-info/INSTALLER
4	2026-08-01T10:06:30.0000000000	/mnt/ems-logs/backups/frdm_kinetics_running_snapshot_20260804_231509/opt/kinetics-gateway/venv/lib/python3.13/site-packages/pygments-2.20.0.dist-info/INSTALLER
4	2026-08-01T10:06:31.0000000000	/mnt/ems-logs/backups/frdm_kinetics_running_snapshot_20260804_231509/opt/kinetics-gateway/venv/lib/python3.13/site-packages/iniconfig-2.3.0.dist-info/INSTALLER
4	2026-08-01T10:06:31.0000000000	/mnt/ems-logs/backups/frdm_kinetics_running_snapshot_20260804_231509/opt/kinetics-gateway/venv/lib/python3.13/site-packages/packaging-26.2.dist-info/INSTALLER
4	2026-08-01T10:06:34.0000000000	/mnt/ems-logs/backups/frdm_kinetics_running_snapshot_20260804_231509/opt/kinetics-gateway/venv/lib/python3.13/site-packages/pytest-8.4.2.dist-info/INSTALLER
4004	2026-08-01T10:06:28.0000000000	/mnt/ems-logs/backups/frdm_kinetics_running_snapshot_20260804_231509/opt/kinetics-gateway/venv/lib/python3.13/site-packages/pygments/lexers/__pycache__/savi.cpython-313.pyc
40049	2026-07-25T23:49:15.0000000000	/mnt/ems-logs/backups/frdm_kinetics_running_snapshot_20260804_231509/opt/kinetics-gateway/venv/lib/python3.13/site-packages/pip/_vendor/rich/table.py
4012	2026-08-01T10:06:21.0000000000	/mnt/ems-logs/backups/frdm_kinetics_running_snapshot_20260804_231509/opt/kinetics-gateway/venv/lib/python3.13/site-packages/pygments/lexers/tablegen.py
4015	2026-07-25T23:53:10.0000000000	/mnt/ems-logs/backups/frdm_kinetics_running_snapshot_20260804_231509/opt/kinetics-gateway/venv/lib/python3.13/site-packages/openpyxl/cell/_writer.py
4018	2026-07-25T23:53:09.0000000000	/mnt/ems-logs/backups/frdm_kinetics_running_snapshot_20260804_231509/opt/kinetics-gateway/venv/lib/python3.13/site-packages/uvicorn/supervisors/basereload.py
402	2026-07-25T23:53:13.0000000000	/mnt/ems-logs/backups/frdm_kinetics_running_snapshot_20260804_231509/opt/kinetics-gateway/venv/lib/python3.13/site-packages/pydantic/_internal/_import_utils.py
4020	2026-08-01T10:06:21.0000000000	/mnt/ems-logs/backups/frdm_kinetics_running_snapshot_20260804_231509/opt/kinetics-gateway/venv/lib/python3.13/site-packages/pygments/lexers/whiley.py
4023	2026-07-25T23:56:52.0000000000	/mnt/ems-logs/backups/frdm_kinetics_running_snapshot_20260804_231509/opt/kinetics-gateway/backend/app/security/auth.py
4023	2026-07-25T23:56:52.0000000000	/mnt/ems-logs/backups/frdm_kinetics_running_snapshot_20260804_231509/opt/kinetics-gateway/staging/v3_0_0_20260731T161022Z/backend/app/security/auth.py
4026	2026-07-25T23:49:15.0000000000	/mnt/ems-logs/backups/frdm_kinetics_running_snapshot_20260804_231509/opt/kinetics-gateway/venv/lib/python3.13/site-packages/pip/_internal/commands/__init__.py
403	2026-07-25T23:53:09.0000000000	/mnt/ems-logs/backups/frdm_kinetics_running_snapshot_20260804_231509/opt/kinetics-gateway/venv/lib/python3.13/site-packages/uvicorn/protocols/http/auto.py
4034	2026-08-01T10:06:30.0000000000	/mnt/ems-logs/backups/frdm_kinetics_running_snapshot_20260804_231509/opt/kinetics-gateway/venv/lib/python3.13/site-packages/pygments/styles/__pycache__/gh_dark.cpython-313.pyc
40349	2026-08-01T10:06:21.0000000000	/mnt/ems-logs/backups/frdm_kinetics_running_snapshot_20260804_231509/opt/kinetics-gateway/venv/lib/python3.13/site-packages/pygments/filters/__init__.py
40392	2026-07-25T23:49:15.0000000000	/mnt/ems-logs/backups/frdm_kinetics_running_snapshot_20260804_231509/opt/kinetics-gateway/venv/lib/python3.13/site-packages/pip/_vendor/pygments/filters/__init__.py
4045	2026-08-01T10:06:29.0000000000	/mnt/ems-logs/backups/frdm_kinetics_running_snapshot_20260804_231509/opt/kinetics-gateway/venv/lib/python3.13/site-packages/pygments/lexers/__pycache__/verification.cpython-313.pyc
4051	2026-08-01T10:06:29.0000000000	/mnt/ems-logs/backups/frdm_kinetics_running_snapshot_20260804_231509/opt/kinetics-gateway/venv/lib/python3.13/site-packages/pygments/lexers/__pycache__/usd.cpython-313.pyc
4052	2026-07-25T23:53:10.0000000000	/mnt/ems-logs/backups/frdm_kinetics_running_snapshot_20260804_231509/opt/kinetics-gateway/venv/lib/python3.13/site-packages/openpyxl/workbook/child.py
40558	2026-08-01T09:57:24.0000000000	/mnt/ems-logs/backups/frdm_kinetics_running_snapshot_20260804_231509/opt/kinetics-gateway/venv/lib/python3.13/site-packages/anyio/_core/__pycache__/_sockets.cpython-313.pyc
40567	2026-08-01T10:06:21.0000000000	/mnt/ems-logs/backups/frdm_kinetics_running_snapshot_20260804_231509/opt/kinetics-gateway/venv/lib/python3.13/site-packages/pygments/lexers/webmisc.py
4061	2026-07-25T23:53:10.0000000000	/mnt/ems-logs/backups/frdm_kinetics_running_snapshot_20260804_231509/opt/kinetics-gateway/venv/lib/python3.13/site-packages/openpyxl/packaging/core.py
40642	2026-08-01T10:06:00.0000000000	/mnt/ems-logs/backups/frdm_kinetics_running_snapshot_20260804_231509/opt/kinetics-gateway/venv/lib/python3.13/site-packages/pip/_vendor/rich/__pycache__/syntax.cpython-313.pyc
40655	2026-07-28T23:15:33.0000000000	/mnt/ems-logs/backups/frdm_kinetics_running_snapshot_20260804_231509/opt/kinetics-gateway/backups/v3_0_0_incremental_before_20260731T161451Z/app/services/gateway_service.py
40671	2026-08-01T10:06:44.0000000000	/mnt/ems-logs/backups/frdm_kinetics_running_snapshot_20260804_231509/opt/kinetics-gateway/venv/lib/python3.13/site-packages/anyio/_core/__pycache__/_sockets.cpython-313-pytest-8.4.2.pyc
4071	2026-07-25T23:53:06.0000000000	/mnt/ems-logs/backups/frdm_kinetics_running_snapshot_20260804_231509/opt/kinetics-gateway/venv/lib/python3.13/site-packages/websockets/streams.py
40756	2026-07-25T23:53:10.0000000000	/mnt/ems-logs/backups/frdm_kinetics_running_snapshot_20260804_231509/opt/kinetics-gateway/venv/lib/python3.13/site-packages/openpyxl/pivot/table.py
40766	2026-08-01T09:57:28.0000000000	/mnt/ems-logs/backups/frdm_kinetics_running_snapshot_20260804_231509/opt/kinetics-gateway/venv/lib/python3.13/site-packages/fastapi/__pycache__/param_functions.cpython-313.pyc
4077	2026-08-01T10:06:10.0000000000	/mnt/ems-logs/backups/frdm_kinetics_running_snapshot_20260804_231509/opt/kinetics-gateway/venv/lib/python3.13/site-packages/pip/_internal/__pycache__/pyproject.cpython-313.pyc
4079	2026-07-26T00:10:12.0000000000	/mnt/ems-logs/backups/frdm_kinetics_running_snapshot_20260804_231509/opt/kinetics-gateway/venv/lib/python3.13/site-packages/httpcore2/_backends/mock.py
4079	2026-08-01T10:06:21.0000000000	/mnt/ems-logs/backups/frdm_kinetics_running_snapshot_20260804_231509/opt/kinetics-gateway/venv/lib/python3.13/site-packages/pygments/lexers/wowtoc.py
4082	2026-08-01T10:06:31.0000000000	/mnt/ems-logs/backups/frdm_kinetics_running_snapshot_20260804_231509/opt/kinetics-gateway/venv/lib/python3.13/site-packages/_pytest/_io/saferepr.py
40831	2026-07-25T23:53:15.0000000000	/mnt/ems-logs/backups/frdm_kinetics_running_snapshot_20260804_231509/opt/kinetics-gateway/venv/lib/python3.13/site-packages/fastapi/dependencies/utils.py
4091	2026-07-25T23:49:15.0000000000	/mnt/ems-logs/backups/frdm_kinetics_running_snapshot_20260804_231509/opt/kinetics-gateway/venv/lib/python3.13/site-packages/pip/_internal/network/utils.py
4094	2026-08-01T09:57:23.0000000000	/mnt/ems-logs/backups/frdm_kinetics_running_snapshot_20260804_231509/opt/kinetics-gateway/venv/lib/python3.13/site-packages/uvicorn/__pycache__/_compat.cpython-313.pyc
4098	2026-08-01T10:06:00.0000000000	/mnt/ems-logs/backups/frdm_kinetics_running_snapshot_20260804_231509/opt/kinetics-gateway/venv/lib/python3.13/site-packages/pip/_vendor/pygments/__pycache__/regexopt.cpython-313.pyc
4101	2026-08-01T10:06:24.0000000000	/mnt/ems-logs/backups/frdm_kinetics_running_snapshot_20260804_231509/opt/kinetics-gateway/venv/lib/python3.13/site-packages/pygments/lexers/__pycache__/ampl.cpython-313.pyc
41012	2026-08-01T10:06:28.0000000000	/mnt/ems-logs/backups/frdm_kinetics_running_snapshot_20260804_231509/opt/kinetics-gateway/venv/lib/python3.13/site-packages/pygments/lexers/__pycache__/sql.cpython-313.pyc
4104	2026-08-01T10:06:25.0000000000	/mnt/ems-logs/backups/frdm_kinetics_running_snapshot_20260804_231509/opt/kinetics-gateway/venv/lib/python3.13/site-packages/pygments/lexers/__pycache__/futhark.cpython-313.pyc
4105	2026-08-01T10:06:01.0000000000	/mnt/ems-logs/backups/frdm_kinetics_running_snapshot_20260804_231509/opt/kinetics-gateway/venv/lib/python3.13/site-packages/pip/_internal/commands/__pycache__/__init__.cpython-313.pyc
411	2026-07-25T23:56:52.0000000000	/mnt/ems-logs/backups/frdm_kinetics_running_snapshot_20260804_231509/opt/kinetics-gateway/backend/Makefile
411	2026-07-25T23:56:52.0000000000	/mnt/ems-logs/backups/frdm_kinetics_running_snapshot_20260804_231509/opt/kinetics-gateway/staging/v3_0_0_20260731T161022Z/backend/Makefile
4110	2026-08-01T10:06:01.0000000000	/mnt/ems-logs/backups/frdm_kinetics_running_snapshot_20260804_231509/opt/kinetics-gateway/venv/lib/python3.13/site-packages/pip/_internal/models/__pycache__/release_control.cpython-313.pyc
4111	2026-08-01T10:05:57.0000000000	/mnt/ems-logs/backups/frdm_kinetics_running_snapshot_20260804_231509/opt/kinetics-gateway/venv/lib/python3.13/site-packages/pip/_vendor/rich/__pycache__/emoji.cpython-313.pyc
4111	2026-08-01T10:06:21.0000000000	/mnt/ems-logs/backups/frdm_kinetics_running_snapshot_20260804_231509/opt/kinetics-gateway/venv/lib/python3.13/site-packages/pygments/lexers/graph.py
41119	2026-08-01T09:57:29.0000000000	/mnt/ems-logs/backups/frdm_kinetics_running_snapshot_20260804_231509/opt/kinetics-gateway/venv/lib/python3.13/site-packages/jwt/__pycache__/algorithms.cpython-313.pyc
4117	2026-07-25T23:49:15.0000000000	/mnt/ems-logs/backups/frdm_kinetics_running_snapshot_20260804_231509/opt/kinetics-gateway/venv/lib/python3.13/site-packages/pip/_vendor/cachecontrol/caches/file_cache.py
4121	2026-08-01T10:06:30.0000000000	/mnt/ems-logs/backups/frdm_kinetics_running_snapshot_20260804_231509/opt/kinetics-gateway/venv/lib/python3.13/site-packages/pygments/lexers/__pycache__/yang.cpython-313.pyc
4125	2026-07-25T23:53:10.0000000000	/mnt/ems-logs/backups/frdm_kinetics_running_snapshot_20260804_231509/opt/kinetics-gateway/venv/lib/python3.13/site-packages/openpyxl/worksheet/merge.py
41251	2026-08-01T10:05:59.0000000000	/mnt/ems-logs/backups/frdm_kinetics_running_snapshot_20260804_231509/opt/kinetics-gateway/venv/lib/python3.13/site-packages/pip/_vendor/rich/__pycache__/pretty.cpython-313.pyc
4126	2026-08-01T10:06:09.0000000000	/mnt/ems-logs/backups/frdm_kinetics_running_snapshot_20260804_231509/opt/kinetics-gateway/venv/lib/python3.13/site-packages/pip/_internal/req/__pycache__/__init__.cpython-313.pyc
4127	2026-07-25T23:53:13.0000000000	/mnt/ems-logs/backups/frdm_kinetics_running_snapshot_20260804_231509/opt/kinetics-gateway/venv/lib/python3.13/site-packages/pydantic/_internal/_docs_extraction.py
41286	2026-08-01T10:06:31.0000000000	/mnt/ems-logs/backups/frdm_kinetics_running_snapshot_20260804_231509/opt/kinetics-gateway/venv/lib/python3.13/site-packages/packaging/__pycache__/version.cpython-313.pyc
4131	2026-08-01T10:06:30.0000000000	/mnt/ems-logs/backups/frdm_kinetics_running_snapshot_20260804_231509/opt/kinetics-gateway/venv/lib/python3.13/site-packages/pluggy/__pycache__/_tracing.cpython-313.pyc
41322	2026-08-01T10:05:58.0000000000	/mnt/ems-logs/backups/frdm_kinetics_running_snapshot_20260804_231509/opt/kinetics-gateway/venv/lib/python3.13/site-packages/pip/_vendor/packaging/__pycache__/version.cpython-313.pyc
4133	2026-07-25T23:53:10.0000000000	/mnt/ems-logs/backups/frdm_kinetics_running_snapshot_20260804_231509/opt/kinetics-gateway/venv/lib/python3.13/site-packages/openpyxl/chart/label.py
4134	2026-08-01T10:06:10.0000000000	/mnt/ems-logs/backups/frdm_kinetics_running_snapshot_20260804_231509/opt/kinetics-gateway/venv/lib/python3.13/site-packages/pip/_internal/utils/__pycache__/entrypoints.cpython-313.pyc
41347	2026-07-25T23:49:15.0000000000	/mnt/ems-logs/backups/frdm_kinetics_running_snapshot_20260804_231509/opt/kinetics-gateway/venv/lib/python3.13/site-packages/pip/_internal/index/package_finder.py
4136	2026-08-01T10:06:30.0000000000	/mnt/ems-logs/backups/frdm_kinetics_running_snapshot_20260804_231509/opt/kinetics-gateway/venv/lib/python3.13/site-packages/pluggy/__pycache__/_result.cpython-313.pyc
4139	2026-07-25T23:53:08.0000000000	/mnt/ems-logs/backups/frdm_kinetics_running_snapshot_20260804_231509/opt/kinetics-gateway/venv/lib/python3.13/site-packages/idna/cli.py
4142	2026-07-25T23:53:10.0000000000	/mnt/ems-logs/backups/frdm_kinetics_running_snapshot_20260804_231509/opt/kinetics-gateway/venv/lib/python3.13/site-packages/openpyxl/chart/bar_chart.py
4144	2026-07-25T23:53:15.0000000000	/mnt/ems-logs/backups/frdm_kinetics_running_snapshot_20260804_231509/opt/kinetics-gateway/venv/lib/python3.13/site-packages/fastapi/responses.py
41467	2026-07-25T23:49:15.0000000000	/mnt/ems-logs/backups/frdm_kinetics_running_snapshot_20260804_231509/opt/kinetics-gateway/venv/lib/python3.13/site-packages/pip/_vendor/distlib/compat.py
41500	2026-08-01T09:57:27.0000000000	/mnt/ems-logs/backups/frdm_kinetics_running_snapshot_20260804_231509/opt/kinetics-gateway/venv/lib/python3.13/site-packages/starlette/__pycache__/datastructures.cpython-313.pyc
4151	2026-08-01T10:06:01.0000000000	/mnt/ems-logs/backups/frdm_kinetics_running_snapshot_20260804_231509/opt/kinetics-gateway/venv/lib/python3.13/site-packages/pip/_internal/models/__pycache__/format_control.cpython-313.pyc
41510	2026-08-01T10:06:33.0000000000	/mnt/ems-logs/backups/frdm_kinetics_running_snapshot_20260804_231509/opt/kinetics-gateway/venv/lib/python3.13/site-packages/_pytest/__pycache__/pathlib.cpython-313.pyc
4155	2026-08-01T10:06:31.0000000000	/mnt/ems-logs/backups/frdm_kinetics_running_snapshot_20260804_231509/opt/kinetics-gateway/venv/lib/python3.13/site-packages/_pytest/pastebin.py
4156	2026-08-01T09:57:24.0000000000	/mnt/ems-logs/backups/frdm_kinetics_running_snapshot_20260804_231509/opt/kinetics-gateway/venv/lib/python3.13/site-packages/click/__pycache__/__init__.cpython-313.pyc
4165	2026-07-25T23:53:07.0000000000	/mnt/ems-logs/backups/frdm_kinetics_running_snapshot_20260804_231509/opt/kinetics-gateway/venv/lib/python3.13/site-packages/yaml/serializer.py
41656	2026-08-01T10:06:21.0000000000	/mnt/ems-logs/backups/frdm_kinetics_running_snapshot_20260804_231509/opt/kinetics-gateway/venv/lib/python3.13/site-packages/pygments/lexers/sql.py
417	2026-07-25T23:49:15.0000000000	/mnt/ems-logs/backups/frdm_kinetics_running_snapshot_20260804_231509/opt/kinetics-gateway/venv/lib/python3.13/site-packages/pip/_vendor/rich/_timer.py
41713	2026-08-01T10:06:22.0000000000	/mnt/ems-logs/backups/frdm_kinetics_running_snapshot_20260804_231509/opt/kinetics-gateway/venv/lib/python3.13/site-packages/pygments/formatters/__pycache__/html.cpython-313.pyc
4176	2026-07-25T23:49:15.0000000000	/mnt/ems-logs/backups/frdm_kinetics_running_snapshot_20260804_231509/opt/kinetics-gateway/venv/lib/python3.13/site-packages/pip/_vendor/pygments/formatters/_mapping.py
4176	2026-08-01T10:06:21.0000000000	/mnt/ems-logs/backups/frdm_kinetics_running_snapshot_20260804_231509/opt/kinetics-gateway/venv/lib/python3.13/site-packages/pygments/formatters/_mapping.py
4179	2026-08-01T10:06:21.0000000000	/mnt/ems-logs/backups/frdm_kinetics_running_snapshot_20260804_231509/opt/kinetics-gateway/venv/lib/python3.13/site-packages/pygments/lexers/ampl.py
418	2026-07-25T23:53:15.0000000000	/mnt/ems-logs/backups/frdm_kinetics_running_snapshot_20260804_231509/opt/kinetics-gateway/venv/lib/python3.13/site-packages/fastapi/cli.py
4182	2026-08-01T09:57:29.0000000000	/mnt/ems-logs/backups/frdm_kinetics_running_snapshot_20260804_231509/opt/kinetics-gateway/venv/lib/python3.13/site-packages/starlette/middleware/__pycache__/exceptions.cpython-313.pyc
4183	2026-08-01T10:06:21.0000000000	/mnt/ems-logs/backups/frdm_kinetics_running_snapshot_20260804_231509/opt/kinetics-gateway/venv/lib/python3.13/site-packages/pygments/lexers/console.py
419	2026-08-01T10:06:34.0000000000	/mnt/ems-logs/backups/frdm_kinetics_running_snapshot_20260804_231509/opt/kinetics-gateway/venv/lib/python3.13/site-packages/pytest/__pycache__/__main__.cpython-313.pyc
41929	2026-07-25T23:53:06.0000000000	/mnt/ems-logs/backups/frdm_kinetics_running_snapshot_20260804_231509/opt/kinetics-gateway/venv/lib/python3.13/site-packages/websockets/sync/connection.py
41963	2026-08-01T10:01:14.0000000000	/mnt/ems-logs/backups/frdm_kinetics_running_snapshot_20260804_231509/opt/kinetics-gateway/venv/lib/python3.13/site-packages/serial/__pycache__/serialposix.cpython-313.pyc
4197	2026-08-01T10:06:22.0000000000	/mnt/ems-logs/backups/frdm_kinetics_running_snapshot_20260804_231509/opt/kinetics-gateway/venv/lib/python3.13/site-packages/pygments/formatters/__pycache__/_mapping.cpython-313.pyc
42	2026-07-25T23:56:52.0000000000	/mnt/ems-logs/backups/frdm_kinetics_running_snapshot_20260804_231509/opt/kinetics-gateway/backend/pytest.ini
42	2026-07-25T23:56:52.0000000000	/mnt/ems-logs/backups/frdm_kinetics_running_snapshot_20260804_231509/opt/kinetics-gateway/staging/v3_0_0_20260731T161022Z/backend/pytest.ini
4204	2026-08-01T10:06:21.0000000000	/mnt/ems-logs/backups/frdm_kinetics_running_snapshot_20260804_231509/opt/kinetics-gateway/venv/lib/python3.13/site-packages/pygments/styles/material.py
4205	2026-07-25T23:53:10.0000000000	/mnt/ems-logs/backups/frdm_kinetics_running_snapshot_20260804_231509/opt/kinetics-gateway/venv/lib/python3.13/site-packages/openpyxl/drawing/picture.py
42061	2026-08-01T10:06:09.0000000000	/mnt/ems-logs/backups/frdm_kinetics_running_snapshot_20260804_231509/opt/kinetics-gateway/venv/lib/python3.13/site-packages/pip/_vendor/msgpack/__pycache__/fallback.cpython-313.pyc
42102	2026-07-25T23:53:13.0000000000	/mnt/ems-logs/backups/frdm_kinetics_running_snapshot_20260804_231509/opt/kinetics-gateway/venv/lib/python3.13/site-packages/pydantic/networks.py
4214	2026-07-25T23:49:15.0000000000	/mnt/ems-logs/backups/frdm_kinetics_running_snapshot_20260804_231509/opt/kinetics-gateway/venv/lib/python3.13/site-packages/pip/_vendor/rich/spinner.py
4216	2026-08-01T10:06:21.0000000000	/mnt/ems-logs/backups/frdm_kinetics_running_snapshot_20260804_231509/opt/kinetics-gateway/venv/lib/python3.13/site-packages/pygments/lexers/oberon.py
4217912	2026-07-25T23:53:09.0000000000	/mnt/ems-logs/backups/frdm_kinetics_running_snapshot_20260804_231509/opt/kinetics-gateway/venv/lib/python3.13/site-packages/pydantic_core/_pydantic_core.cpython-313-aarch64-linux-gnu.so
42219	2026-08-01T10:06:21.0000000000	/mnt/ems-logs/backups/frdm_kinetics_running_snapshot_20260804_231509/opt/kinetics-gateway/venv/lib/python3.13/site-packages/pygments/lexers/asm.py
4228	2026-08-01T10:06:21.0000000000	/mnt/ems-logs/backups/frdm_kinetics_running_snapshot_20260804_231509/opt/kinetics-gateway/venv/lib/python3.13/site-packages/pygments/lexers/_vbscript_builtins.py
423	2026-07-25T23:49:15.0000000000	/mnt/ems-logs/backups/frdm_kinetics_running_snapshot_20260804_231509/opt/kinetics-gateway/venv/lib/python3.13/site-packages/pip/_vendor/rich/_pick.py
4232	2026-07-25T23:53:10.0000000000	/mnt/ems-logs/backups/frdm_kinetics_running_snapshot_20260804_231509/opt/kinetics-gateway/venv/lib/python3.13/site-packages/openpyxl/worksheet/_write_only.py
4233	2026-08-01T10:08:09.0000000000	/mnt/ems-logs/backups/frdm_kinetics_running_snapshot_20260804_231509/opt/kinetics-gateway/backend/tests/__pycache__/test_pair_bau_endpoints.cpython-313-pytest-8.4.2.pyc
4235	2026-07-25T23:53:08.0000000000	/mnt/ems-logs/backups/frdm_kinetics_running_snapshot_20260804_231509/opt/kinetics-gateway/venv/lib/python3.13/site-packages/httptools/parser/url_parser.pyx
4235	2026-08-01T10:06:24.0000000000	/mnt/ems-logs/backups/frdm_kinetics_running_snapshot_20260804_231509/opt/kinetics-gateway/venv/lib/python3.13/site-packages/pygments/lexers/__pycache__/cddl.cpython-313.pyc
4239	2026-08-01T10:06:31.0000000000	/mnt/ems-logs/backups/frdm_kinetics_running_snapshot_20260804_231509/opt/kinetics-gateway/venv/lib/python3.13/site-packages/_pytest/warning_types.py
424	2026-07-26T21:34:29.0000000000	/mnt/ems-logs/backups/frdm_kinetics_running_snapshot_20260804_231509/opt/kinetics-gateway/backend/deployment/udev/99-pcs-rs485.rules.example
424	2026-07-26T21:34:29.0000000000	/mnt/ems-logs/backups/frdm_kinetics_running_snapshot_20260804_231509/opt/kinetics-gateway/staging/v3_0_0_20260731T161022Z/backend/deployment/udev/99-pcs-rs485.rules.example
4243	2026-07-25T23:49:15.0000000000	/mnt/ems-logs/backups/frdm_kinetics_running_snapshot_20260804_231509/opt/kinetics-gateway/venv/lib/python3.13/site-packages/pip/_internal/models/target_python.py
4245	2026-08-01T10:06:22.0000000000	/mnt/ems-logs/backups/frdm_kinetics_running_snapshot_20260804_231509/opt/kinetics-gateway/venv/lib/python3.13/site-packages/pygments/formatters/__pycache__/bbcode.cpython-313.pyc
4248	2026-07-25T23:53:10.0000000000	/mnt/ems-logs/backups/frdm_kinetics_running_snapshot_20260804_231509/opt/kinetics-gateway/venv/lib/python3.13/site-packages/openpyxl/utils/formulas.py
4250	2026-08-01T10:06:21.0000000000	/mnt/ems-logs/backups/frdm_kinetics_running_snapshot_20260804_231509/opt/kinetics-gateway/venv/lib/python3.13/site-packages/pygments/styles/solarized.py
4254	2026-08-01T10:06:30.0000000000	/mnt/ems-logs/backups/frdm_kinetics_running_snapshot_20260804_231509/opt/kinetics-gateway/venv/lib/python3.13/site-packages/pygments/styles/__pycache__/lovelace.cpython-313.pyc
4256	2026-07-25T23:53:09.0000000000	/mnt/ems-logs/backups/frdm_kinetics_running_snapshot_20260804_231509/opt/kinetics-gateway/venv/lib/python3.13/site-packages/uvicorn/logging.py
4257	2026-08-01T10:06:24.0000000000	/mnt/ems-logs/backups/frdm_kinetics_running_snapshot_20260804_231509/opt/kinetics-gateway/venv/lib/python3.13/site-packages/pygments/lexers/__pycache__/chapel.cpython-313.pyc
4262	2026-08-01T10:02:36.0000000000	/mnt/ems-logs/backups/frdm_kinetics_running_snapshot_20260804_231509/opt/kinetics-gateway/backend/tests/__pycache__/test_api.cpython-313.pyc
4267	2026-08-01T10:06:21.0000000000	/mnt/ems-logs/backups/frdm_kinetics_running_snapshot_20260804_231509/opt/kinetics-gateway/venv/lib/python3.13/site-packages/pygments/lexers/asn1.py
4273	2026-07-25T23:49:15.0000000000	/mnt/ems-logs/backups/frdm_kinetics_running_snapshot_20260804_231509/opt/kinetics-gateway/venv/lib/python3.13/site-packages/pip/_vendor/requests/exceptions.py
4273	2026-08-01T10:06:32.0000000000	/mnt/ems-logs/backups/frdm_kinetics_running_snapshot_20260804_231509/opt/kinetics-gateway/venv/lib/python3.13/site-packages/_pytest/assertion/__pycache__/truncate.cpython-313.pyc
4273	2026-08-01T10:06:34.0000000000	/mnt/ems-logs/backups/frdm_kinetics_running_snapshot_20260804_231509/opt/kinetics-gateway/venv/lib/python3.13/site-packages/_pytest/__pycache__/stash.cpython-313.pyc
4274	2026-08-01T10:06:11.0000000000	/mnt/ems-logs/backups/frdm_kinetics_running_snapshot_20260804_231509/opt/kinetics-gateway/venv/lib/python3.13/site-packages/pip/_internal/metadata/importlib/__pycache__/_compat.cpython-313.pyc
428	2026-08-01T10:06:09.0000000000	/mnt/ems-logs/backups/frdm_kinetics_running_snapshot_20260804_231509/opt/kinetics-gateway/venv/lib/python3.13/site-packages/pip/_vendor/cachecontrol/caches/__pycache__/__init__.cpython-313.pyc
42800	2026-07-25T23:49:15.0000000000	/mnt/ems-logs/backups/frdm_kinetics_running_snapshot_20260804_231509/opt/kinetics-gateway/venv/lib/python3.13/site-packages/pip/_vendor/urllib3/connection.py
42849	2026-08-01T10:06:31.0000000000	/mnt/ems-logs/backups/frdm_kinetics_running_snapshot_20260804_231509/opt/kinetics-gateway/venv/lib/python3.13/site-packages/_pytest/hookspec.py
4285	2026-08-01T10:06:17.0000000000	/mnt/ems-logs/backups/frdm_kinetics_running_snapshot_20260804_231509/opt/kinetics-gateway/venv/lib/python3.13/site-packages/pip/_vendor/resolvelib/resolvers/__pycache__/exceptions.cpython-313.pyc
4288	2026-08-01T10:06:24.0000000000	/mnt/ems-logs/backups/frdm_kinetics_running_snapshot_20260804_231509/opt/kinetics-gateway/venv/lib/python3.13/site-packages/pygments/lexers/__pycache__/console.cpython-313.pyc
4288	2026-08-01T10:06:30.0000000000	/mnt/ems-logs/backups/frdm_kinetics_running_snapshot_20260804_231509/opt/kinetics-gateway/venv/lib/python3.13/site-packages/pygments/styles/__pycache__/arduino.cpython-313.pyc
429	2026-07-23T18:29:28.5044347550	/mnt/ems-logs/backups/frdm_kinetics_running_snapshot_20260804_231509/systemd/ems-v3-wifi.service
42910	2026-08-01T09:57:28.0000000000	/mnt/ems-logs/backups/frdm_kinetics_running_snapshot_20260804_231509/opt/kinetics-gateway/venv/lib/python3.13/site-packages/fastapi/dependencies/__pycache__/utils.cpython-313.pyc
42958	2026-08-01T10:06:32.0000000000	/mnt/ems-logs/backups/frdm_kinetics_running_snapshot_20260804_231509/opt/kinetics-gateway/venv/lib/python3.13/site-packages/_pytest/__pycache__/hookspec.cpython-313.pyc
43000	2026-07-31T15:05:42.0000000000	/mnt/ems-logs/backups/frdm_kinetics_running_snapshot_20260804_231509/opt/kinetics-gateway/staging/v3_0_0_20260731T161022Z/backend/app/services/gateway_service.py
43000	2026-07-31T21:44:51.0000000000	/mnt/ems-logs/backups/frdm_kinetics_running_snapshot_20260804_231509/opt/kinetics-gateway/backups/v3_0_0_incremental_before_20260731T161610Z/app/services/gateway_service.py
43000	2026-07-31T21:46:10.0000000000	/mnt/ems-logs/backups/frdm_kinetics_running_snapshot_20260804_231509/opt/kinetics-gateway/backend/app/services/gateway_service.py
43006	2026-07-25T23:53:07.0000000000	/mnt/ems-logs/backups/frdm_kinetics_running_snapshot_20260804_231509/opt/kinetics-gateway/venv/lib/python3.13/site-packages/yaml/emitter.py
4319	2026-07-25T23:49:15.0000000000	/mnt/ems-logs/backups/frdm_kinetics_running_snapshot_20260804_231509/opt/kinetics-gateway/venv/lib/python3.13/site-packages/pip/_internal/utils/deprecation.py
4319	2026-08-01T10:05:58.0000000000	/mnt/ems-logs/backups/frdm_kinetics_running_snapshot_20260804_231509/opt/kinetics-gateway/venv/lib/python3.13/site-packages/pip/_vendor/rich/__pycache__/_log_render.cpython-313.pyc
4319	2026-08-01T10:06:25.0000000000	/mnt/ems-logs/backups/frdm_kinetics_running_snapshot_20260804_231509/opt/kinetics-gateway/venv/lib/python3.13/site-packages/pygments/lexers/__pycache__/j.cpython-313.pyc
4322	2026-07-25T23:49:15.0000000000	/mnt/ems-logs/backups/frdm_kinetics_running_snapshot_20260804_231509/opt/kinetics-gateway/venv/lib/python3.13/site-packages/pip/_vendor/requests/status_codes.py
43320	2026-08-01T10:06:27.0000000000	/mnt/ems-logs/backups/frdm_kinetics_running_snapshot_20260804_231509/opt/kinetics-gateway/venv/lib/python3.13/site-packages/pygments/lexers/__pycache__/python.cpython-313.pyc
4334	2026-08-01T10:06:34.0000000000	/mnt/ems-logs/backups/frdm_kinetics_running_snapshot_20260804_231509/opt/kinetics-gateway/venv/lib/python3.13/site-packages/pytest/__pycache__/__init__.cpython-313.pyc
43371	2026-07-25T23:49:15.0000000000	/mnt/ems-logs/backups/frdm_kinetics_running_snapshot_20260804_231509/opt/kinetics-gateway/venv/lib/python3.13/site-packages/pip/_vendor/urllib3/connectionpool.py
4338	2026-08-03T20:04:57.0000000000	/mnt/ems-logs/backups/frdm_kinetics_running_snapshot_20260804_231509/opt/kinetics-gateway/venv/lib/python3.13/site-packages/pip/_internal/commands/__pycache__/freeze.cpython-313.pyc
4341	2026-07-25T23:53:15.0000000000	/mnt/ems-logs/backups/frdm_kinetics_running_snapshot_20260804_231509/opt/kinetics-gateway/venv/lib/python3.13/site-packages/fastapi/utils.py
43418	2026-08-01T10:06:09.0000000000	/mnt/ems-logs/backups/frdm_kinetics_running_snapshot_20260804_231509/opt/kinetics-gateway/venv/lib/python3.13/site-packages/pip/_internal/index/__pycache__/package_finder.cpython-313.pyc
4345	2026-08-01T10:06:21.0000000000	/mnt/ems-logs/backups/frdm_kinetics_running_snapshot_20260804_231509/opt/kinetics-gateway/venv/lib/python3.13/site-packages/pygments/lexers/meson.py
435	2026-07-25T23:49:15.0000000000	/mnt/ems-logs/backups/frdm_kinetics_running_snapshot_20260804_231509/opt/kinetics-gateway/venv/lib/python3.13/site-packages/pip/_vendor/requests/__version__.py
435	2026-07-25T23:53:11.0000000000	/mnt/ems-logs/backups/frdm_kinetics_running_snapshot_20260804_231509/opt/kinetics-gateway/venv/lib/python3.13/site-packages/anyio/_core/_resources.py
4352	2026-07-25T23:53:10.0000000000	/mnt/ems-logs/backups/frdm_kinetics_running_snapshot_20260804_231509/opt/kinetics-gateway/venv/lib/python3.13/site-packages/openpyxl/reader/workbook.py
4354	2026-07-25T23:49:15.0000000000	/mnt/ems-logs/backups/frdm_kinetics_running_snapshot_20260804_231509/opt/kinetics-gateway/venv/lib/python3.13/site-packages/pip/_vendor/cachecontrol/filewrapper.py
43650	2026-08-01T10:06:30.0000000000	/mnt/ems-logs/backups/frdm_kinetics_running_snapshot_20260804_231509/opt/kinetics-gateway/venv/lib/python3.13/site-packages/pygments/lexers/__pycache__/webmisc.cpython-313.pyc
4367	2026-07-25T23:53:10.0000000000	/mnt/ems-logs/backups/frdm_kinetics_running_snapshot_20260804_231509/opt/kinetics-gateway/venv/lib/python3.13/site-packages/openpyxl/cell/text.py
4369	2026-08-01T10:06:21.0000000000	/mnt/ems-logs/backups/frdm_kinetics_running_snapshot_20260804_231509/opt/kinetics-gateway/venv/lib/python3.13/site-packages/pygments/formatter.py
4373	2026-08-01T10:06:00.0000000000	/mnt/ems-logs/backups/frdm_kinetics_running_snapshot_20260804_231509/opt/kinetics-gateway/venv/lib/python3.13/site-packages/pip/_internal/utils/__pycache__/virtualenv.cpython-313.pyc
4376	2026-08-01T10:06:30.0000000000	/mnt/ems-logs/backups/frdm_kinetics_running_snapshot_20260804_231509/opt/kinetics-gateway/venv/lib/python3.13/site-packages/pygments/styles/__pycache__/lightbulb.cpython-313.pyc
438	2026-07-25T23:53:15.0000000000	/mnt/ems-logs/backups/frdm_kinetics_running_snapshot_20260804_231509/opt/kinetics-gateway/venv/lib/python3.13/site-packages/fastapi/types.py
4383	2026-08-01T10:06:30.0000000000	/mnt/ems-logs/backups/frdm_kinetics_running_snapshot_20260804_231509/opt/kinetics-gateway/venv/lib/python3.13/site-packages/packaging/requirements.py
4390	2026-07-25T23:49:15.0000000000	/mnt/ems-logs/backups/frdm_kinetics_running_snapshot_20260804_231509/opt/kinetics-gateway/venv/lib/python3.13/site-packages/pip/_vendor/pygments/formatter.py
4395	2026-07-25T23:49:15.0000000000	/mnt/ems-logs/backups/frdm_kinetics_running_snapshot_20260804_231509/opt/kinetics-gateway/venv/lib/python3.13/site-packages/pip/_vendor/packaging/requirements.py
4399	2026-08-01T10:06:30.0000000000	/mnt/ems-logs/backups/frdm_kinetics_running_snapshot_20260804_231509/opt/kinetics-gateway/venv/lib/python3.13/site-packages/pygments/styles/__pycache__/gruvbox.cpython-313.pyc
440	2026-07-25T23:53:07.0000000000	/mnt/ems-logs/backups/frdm_kinetics_running_snapshot_20260804_231509/opt/kinetics-gateway/venv/lib/python3.13/site-packages/uvloop/handles/timer.pxd
4400	2026-08-01T10:06:30.0000000000	/mnt/ems-logs/backups/frdm_kinetics_running_snapshot_20260804_231509/opt/kinetics-gateway/venv/lib/python3.13/site-packages/packaging/__pycache__/errors.cpython-313.pyc
4403	2026-07-25T23:49:15.0000000000	/mnt/ems-logs/backups/frdm_kinetics_running_snapshot_20260804_231509/opt/kinetics-gateway/venv/lib/python3.13/site-packages/pip/_internal/cli/main_parser.py
4407	2026-07-25T23:53:13.0000000000	/mnt/ems-logs/backups/frdm_kinetics_running_snapshot_20260804_231509/opt/kinetics-gateway/venv/lib/python3.13/site-packages/pydantic/annotated_handlers.py
4412	2026-08-01T10:06:11.0000000000	/mnt/ems-logs/backups/frdm_kinetics_running_snapshot_20260804_231509/opt/kinetics-gateway/venv/lib/python3.13/site-packages/pip/_vendor/packaging/__pycache__/errors.cpython-313.pyc
4413	2026-07-26T00:10:12.0000000000	/mnt/ems-logs/backups/frdm_kinetics_running_snapshot_20260804_231509/opt/kinetics-gateway/venv/lib/python3.13/site-packages/truststore-0.10.4.dist-info/METADATA
4416	2026-07-25T23:53:13.0000000000	/mnt/ems-logs/backups/frdm_kinetics_running_snapshot_20260804_231509/opt/kinetics-gateway/venv/lib/python3.13/site-packages/pydantic/validate_call_decorator.py
442	2026-07-25T23:49:15.0000000000	/mnt/ems-logs/backups/frdm_kinetics_running_snapshot_20260804_231509/opt/kinetics-gateway/venv/lib/python3.13/site-packages/pip/_vendor/requests/certs.py
4423	2026-07-25T23:49:15.0000000000	/mnt/ems-logs/backups/frdm_kinetics_running_snapshot_20260804_231509/opt/kinetics-gateway/venv/lib/python3.13/site-packages/pip/_vendor/urllib3/util/wait.py
4424	2026-07-25T23:49:15.0000000000	/mnt/ems-logs/backups/frdm_kinetics_running_snapshot_20260804_231509/opt/kinetics-gateway/venv/lib/python3.13/site-packages/pip/_vendor/rich/status.py
4424	2026-08-01T10:06:21.0000000000	/mnt/ems-logs/backups/frdm_kinetics_running_snapshot_20260804_231509/opt/kinetics-gateway/venv/lib/python3.13/site-packages/pygments/lexers/nix.py
4426	2026-07-25T23:53:12.0000000000	/mnt/ems-logs/backups/frdm_kinetics_running_snapshot_20260804_231509/opt/kinetics-gateway/venv/lib/python3.13/site-packages/starlette/config.py
4429	2026-08-01T10:06:32.0000000000	/mnt/ems-logs/backups/frdm_kinetics_running_snapshot_20260804_231509/opt/kinetics-gateway/venv/lib/python3.13/site-packages/_pytest/__pycache__/faulthandler.cpython-313.pyc
4431	2026-07-25T23:49:15.0000000000	/mnt/ems-logs/backups/frdm_kinetics_running_snapshot_20260804_231509/opt/kinetics-gateway/venv/lib/python3.13/site-packages/pip/_vendor/rich/repr.py
44328	2026-08-01T10:05:59.0000000000	/mnt/ems-logs/backups/frdm_kinetics_running_snapshot_20260804_231509/opt/kinetics-gateway/venv/lib/python3.13/site-packages/pip/_vendor/rich/__pycache__/table.cpython-313.pyc
44330	2026-08-01T10:06:00.0000000000	/mnt/ems-logs/backups/frdm_kinetics_running_snapshot_20260804_231509/opt/kinetics-gateway/venv/lib/python3.13/site-packages/pip/_internal/__pycache__/exceptions.cpython-313.pyc
4435	2026-08-01T10:06:25.0000000000	/mnt/ems-logs/backups/frdm_kinetics_running_snapshot_20260804_231509/opt/kinetics-gateway/venv/lib/python3.13/site-packages/pygments/lexers/__pycache__/graphql.cpython-313.pyc
4444	2026-07-25T23:49:15.0000000000	/mnt/ems-logs/backups/frdm_kinetics_running_snapshot_20260804_231509/opt/kinetics-gateway/venv/lib/python3.13/site-packages/pip/_vendor/urllib3/util/connection.py
44521	2026-08-01T10:06:33.0000000000	/mnt/ems-logs/backups/frdm_kinetics_running_snapshot_20260804_231509/opt/kinetics-gateway/venv/lib/python3.13/site-packages/_pytest/__pycache__/main.cpython-313.pyc
44533	2026-07-25T23:53:13.0000000000	/mnt/ems-logs/backups/frdm_kinetics_running_snapshot_20260804_231509/opt/kinetics-gateway/venv/lib/python3.13/site-packages/pydantic/config.py
4459	2026-08-01T09:57:23.0000000000	/mnt/ems-logs/backups/frdm_kinetics_running_snapshot_20260804_231509/opt/kinetics-gateway/venv/lib/python3.13/site-packages/uvicorn/middleware/__pycache__/message_logger.cpython-313.pyc
4461	2026-07-25T23:49:15.0000000000	/mnt/ems-logs/backups/frdm_kinetics_running_snapshot_20260804_231509/opt/kinetics-gateway/venv/lib/python3.13/site-packages/pip/_internal/models/search_scope.py
4467	2026-08-01T10:06:30.0000000000	/mnt/ems-logs/backups/frdm_kinetics_running_snapshot_20260804_231509/opt/kinetics-gateway/venv/lib/python3.13/site-packages/pygments/__pycache__/regexopt.cpython-313.pyc
4468	2026-07-25T23:49:15.0000000000	/mnt/ems-logs/backups/frdm_kinetics_running_snapshot_20260804_231509/opt/kinetics-gateway/venv/lib/python3.13/site-packages/pip/_internal/utils/wheel.py
4474	2026-08-01T10:06:09.0000000000	/mnt/ems-logs/backups/frdm_kinetics_running_snapshot_20260804_231509/opt/kinetics-gateway/venv/lib/python3.13/site-packages/pip/_vendor/cachecontrol/__pycache__/filewrapper.cpython-313.pyc
44748	2026-07-26T00:10:13.0000000000	/mnt/ems-logs/backups/frdm_kinetics_running_snapshot_20260804_231509/opt/kinetics-gateway/venv/lib/python3.13/site-packages/httpx2/_models.py
44788	2026-07-25T23:53:08.0000000000	/mnt/ems-logs/backups/frdm_kinetics_running_snapshot_20260804_231509/opt/kinetics-gateway/venv/lib/python3.13/site-packages/click/types.py
4480	2026-08-01T10:01:23.0000000000	/mnt/ems-logs/backups/frdm_kinetics_running_snapshot_20260804_231509/opt/kinetics-gateway/venv/lib/python3.13/site-packages/websockets/__pycache__/__init__.cpython-313.pyc
4486	2026-07-25T23:53:11.0000000000	/mnt/ems-logs/backups/frdm_kinetics_running_snapshot_20260804_231509/opt/kinetics-gateway/venv/lib/python3.13/site-packages/anyio/streams/stapled.py
44862	2026-07-25T23:53:08.0000000000	/mnt/ems-logs/backups/frdm_kinetics_running_snapshot_20260804_231509/opt/kinetics-gateway/venv/lib/python3.13/site-packages/idna/idnadata.py
4488	2026-08-01T10:06:24.0000000000	/mnt/ems-logs/backups/frdm_kinetics_running_snapshot_20260804_231509/opt/kinetics-gateway/venv/lib/python3.13/site-packages/pygments/lexers/__pycache__/asn1.cpython-313.pyc
44950	2026-08-01T10:06:24.0000000000	/mnt/ems-logs/backups/frdm_kinetics_running_snapshot_20260804_231509/opt/kinetics-gateway/venv/lib/python3.13/site-packages/pygments/lexers/__pycache__/configs.cpython-313.pyc
4499	2026-07-25T23:53:10.0000000000	/mnt/ems-logs/backups/frdm_kinetics_running_snapshot_20260804_231509/opt/kinetics-gateway/venv/lib/python3.13/site-packages/openpyxl/styles/styleable.py
45	2026-07-26T00:10:13.0000000000	/mnt/ems-logs/backups/frdm_kinetics_running_snapshot_20260804_231509/opt/kinetics-gateway/venv/lib/python3.13/site-packages/httpx2-2.9.1.dist-info/entry_points.txt
45	2026-07-27T09:05:59.0000000000	/mnt/ems-logs/backups/frdm_kinetics_running_snapshot_20260804_231509/opt/kinetics-gateway/venv/lib/python3.13/site-packages/serial/__main__.py
4502	2026-08-01T10:06:21.0000000000	/mnt/ems-logs/backups/frdm_kinetics_running_snapshot_20260804_231509/opt/kinetics-gateway/venv/lib/python3.13/site-packages/pygments/lexers/yang.py
4503	2026-07-27T09:05:59.0000000000	/mnt/ems-logs/backups/frdm_kinetics_running_snapshot_20260804_231509/opt/kinetics-gateway/venv/lib/python3.13/site-packages/serial/tools/list_ports_linux.py
4504	2026-08-01T10:06:21.0000000000	/mnt/ems-logs/backups/frdm_kinetics_running_snapshot_20260804_231509/opt/kinetics-gateway/venv/lib/python3.13/site-packages/pygments/lexers/ptx.py
4504	2026-08-01T10:06:28.0000000000	/mnt/ems-logs/backups/frdm_kinetics_running_snapshot_20260804_231509/opt/kinetics-gateway/venv/lib/python3.13/site-packages/pygments/lexers/__pycache__/ride.cpython-313.pyc
4509	2026-07-25T23:53:10.0000000000	/mnt/ems-logs/backups/frdm_kinetics_running_snapshot_20260804_231509/opt/kinetics-gateway/venv/lib/python3.13/site-packages/openpyxl/workbook/external_link/external.py
4509	2026-08-01T09:57:24.0000000000	/mnt/ems-logs/backups/frdm_kinetics_running_snapshot_20260804_231509/opt/kinetics-gateway/venv/lib/python3.13/site-packages/uvicorn/supervisors/__pycache__/watchfilesreload.cpython-313.pyc
4518	2026-08-01T10:06:21.0000000000	/mnt/ems-logs/backups/frdm_kinetics_running_snapshot_20260804_231509/opt/kinetics-gateway/venv/lib/python3.13/site-packages/pygments/__pycache__/formatter.cpython-313.pyc
4524	2026-07-25T23:53:11.0000000000	/mnt/ems-logs/backups/frdm_kinetics_running_snapshot_20260804_231509/opt/kinetics-gateway/venv/lib/python3.13/site-packages/anyio/streams/file.py
45251	2026-07-25T23:53:06.0000000000	/mnt/ems-logs/backups/frdm_kinetics_running_snapshot_20260804_231509/opt/kinetics-gateway/venv/lib/python3.13/site-packages/websockets/legacy/server.py
4529	2026-07-25T23:53:10.0000000000	/mnt/ems-logs/backups/frdm_kinetics_running_snapshot_20260804_231509/opt/kinetics-gateway/venv/lib/python3.13/site-packages/openpyxl/utils/datetime.py
4535	2026-07-27T09:05:59.0000000000	/mnt/ems-logs/backups/frdm_kinetics_running_snapshot_20260804_231509/opt/kinetics-gateway/venv/lib/python3.13/site-packages/serial/tools/list_ports_posix.py
4555	2026-07-25T23:49:15.0000000000	/mnt/ems-logs/backups/frdm_kinetics_running_snapshot_20260804_231509/opt/kinetics-gateway/venv/lib/python3.13/site-packages/pip/_internal/pyproject.py
45583	2026-07-25T23:53:11.0000000000	/mnt/ems-logs/backups/frdm_kinetics_running_snapshot_20260804_231509/opt/kinetics-gateway/venv/lib/python3.13/site-packages/anyio/_backends/_trio.py
4560	2026-08-01T10:06:21.0000000000	/mnt/ems-logs/backups/frdm_kinetics_running_snapshot_20260804_231509/opt/kinetics-gateway/venv/lib/python3.13/site-packages/pygments/styles/arduino.py
4565	2026-07-25T23:49:15.0000000000	/mnt/ems-logs/backups/frdm_kinetics_running_snapshot_20260804_231509/opt/kinetics-gateway/venv/lib/python3.13/site-packages/pip/_internal/commands/completion.py
4566	2026-07-25T23:49:15.0000000000	/mnt/ems-logs/backups/frdm_kinetics_running_snapshot_20260804_231509/opt/kinetics-gateway/venv/lib/python3.13/site-packages/pip-26.1.2.dist-info/METADATA
45697	2026-07-25T23:53:13.0000000000	/mnt/ems-logs/backups/frdm_kinetics_running_snapshot_20260804_231509/opt/kinetics-gateway/venv/lib/python3.13/site-packages/pydantic/v1/main.py
458	2026-07-25T23:53:07.0000000000	/mnt/ems-logs/backups/frdm_kinetics_running_snapshot_20260804_231509/opt/kinetics-gateway/venv/lib/python3.13/site-packages/uvloop/includes/flowcontrol.pxd
45858	2026-08-01T10:06:10.0000000000	/mnt/ems-logs/backups/frdm_kinetics_running_snapshot_20260804_231509/opt/kinetics-gateway/venv/lib/python3.13/site-packages/pip/_vendor/distlib/__pycache__/compat.cpython-313.pyc
45863	2026-08-01T10:06:33.0000000000	/mnt/ems-logs/backups/frdm_kinetics_running_snapshot_20260804_231509/opt/kinetics-gateway/venv/lib/python3.13/site-packages/_pytest/__pycache__/logging.cpython-313.pyc
4588	2026-08-01T10:05:57.0000000000	/mnt/ems-logs/backups/frdm_kinetics_running_snapshot_20260804_231509/opt/kinetics-gateway/venv/lib/python3.13/site-packages/pip/_vendor/__pycache__/__init__.cpython-313.pyc
45918	2026-08-01T10:06:27.0000000000	/mnt/ems-logs/backups/frdm_kinetics_running_snapshot_20260804_231509/opt/kinetics-gateway/venv/lib/python3.13/site-packages/pygments/lexers/__pycache__/ncl.cpython-313.pyc
45932	2026-07-25T23:53:09.0000000000	/mnt/ems-logs/backups/frdm_kinetics_running_snapshot_20260804_231509/opt/kinetics-gateway/venv/lib/python3.13/site-packages/pydantic_core/_pydantic_core.pyi
4594	2026-08-01T10:06:24.0000000000	/mnt/ems-logs/backups/frdm_kinetics_running_snapshot_20260804_231509/opt/kinetics-gateway/venv/lib/python3.13/site-packages/pygments/lexers/__pycache__/devicetree.cpython-313.pyc
46	2026-07-25T23:53:09.0000000000	/mnt/ems-logs/backups/frdm_kinetics_running_snapshot_20260804_231509/opt/kinetics-gateway/venv/lib/python3.13/site-packages/uvicorn-0.51.0.dist-info/entry_points.txt
4602	2026-07-25T23:49:15.0000000000	/mnt/ems-logs/backups/frdm_kinetics_running_snapshot_20260804_231509/opt/kinetics-gateway/venv/lib/python3.13/site-packages/pip/_vendor/rich/rule.py
4609	2026-08-01T10:06:21.0000000000	/mnt/ems-logs/backups/frdm_kinetics_running_snapshot_20260804_231509/opt/kinetics-gateway/venv/lib/python3.13/site-packages/pygments/lexers/dalvik.py
4612	2026-07-25T23:53:10.0000000000	/mnt/ems-logs/backups/frdm_kinetics_running_snapshot_20260804_231509/opt/kinetics-gateway/venv/lib/python3.13/site-packages/openpyxl/styles/colors.py
4613	2026-07-26T00:10:13.0000000000	/mnt/ems-logs/backups/frdm_kinetics_running_snapshot_20260804_231509/opt/kinetics-gateway/venv/lib/python3.13/site-packages/httpx2-2.9.1.dist-info/RECORD
4615	2026-08-01T10:06:24.0000000000	/mnt/ems-logs/backups/frdm_kinetics_running_snapshot_20260804_231509/opt/kinetics-gateway/venv/lib/python3.13/site-packages/pygments/lexers/__pycache__/dalvik.cpython-313.pyc
4616	2026-08-01T10:06:30.0000000000	/mnt/ems-logs/backups/frdm_kinetics_running_snapshot_20260804_231509/opt/kinetics-gateway/venv/lib/python3.13/site-packages/packaging/__pycache__/_musllinux.cpython-313.pyc
4625	2026-08-01T10:06:09.0000000000	/mnt/ems-logs/backups/frdm_kinetics_running_snapshot_20260804_231509/opt/kinetics-gateway/venv/lib/python3.13/site-packages/pip/_internal/models/__pycache__/wheel.cpython-313.pyc
4628	2026-08-01T10:06:00.0000000000	/mnt/ems-logs/backups/frdm_kinetics_running_snapshot_20260804_231509/opt/kinetics-gateway/venv/lib/python3.13/site-packages/pip/_vendor/packaging/__pycache__/_musllinux.cpython-313.pyc
4629	2026-08-01T10:06:21.0000000000	/mnt/ems-logs/backups/frdm_kinetics_running_snapshot_20260804_231509/opt/kinetics-gateway/venv/lib/python3.13/site-packages/pygments/formatters/terminal.py
4632	2026-07-25T23:53:07.0000000000	/mnt/ems-logs/backups/frdm_kinetics_running_snapshot_20260804_231509/opt/kinetics-gateway/venv/lib/python3.13/site-packages/uvloop/handles/streamserver.pyx
4634	2026-07-25T23:53:08.0000000000	/mnt/ems-logs/backups/frdm_kinetics_running_snapshot_20260804_231509/opt/kinetics-gateway/venv/lib/python3.13/site-packages/click/__init__.py
4640	2026-08-01T10:06:11.0000000000	/mnt/ems-logs/backups/frdm_kinetics_running_snapshot_20260804_231509/opt/kinetics-gateway/venv/lib/python3.13/site-packages/pip/_internal/req/__pycache__/req_dependency_group.cpython-313.pyc
4645	2026-07-25T23:53:11.0000000000	/mnt/ems-logs/backups/frdm_kinetics_running_snapshot_20260804_231509/opt/kinetics-gateway/venv/lib/python3.13/site-packages/anyio-4.14.2.dist-info/METADATA
4657	2026-07-25T23:53:13.0000000000	/mnt/ems-logs/backups/frdm_kinetics_running_snapshot_20260804_231509/opt/kinetics-gateway/venv/lib/python3.13/site-packages/pydantic/deprecated/json.py
4658	2026-07-25T23:56:52.0000000000	/mnt/ems-logs/backups/frdm_kinetics_running_snapshot_20260804_231509/opt/kinetics-gateway/backend/app/protocols/codec.py
4658	2026-07-25T23:56:52.0000000000	/mnt/ems-logs/backups/frdm_kinetics_running_snapshot_20260804_231509/opt/kinetics-gateway/staging/v3_0_0_20260731T161022Z/backend/app/protocols/codec.py
4659	2026-08-01T10:06:21.0000000000	/mnt/ems-logs/backups/frdm_kinetics_running_snapshot_20260804_231509/opt/kinetics-gateway/venv/lib/python3.13/site-packages/pygments/lexers/mips.py
466	2026-07-31T15:02:17.6587117560	/mnt/ems-logs/backups/frdm_kinetics_running_snapshot_20260804_231509/systemd/bess-all-pairs-scheduler.service
4667	2026-07-26T00:10:13.0000000000	/mnt/ems-logs/backups/frdm_kinetics_running_snapshot_20260804_231509/opt/kinetics-gateway/venv/lib/python3.13/site-packages/httpx2/_sse.py
4668	2026-08-01T10:06:30.0000000000	/mnt/ems-logs/backups/frdm_kinetics_running_snapshot_20260804_231509/opt/kinetics-gateway/venv/lib/python3.13/site-packages/pygments/__pycache__/scanner.cpython-313.pyc
4669	2026-08-01T09:57:26.0000000000	/mnt/ems-logs/backups/frdm_kinetics_running_snapshot_20260804_231509/opt/kinetics-gateway/venv/lib/python3.13/site-packages/pydantic/_internal/__pycache__/_core_metadata.cpython-313.pyc
468	2026-07-26T16:56:58.3920044550	/mnt/ems-logs/backups/frdm_kinetics_running_snapshot_20260804_231509/usr/local/sbin/kinetics-network-guard.sh
4685	2026-08-01T10:07:22.0000000000	/mnt/ems-logs/backups/frdm_kinetics_running_snapshot_20260804_231509/opt/kinetics-gateway/venv/lib/python3.13/site-packages/httpx2/__pycache__/_alias.cpython-313.pyc
47	2026-07-25T23:53:07.0000000000	/mnt/ems-logs/backups/frdm_kinetics_running_snapshot_20260804_231509/opt/kinetics-gateway/venv/lib/python3.13/site-packages/python_dotenv-1.2.2.dist-info/entry_points.txt
4706	2026-07-25T23:49:15.0000000000	/mnt/ems-logs/backups/frdm_kinetics_running_snapshot_20260804_231509/opt/kinetics-gateway/venv/lib/python3.13/site-packages/pip/_internal/cli/progress_bars.py
4707	2026-07-28T15:57:23.0000000000	/mnt/ems-logs/backups/frdm_kinetics_running_snapshot_20260804_231509/opt/kinetics-gateway/backend/FIELD_FINDINGS_MULTI_PAIR_V2_5_1.md
4707	2026-07-28T15:57:23.0000000000	/mnt/ems-logs/backups/frdm_kinetics_running_snapshot_20260804_231509/opt/kinetics-gateway/staging/v3_0_0_20260731T161022Z/backend/FIELD_FINDINGS_MULTI_PAIR_V2_5_1.md
471	2026-08-04T23:15:26.5209001650	/mnt/ems-logs/backups/frdm_kinetics_running_snapshot_20260804_231509/systemd/ems-v3-wifi.service.effective.txt
4715	2026-08-01T10:02:36.0000000000	/mnt/ems-logs/backups/frdm_kinetics_running_snapshot_20260804_231509/opt/kinetics-gateway/backend/tools/__pycache__/pcs_rtu_probe.cpython-313.pyc
4717	2026-08-01T10:05:59.0000000000	/mnt/ems-logs/backups/frdm_kinetics_running_snapshot_20260804_231509/opt/kinetics-gateway/venv/lib/python3.13/site-packages/pip/_vendor/rich/__pycache__/live_render.cpython-313.pyc
472	2026-08-04T16:26:29.5241225300	/mnt/ems-logs/backups/frdm_kinetics_running_snapshot_20260804_231509/mnt/ems-logs/scheduler/bess-seven-day-v302/state.json.before-discharge-rearm.20260804_164032
472	2026-08-04T16:46:28.7675094230	/mnt/ems-logs/backups/frdm_kinetics_running_snapshot_20260804_231509/mnt/ems-logs/scheduler/bess-seven-day-v302/state.json.rearm.20260804_165535
472	2026-08-04T17:56:49.9511116020	/mnt/ems-logs/backups/frdm_kinetics_running_snapshot_20260804_231509/mnt/ems-logs/scheduler/bess-seven-day-v302/state.json
4728	2026-08-01T10:06:01.0000000000	/mnt/ems-logs/backups/frdm_kinetics_running_snapshot_20260804_231509/opt/kinetics-gateway/venv/lib/python3.13/site-packages/pip/_internal/models/__pycache__/target_python.cpython-313.pyc
473	2026-08-01T10:06:31.0000000000	/mnt/ems-logs/backups/frdm_kinetics_running_snapshot_20260804_231509/opt/kinetics-gateway/venv/lib/python3.13/site-packages/_pytest/__pycache__/__init__.cpython-313.pyc
4735	2026-08-01T10:06:07.0000000000	/mnt/ems-logs/backups/frdm_kinetics_running_snapshot_20260804_231509/opt/kinetics-gateway/venv/lib/python3.13/site-packages/pip/_vendor/urllib3/util/__pycache__/connection.cpython-313.pyc
4741	2026-08-01T10:06:21.0000000000	/mnt/ems-logs/backups/frdm_kinetics_running_snapshot_20260804_231509/opt/kinetics-gateway/venv/lib/python3.13/site-packages/pygments/lexers/promql.py
4753	2026-07-25T23:53:12.0000000000	/mnt/ems-logs/backups/frdm_kinetics_running_snapshot_20260804_231509/opt/kinetics-gateway/venv/lib/python3.13/site-packages/watchfiles/_rust_notify.pyi
47552	2026-07-25T23:49:15.0000000000	/mnt/ems-logs/backups/frdm_kinetics_running_snapshot_20260804_231509/opt/kinetics-gateway/venv/lib/python3.13/site-packages/pip/_vendor/rich/text.py
47563	2026-08-01T10:06:30.0000000000	/mnt/ems-logs/backups/frdm_kinetics_running_snapshot_20260804_231509/opt/kinetics-gateway/venv/lib/python3.13/site-packages/pygments-2.20.0.dist-info/RECORD
4766	2026-07-26T00:10:13.0000000000	/mnt/ems-logs/backups/frdm_kinetics_running_snapshot_20260804_231509/opt/kinetics-gateway/venv/lib/python3.13/site-packages/httpx2/_transports/wsgi.py
477	2026-08-04T23:15:29.4809441100	/mnt/ems-logs/backups/frdm_kinetics_running_snapshot_20260804_231509/metadata/block_devices.txt
4771	2026-07-25T23:49:15.0000000000	/mnt/ems-logs/backups/frdm_kinetics_running_snapshot_20260804_231509/opt/kinetics-gateway/venv/lib/python3.13/site-packages/pip/_internal/operations/build/build_tracker.py
47776	2026-07-27T22:22:23.0000000000	/mnt/ems-logs/backups/frdm_kinetics_running_snapshot_20260804_231509/opt/kinetics-gateway/backups/v2_4_5_pcs_precharge_standby_20260728_040903/app/services/bms_pcs_control.py
4778	2026-07-25T23:53:12.0000000000	/mnt/ems-logs/backups/frdm_kinetics_running_snapshot_20260804_231509/opt/kinetics-gateway/venv/lib/python3.13/site-packages/starlette/middleware/sessions.py
4779	2026-08-01T09:57:24.0000000000	/mnt/ems-logs/backups/frdm_kinetics_running_snapshot_20260804_231509/opt/kinetics-gateway/venv/lib/python3.13/site-packages/anyio/__pycache__/__init__.cpython-313.pyc
47801	2026-07-25T23:53:13.0000000000	/mnt/ems-logs/backups/frdm_kinetics_running_snapshot_20260804_231509/opt/kinetics-gateway/venv/lib/python3.13/site-packages/pydantic/v1/schema.py
4782	2026-07-29T20:29:24.0000000000	/mnt/ems-logs/backups/frdm_kinetics_running_snapshot_20260804_231509/opt/kinetics-gateway/staging/v3_0_0_20260731T161022Z/backend/app/main.py
4782	2026-08-01T01:14:53.0000000000	/mnt/ems-logs/backups/frdm_kinetics_running_snapshot_20260804_231509/opt/kinetics-gateway/backend/app/main.py
4793	2026-07-25T23:53:10.0000000000	/mnt/ems-logs/backups/frdm_kinetics_running_snapshot_20260804_231509/opt/kinetics-gateway/venv/lib/python3.13/site-packages/openpyxl/chart/pie_chart.py
4795	2026-08-01T10:06:30.0000000000	/mnt/ems-logs/backups/frdm_kinetics_running_snapshot_20260804_231509/opt/kinetics-gateway/venv/lib/python3.13/site-packages/pygments/styles/__pycache__/monokai.cpython-313.pyc
48	2026-07-25T23:53:12.0000000000	/mnt/ems-logs/backups/frdm_kinetics_running_snapshot_20260804_231509/opt/kinetics-gateway/venv/lib/python3.13/site-packages/watchfiles-1.2.0.dist-info/entry_points.txt
4807	2026-08-01T10:06:21.0000000000	/mnt/ems-logs/backups/frdm_kinetics_running_snapshot_20260804_231509/opt/kinetics-gateway/venv/lib/python3.13/site-packages/pygments/lexers/email.py
4810	2026-07-25T23:53:10.0000000000	/mnt/ems-logs/backups/frdm_kinetics_running_snapshot_20260804_231509/opt/kinetics-gateway/venv/lib/python3.13/site-packages/openpyxl/packaging/extended.py
4811	2026-07-25T23:53:10.0000000000	/mnt/ems-logs/backups/frdm_kinetics_running_snapshot_20260804_231509/opt/kinetics-gateway/venv/lib/python3.13/site-packages/openpyxl/drawing/graphic.py
4811	2026-08-01T10:06:30.0000000000	/mnt/ems-logs/backups/frdm_kinetics_running_snapshot_20260804_231509/opt/kinetics-gateway/venv/lib/python3.13/site-packages/pluggy-1.6.0.dist-info/METADATA
4814	2026-08-01T10:06:21.0000000000	/mnt/ems-logs/backups/frdm_kinetics_running_snapshot_20260804_231509/opt/kinetics-gateway/venv/lib/python3.13/site-packages/pygments/lexers/bibtex.py
4814	2026-08-01T10:06:30.0000000000	/mnt/ems-logs/backups/frdm_kinetics_running_snapshot_20260804_231509/opt/kinetics-gateway/venv/lib/python3.13/site-packages/pygments/styles/__pycache__/material.cpython-313.pyc
4815	2026-07-25T23:53:08.0000000000	/mnt/ems-logs/backups/frdm_kinetics_running_snapshot_20260804_231509/opt/kinetics-gateway/venv/lib/python3.13/site-packages/h11/_abnf.py
4821	2026-08-01T10:06:34.0000000000	/mnt/ems-logs/backups/frdm_kinetics_running_snapshot_20260804_231509/opt/kinetics-gateway/venv/lib/python3.13/site-packages/_pytest/__pycache__/timing.cpython-313.pyc
4822	2026-07-25T23:53:13.0000000000	/mnt/ems-logs/backups/frdm_kinetics_running_snapshot_20260804_231509/opt/kinetics-gateway/venv/lib/python3.13/site-packages/pydantic/warnings.py
4826	2026-08-01T10:06:21.0000000000	/mnt/ems-logs/backups/frdm_kinetics_running_snapshot_20260804_231509/opt/kinetics-gateway/venv/lib/python3.13/site-packages/pygments/lexers/devicetree.py
483	2026-08-01T10:06:34.0000000000	/mnt/ems-logs/backups/frdm_kinetics_running_snapshot_20260804_231509/opt/kinetics-gateway/venv/lib/python3.13/site-packages/__pycache__/py.cpython-313.pyc
4830	2026-07-26T00:10:13.0000000000	/mnt/ems-logs/backups/frdm_kinetics_running_snapshot_20260804_231509/opt/kinetics-gateway/venv/lib/python3.13/site-packages/httpcore2-2.9.1.dist-info/RECORD
4833	2026-07-25T23:53:10.0000000000	/mnt/ems-logs/backups/frdm_kinetics_running_snapshot_20260804_231509/opt/kinetics-gateway/venv/lib/python3.13/site-packages/openpyxl/xml/constants.py
48352	2026-08-01T10:06:25.0000000000	/mnt/ems-logs/backups/frdm_kinetics_running_snapshot_20260804_231509/opt/kinetics-gateway/venv/lib/python3.13/site-packages/pygments/lexers/__pycache__/int_fiction.cpython-313.pyc
4836	2026-07-27T13:39:09.0000000000	/mnt/ems-logs/backups/frdm_kinetics_running_snapshot_20260804_231509/opt/kinetics-gateway/backups/v2_5_0_field_validated_control_20260728_064310/etc/config.json
4842	2026-07-25T23:53:13.0000000000	/mnt/ems-logs/backups/frdm_kinetics_running_snapshot_20260804_231509/opt/kinetics-gateway/venv/lib/python3.13/site-packages/pydantic/_internal/_schema_generation_shared.py
4842	2026-08-01T09:57:25.0000000000	/mnt/ems-logs/backups/frdm_kinetics_running_snapshot_20260804_231509/opt/kinetics-gateway/venv/lib/python3.13/site-packages/pydantic/__pycache__/version.cpython-313.pyc
4856	2026-08-01T10:06:21.0000000000	/mnt/ems-logs/backups/frdm_kinetics_running_snapshot_20260804_231509/opt/kinetics-gateway/venv/lib/python3.13/site-packages/pygments/lexers/j.py
4862	2026-07-25T23:49:15.0000000000	/mnt/ems-logs/backups/frdm_kinetics_running_snapshot_20260804_231509/opt/kinetics-gateway/venv/lib/python3.13/site-packages/pip/_internal/network/cache.py
4863	2026-07-27T09:05:59.0000000000	/mnt/ems-logs/backups/frdm_kinetics_running_snapshot_20260804_231509/opt/kinetics-gateway/venv/lib/python3.13/site-packages/pyserial-3.5.dist-info/RECORD
48636	2026-08-01T10:06:31.0000000000	/mnt/ems-logs/backups/frdm_kinetics_running_snapshot_20260804_231509/opt/kinetics-gateway/venv/lib/python3.13/site-packages/_pytest/assertion/rewrite.py
48719	2026-08-01T10:01:22.0000000000	/mnt/ems-logs/backups/frdm_kinetics_running_snapshot_20260804_231509/opt/kinetics-gateway/venv/lib/python3.13/site-packages/pydantic/v1/__pycache__/schema.cpython-313.pyc
4877	2026-07-25T23:53:12.0000000000	/mnt/ems-logs/backups/frdm_kinetics_running_snapshot_20260804_231509/opt/kinetics-gateway/venv/lib/python3.13/site-packages/watchfiles-1.2.0.dist-info/METADATA
48806	2026-08-01T09:57:24.0000000000	/mnt/ems-logs/backups/frdm_kinetics_running_snapshot_20260804_231509/opt/kinetics-gateway/venv/lib/python3.13/site-packages/anyio/_core/__pycache__/_fileio.cpython-313.pyc
4881	2026-07-25T23:49:15.0000000000	/mnt/ems-logs/backups/frdm_kinetics_running_snapshot_20260804_231509/opt/kinetics-gateway/venv/lib/python3.13/site-packages/pip/_vendor/cachecontrol/heuristics.py
4881	2026-08-01T10:06:21.0000000000	/mnt/ems-logs/backups/frdm_kinetics_running_snapshot_20260804_231509/opt/kinetics-gateway/venv/lib/python3.13/site-packages/pygments/lexers/savi.py
4883	2026-07-25T23:53:07.0000000000	/mnt/ems-logs/backups/frdm_kinetics_running_snapshot_20260804_231509/opt/kinetics-gateway/venv/lib/python3.13/site-packages/yaml/composer.py
4886	2026-07-25T23:53:08.0000000000	/mnt/ems-logs/backups/frdm_kinetics_running_snapshot_20260804_231509/opt/kinetics-gateway/venv/lib/python3.13/site-packages/et_xmlfile/xmlfile.py
4887	2026-08-01T10:06:25.0000000000	/mnt/ems-logs/backups/frdm_kinetics_running_snapshot_20260804_231509/opt/kinetics-gateway/venv/lib/python3.13/site-packages/pygments/lexers/__pycache__/jsonnet.cpython-313.pyc
4888	2026-07-25T23:53:08.0000000000	/mnt/ems-logs/backups/frdm_kinetics_running_snapshot_20260804_231509/opt/kinetics-gateway/venv/lib/python3.13/site-packages/h11/_util.py
4888	2026-08-01T10:02:36.0000000000	/mnt/ems-logs/backups/frdm_kinetics_running_snapshot_20260804_231509/opt/kinetics-gateway/backend/tests/__pycache__/test_scheduler_storage.cpython-313.pyc
4890	2026-08-01T10:06:00.0000000000	/mnt/ems-logs/backups/frdm_kinetics_running_snapshot_20260804_231509/opt/kinetics-gateway/venv/lib/python3.13/site-packages/pip/_internal/utils/__pycache__/deprecation.cpython-313.pyc
48919	2026-08-01T10:06:44.0000000000	/mnt/ems-logs/backups/frdm_kinetics_running_snapshot_20260804_231509/opt/kinetics-gateway/venv/lib/python3.13/site-packages/anyio/_core/__pycache__/_fileio.cpython-313-pytest-8.4.2.pyc
4893	2026-08-01T10:06:43.0000000000	/mnt/ems-logs/backups/frdm_kinetics_running_snapshot_20260804_231509/opt/kinetics-gateway/venv/lib/python3.13/site-packages/anyio/__pycache__/__init__.cpython-313-pytest-8.4.2.pyc
49	2026-07-25T23:49:15.0000000000	/mnt/ems-logs/backups/frdm_kinetics_running_snapshot_20260804_231509/opt/kinetics-gateway/venv/lib/python3.13/site-packages/pip/_internal/network/__init__.py
4901	2026-07-25T23:53:10.0000000000	/mnt/ems-logs/backups/frdm_kinetics_running_snapshot_20260804_231509/opt/kinetics-gateway/venv/lib/python3.13/site-packages/openpyxl/worksheet/page.py
4907	2026-07-25T23:49:15.0000000000	/mnt/ems-logs/backups/frdm_kinetics_running_snapshot_20260804_231509/opt/kinetics-gateway/venv/lib/python3.13/site-packages/pip/_vendor/__init__.py
4907	2026-08-01T10:06:21.0000000000	/mnt/ems-logs/backups/frdm_kinetics_running_snapshot_20260804_231509/opt/kinetics-gateway/venv/lib/python3.13/site-packages/pygments/formatters/irc.py
4908	2026-07-25T23:49:15.0000000000	/mnt/ems-logs/backups/frdm_kinetics_running_snapshot_20260804_231509/opt/kinetics-gateway/venv/lib/python3.13/site-packages/pip/_vendor/rich/padding.py
49133	2026-08-01T09:57:27.0000000000	/mnt/ems-logs/backups/frdm_kinetics_running_snapshot_20260804_231509/opt/kinetics-gateway/venv/lib/python3.13/site-packages/pydantic/__pycache__/networks.cpython-313.pyc
4922	2026-07-25T23:53:07.0000000000	/mnt/ems-logs/backups/frdm_kinetics_running_snapshot_20260804_231509/opt/kinetics-gateway/venv/lib/python3.13/site-packages/uvloop-0.22.1.dist-info/METADATA
49220	2026-08-01T10:06:31.0000000000	/mnt/ems-logs/backups/frdm_kinetics_running_snapshot_20260804_231509/opt/kinetics-gateway/venv/lib/python3.13/site-packages/_pytest/_py/path.py
4926	2026-08-01T10:06:31.0000000000	/mnt/ems-logs/backups/frdm_kinetics_running_snapshot_20260804_231509/opt/kinetics-gateway/venv/lib/python3.13/site-packages/_pytest/__pycache__/_argcomplete.cpython-313.pyc
4934	2026-08-01T10:06:29.0000000000	/mnt/ems-logs/backups/frdm_kinetics_running_snapshot_20260804_231509/opt/kinetics-gateway/venv/lib/python3.13/site-packages/pygments/lexers/__pycache__/vyper.cpython-313.pyc
4936	2026-07-25T23:53:11.0000000000	/mnt/ems-logs/backups/frdm_kinetics_running_snapshot_20260804_231509/opt/kinetics-gateway/venv/lib/python3.13/site-packages/anyio/_core/_exceptions.py
4937	2026-07-25T23:53:13.0000000000	/mnt/ems-logs/backups/frdm_kinetics_running_snapshot_20260804_231509/opt/kinetics-gateway/venv/lib/python3.13/site-packages/pydantic/aliases.py
494	2026-07-25T23:49:15.0000000000	/mnt/ems-logs/backups/frdm_kinetics_running_snapshot_20260804_231509/opt/kinetics-gateway/venv/lib/python3.13/site-packages/pip/_vendor/packaging/__init__.py
494	2026-08-01T10:06:30.0000000000	/mnt/ems-logs/backups/frdm_kinetics_running_snapshot_20260804_231509/opt/kinetics-gateway/venv/lib/python3.13/site-packages/packaging/__init__.py
49401	2026-08-01T10:06:21.0000000000	/mnt/ems-logs/backups/frdm_kinetics_running_snapshot_20260804_231509/opt/kinetics-gateway/venv/lib/python3.13/site-packages/pygments/lexers/_openedge_builtins.py
49430	2026-07-25T23:49:15.0000000000	/mnt/ems-logs/backups/frdm_kinetics_running_snapshot_20260804_231509/opt/kinetics-gateway/venv/lib/python3.13/site-packages/pip/_vendor/distro/distro.py
4948	2026-07-25T23:53:10.0000000000	/mnt/ems-logs/backups/frdm_kinetics_running_snapshot_20260804_231509/opt/kinetics-gateway/venv/lib/python3.13/site-packages/openpyxl/drawing/properties.py
4953	2026-08-01T10:06:31.0000000000	/mnt/ems-logs/backups/frdm_kinetics_running_snapshot_20260804_231509/opt/kinetics-gateway/venv/lib/python3.13/site-packages/_pytest/threadexception.py
4969	2026-07-25T23:53:06.0000000000	/mnt/ems-logs/backups/frdm_kinetics_running_snapshot_20260804_231509/opt/kinetics-gateway/venv/lib/python3.13/site-packages/websockets/proxy.py
497389	2026-07-27T12:31:45.0000000000	/mnt/ems-logs/backups/frdm_kinetics_running_snapshot_20260804_231509/opt/kinetics-gateway/backend/protocol_sources/control_logic/BMS_Communication_Point_List_modbus.xlsx
497389	2026-07-27T12:31:45.0000000000	/mnt/ems-logs/backups/frdm_kinetics_running_snapshot_20260804_231509/opt/kinetics-gateway/staging/v3_0_0_20260731T161022Z/backend/protocol_sources/control_logic/BMS_Communication_Point_List_modbus.xlsx
4974	2026-07-25T23:53:10.0000000000	/mnt/ems-logs/backups/frdm_kinetics_running_snapshot_20260804_231509/opt/kinetics-gateway/venv/lib/python3.13/site-packages/openpyxl/worksheet/views.py
49764	2026-08-01T10:01:22.0000000000	/mnt/ems-logs/backups/frdm_kinetics_running_snapshot_20260804_231509/opt/kinetics-gateway/venv/lib/python3.13/site-packages/pydantic/v1/__pycache__/types.cpython-313.pyc
4977	2026-07-25T23:53:08.0000000000	/mnt/ems-logs/backups/frdm_kinetics_running_snapshot_20260804_231509/opt/kinetics-gateway/venv/lib/python3.13/site-packages/httptools/parser/cparser.pxd
4987	2026-08-01T09:57:29.0000000000	/mnt/ems-logs/backups/frdm_kinetics_running_snapshot_20260804_231509/opt/kinetics-gateway/venv/lib/python3.13/site-packages/starlette/__pycache__/convertors.cpython-313.pyc
4988	2026-08-01T10:06:26.0000000000	/mnt/ems-logs/backups/frdm_kinetics_running_snapshot_20260804_231509/opt/kinetics-gateway/venv/lib/python3.13/site-packages/pygments/lexers/__pycache__/maple.cpython-313.pyc
4989	2026-08-01T10:06:21.0000000000	/mnt/ems-logs/backups/frdm_kinetics_running_snapshot_20260804_231509/opt/kinetics-gateway/venv/lib/python3.13/site-packages/pygments/formatters/other.py
499	2026-07-25T23:56:52.0000000000	/mnt/ems-logs/backups/frdm_kinetics_running_snapshot_20260804_231509/opt/kinetics-gateway/backend/configs/pcs_overrides_example.json
499	2026-07-25T23:56:52.0000000000	/mnt/ems-logs/backups/frdm_kinetics_running_snapshot_20260804_231509/opt/kinetics-gateway/staging/v3_0_0_20260731T161022Z/backend/configs/pcs_overrides_example.json
49904	2026-07-25T23:53:06.0000000000	/mnt/ems-logs/backups/frdm_kinetics_running_snapshot_20260804_231509/opt/kinetics-gateway/venv/lib/python3.13/site-packages/websockets/asyncio/connection.py
49917	2026-08-01T10:06:30.0000000000	/mnt/ems-logs/backups/frdm_kinetics_running_snapshot_20260804_231509/opt/kinetics-gateway/venv/lib/python3.13/site-packages/packaging/licenses/__pycache__/_spdx.cpython-313.pyc
49922	2026-08-01T10:01:22.0000000000	/mnt/ems-logs/backups/frdm_kinetics_running_snapshot_20260804_231509/opt/kinetics-gateway/venv/lib/python3.13/site-packages/pydantic/v1/__pycache__/main.cpython-313.pyc
50	2026-07-25T23:49:15.0000000000	/mnt/ems-logs/backups/frdm_kinetics_running_snapshot_20260804_231509/opt/kinetics-gateway/venv/lib/python3.13/site-packages/pip/_internal/operations/install/__init__.py
50	2026-08-04T23:15:09.4046460390	/mnt/ems-logs/backups/frdm_kinetics_running_snapshot_20260804_231509/metadata/running_scheduler_path.txt
50014	2026-08-01T10:07:17.0000000000	/mnt/ems-logs/backups/frdm_kinetics_running_snapshot_20260804_231509/opt/kinetics-gateway/backend/app/api/__pycache__/routes.cpython-313.pyc
5029	2026-07-25T23:49:15.0000000000	/mnt/ems-logs/backups/frdm_kinetics_running_snapshot_20260804_231509/opt/kinetics-gateway/venv/lib/python3.13/site-packages/pip/_vendor/requests/__init__.py
5031	2026-07-25T23:49:15.0000000000	/mnt/ems-logs/backups/frdm_kinetics_running_snapshot_20260804_231509/opt/kinetics-gateway/venv/lib/python3.13/site-packages/pip/_vendor/rich/json.py
5038	2026-08-01T10:05:57.0000000000	/mnt/ems-logs/backups/frdm_kinetics_running_snapshot_20260804_231509/opt/kinetics-gateway/venv/lib/python3.13/site-packages/pip/_internal/cli/__pycache__/main_parser.cpython-313.pyc
5038	2026-08-01T10:06:21.0000000000	/mnt/ems-logs/backups/frdm_kinetics_running_snapshot_20260804_231509/opt/kinetics-gateway/venv/lib/python3.13/site-packages/pygments/lexers/ride.py
5040	2026-07-25T23:49:15.0000000000	/mnt/ems-logs/backups/frdm_kinetics_running_snapshot_20260804_231509/opt/kinetics-gateway/venv/lib/python3.13/site-packages/pip/_internal/utils/hashes.py
5040	2026-07-25T23:53:08.0000000000	/mnt/ems-logs/backups/frdm_kinetics_running_snapshot_20260804_231509/opt/kinetics-gateway/venv/lib/python3.13/site-packages/idna/codec.py
5050	2026-08-01T10:06:09.0000000000	/mnt/ems-logs/backups/frdm_kinetics_running_snapshot_20260804_231509/opt/kinetics-gateway/venv/lib/python3.13/site-packages/pip/_internal/models/__pycache__/search_scope.cpython-313.pyc
5064	2026-08-01T10:06:31.0000000000	/mnt/ems-logs/backups/frdm_kinetics_running_snapshot_20260804_231509/opt/kinetics-gateway/venv/lib/python3.13/site-packages/_pytest/_py/__pycache__/error.cpython-313.pyc
50649	2026-07-25T23:53:13.0000000000	/mnt/ems-logs/backups/frdm_kinetics_running_snapshot_20260804_231509/opt/kinetics-gateway/venv/lib/python3.13/site-packages/pydantic/v1/fields.py
507	2026-07-25T23:53:09.0000000000	/mnt/ems-logs/backups/frdm_kinetics_running_snapshot_20260804_231509/opt/kinetics-gateway/venv/lib/python3.13/site-packages/uvicorn/supervisors/__init__.py
5079	2026-08-01T10:06:21.0000000000	/mnt/ems-logs/backups/frdm_kinetics_running_snapshot_20260804_231509/opt/kinetics-gateway/venv/lib/python3.13/site-packages/pygments/lexers/cddl.py
5081	2026-07-25T23:53:08.0000000000	/mnt/ems-logs/backups/frdm_kinetics_running_snapshot_20260804_231509/opt/kinetics-gateway/venv/lib/python3.13/site-packages/h11/_writers.py
5085	2026-08-01T10:06:21.0000000000	/mnt/ems-logs/backups/frdm_kinetics_running_snapshot_20260804_231509/opt/kinetics-gateway/venv/lib/python3.13/site-packages/pygments/formatters/groff.py
5086	2026-08-01T10:08:09.0000000000	/mnt/ems-logs/backups/frdm_kinetics_running_snapshot_20260804_231509/opt/kinetics-gateway/backend/tests/__pycache__/test_catalogs.cpython-313-pytest-8.4.2.pyc
50925	2026-08-01T10:06:21.0000000000	/mnt/ems-logs/backups/frdm_kinetics_running_snapshot_20260804_231509/opt/kinetics-gateway/venv/lib/python3.13/site-packages/pygments/lexers/configs.py
5097	2026-07-25T23:53:10.0000000000	/mnt/ems-logs/backups/frdm_kinetics_running_snapshot_20260804_231509/opt/kinetics-gateway/venv/lib/python3.13/site-packages/openpyxl/styles/numbers.py
51	2026-07-25T23:53:06.0000000000	/mnt/ems-logs/backups/frdm_kinetics_running_snapshot_20260804_231509/opt/kinetics-gateway/venv/lib/python3.13/site-packages/websockets-16.1.1.dist-info/entry_points.txt
5105	2026-08-01T10:06:27.0000000000	/mnt/ems-logs/backups/frdm_kinetics_running_snapshot_20260804_231509/opt/kinetics-gateway/venv/lib/python3.13/site-packages/pygments/lexers/__pycache__/monte.cpython-313.pyc
511	2026-07-25T23:49:15.0000000000	/mnt/ems-logs/backups/frdm_kinetics_running_snapshot_20260804_231509/opt/kinetics-gateway/venv/lib/python3.13/site-packages/pip/_internal/__init__.py
511	2026-08-01T10:06:30.0000000000	/mnt/ems-logs/backups/frdm_kinetics_running_snapshot_20260804_231509/opt/kinetics-gateway/venv/lib/python3.13/site-packages/pluggy/_version.py
51122	2026-07-25T23:49:15.0000000000	/mnt/ems-logs/backups/frdm_kinetics_running_snapshot_20260804_231509/opt/kinetics-gateway/venv/lib/python3.13/site-packages/pip/_vendor/packaging/licenses/_spdx.py
51122	2026-08-01T10:06:30.0000000000	/mnt/ems-logs/backups/frdm_kinetics_running_snapshot_20260804_231509/opt/kinetics-gateway/venv/lib/python3.13/site-packages/packaging/licenses/_spdx.py
5115	2026-07-25T23:53:09.0000000000	/mnt/ems-logs/backups/frdm_kinetics_running_snapshot_20260804_231509/opt/kinetics-gateway/venv/lib/python3.13/site-packages/pydantic_core/__init__.py
5119	2026-07-25T23:53:12.0000000000	/mnt/ems-logs/backups/frdm_kinetics_running_snapshot_20260804_231509/opt/kinetics-gateway/venv/lib/python3.13/site-packages/watchfiles/filters.py
5120	2026-08-01T10:06:30.0000000000	/mnt/ems-logs/backups/frdm_kinetics_running_snapshot_20260804_231509/opt/kinetics-gateway/venv/lib/python3.13/site-packages/packaging/__pycache__/_elffile.cpython-313.pyc
51279	2026-07-25T23:53:07.0000000000	/mnt/ems-logs/backups/frdm_kinetics_running_snapshot_20260804_231509/opt/kinetics-gateway/venv/lib/python3.13/site-packages/yaml/scanner.py
5130	2026-07-25T23:49:15.0000000000	/mnt/ems-logs/backups/frdm_kinetics_running_snapshot_20260804_231509/opt/kinetics-gateway/venv/lib/python3.13/site-packages/pip/_vendor/rich/cells.py
5132	2026-08-01T10:06:00.0000000000	/mnt/ems-logs/backups/frdm_kinetics_running_snapshot_20260804_231509/opt/kinetics-gateway/venv/lib/python3.13/site-packages/pip/_vendor/packaging/__pycache__/_elffile.cpython-313.pyc
5135	2026-08-01T10:06:30.0000000000	/mnt/ems-logs/backups/frdm_kinetics_running_snapshot_20260804_231509/opt/kinetics-gateway/venv/lib/python3.13/site-packages/pygments/styles/__pycache__/paraiso_dark.cpython-313.pyc
5141	2026-08-01T10:06:30.0000000000	/mnt/ems-logs/backups/frdm_kinetics_running_snapshot_20260804_231509/opt/kinetics-gateway/venv/lib/python3.13/site-packages/pygments/styles/__pycache__/paraiso_light.cpython-313.pyc
5154	2026-08-01T10:05:57.0000000000	/mnt/ems-logs/backups/frdm_kinetics_running_snapshot_20260804_231509/opt/kinetics-gateway/venv/lib/python3.13/site-packages/pip/_vendor/rich/__pycache__/_palettes.cpython-313.pyc
5159	2026-08-01T10:06:21.0000000000	/mnt/ems-logs/backups/frdm_kinetics_running_snapshot_20260804_231509/opt/kinetics-gateway/venv/lib/python3.13/site-packages/pygments/lexers/chapel.py
5162	2026-07-25T23:53:13.0000000000	/mnt/ems-logs/backups/frdm_kinetics_running_snapshot_20260804_231509/opt/kinetics-gateway/venv/lib/python3.13/site-packages/pydantic/_internal/_core_metadata.py
5163	2026-07-25T23:49:15.0000000000	/mnt/ems-logs/backups/frdm_kinetics_running_snapshot_20260804_231509/opt/kinetics-gateway/venv/lib/python3.13/site-packages/pip/_vendor/cachecontrol/serialize.py
5165	2026-08-01T10:06:29.0000000000	/mnt/ems-logs/backups/frdm_kinetics_running_snapshot_20260804_231509/opt/kinetics-gateway/venv/lib/python3.13/site-packages/pygments/lexers/__pycache__/tcl.cpython-313.pyc
5168	2026-07-25T23:53:12.0000000000	/mnt/ems-logs/backups/frdm_kinetics_running_snapshot_20260804_231509/opt/kinetics-gateway/venv/lib/python3.13/site-packages/starlette/schemas.py
5171	2026-08-01T09:57:29.0000000000	/mnt/ems-logs/backups/frdm_kinetics_running_snapshot_20260804_231509/opt/kinetics-gateway/venv/lib/python3.13/site-packages/jwt/__pycache__/exceptions.cpython-313.pyc
5172	2026-07-25T23:53:13.0000000000	/mnt/ems-logs/backups/frdm_kinetics_running_snapshot_20260804_231509/opt/kinetics-gateway/venv/lib/python3.13/site-packages/pydantic/_internal/_repr.py
5173	2026-07-25T23:53:09.0000000000	/mnt/ems-logs/backups/frdm_kinetics_running_snapshot_20260804_231509/opt/kinetics-gateway/venv/lib/python3.13/site-packages/uvicorn/lifespan/on.py
5175	2026-08-01T10:06:28.0000000000	/mnt/ems-logs/backups/frdm_kinetics_running_snapshot_20260804_231509/opt/kinetics-gateway/venv/lib/python3.13/site-packages/pygments/lexers/__pycache__/stata.cpython-313.pyc
5178	2026-07-25T23:49:15.0000000000	/mnt/ems-logs/backups/frdm_kinetics_running_snapshot_20260804_231509/opt/kinetics-gateway/venv/lib/python3.13/site-packages/pip/_internal/commands/download.py
5179	2026-07-25T23:53:07.0000000000	/mnt/ems-logs/backups/frdm_kinetics_running_snapshot_20260804_231509/opt/kinetics-gateway/venv/lib/python3.13/site-packages/dotenv/parser.py
5179	2026-08-01T10:06:31.0000000000	/mnt/ems-logs/backups/frdm_kinetics_running_snapshot_20260804_231509/opt/kinetics-gateway/venv/lib/python3.13/site-packages/_pytest/unraisableexception.py
5185	2026-07-25T23:53:13.0000000000	/mnt/ems-logs/backups/frdm_kinetics_running_snapshot_20260804_231509/opt/kinetics-gateway/venv/lib/python3.13/site-packages/starlette-1.3.1.dist-info/RECORD
5185	2026-08-01T10:01:22.0000000000	/mnt/ems-logs/backups/frdm_kinetics_running_snapshot_20260804_231509/opt/kinetics-gateway/venv/lib/python3.13/site-packages/pydantic/v1/__pycache__/json.cpython-313.pyc
5187	2026-08-01T10:06:21.0000000000	/mnt/ems-logs/backups/frdm_kinetics_running_snapshot_20260804_231509/opt/kinetics-gateway/venv/lib/python3.13/site-packages/pygments/styles/monokai.py
5196	2026-07-25T23:53:13.0000000000	/mnt/ems-logs/backups/frdm_kinetics_running_snapshot_20260804_231509/opt/kinetics-gateway/venv/lib/python3.13/site-packages/pydantic/v1/error_wrappers.py
52	2026-07-25T23:53:09.0000000000	/mnt/ems-logs/backups/frdm_kinetics_running_snapshot_20260804_231509/opt/kinetics-gateway/venv/lib/python3.13/site-packages/annotated_doc/__init__.py
5202	2026-07-25T23:53:12.0000000000	/mnt/ems-logs/backups/frdm_kinetics_running_snapshot_20260804_231509/opt/kinetics-gateway/venv/lib/python3.13/site-packages/starlette/authentication.py
521	2026-08-01T10:06:31.0000000000	/mnt/ems-logs/backups/frdm_kinetics_running_snapshot_20260804_231509/opt/kinetics-gateway/venv/lib/python3.13/site-packages/_pytest/_code/__init__.py
521	2026-08-04T23:15:26.1728949980	/mnt/ems-logs/backups/frdm_kinetics_running_snapshot_20260804_231509/systemd/bess-all-pairs-scheduler.service.effective.txt
521	2026-08-04T23:15:26.3208971960	/mnt/ems-logs/backups/frdm_kinetics_running_snapshot_20260804_231509/systemd/kinetics-network.service.effective.txt
52136	2026-08-01T10:06:11.0000000000	/mnt/ems-logs/backups/frdm_kinetics_running_snapshot_20260804_231509/opt/kinetics-gateway/venv/lib/python3.13/site-packages/pip/_vendor/distro/__pycache__/distro.cpython-313.pyc
5214	2026-07-25T23:53:10.0000000000	/mnt/ems-logs/backups/frdm_kinetics_running_snapshot_20260804_231509/opt/kinetics-gateway/venv/lib/python3.13/site-packages/openpyxl/workbook/views.py
5214	2026-08-01T09:57:26.0000000000	/mnt/ems-logs/backups/frdm_kinetics_running_snapshot_20260804_231509/opt/kinetics-gateway/venv/lib/python3.13/site-packages/pydantic/__pycache__/annotated_handlers.cpython-313.pyc
5215	2026-07-25T23:53:10.0000000000	/mnt/ems-logs/backups/frdm_kinetics_running_snapshot_20260804_231509/opt/kinetics-gateway/venv/lib/python3.13/site-packages/openpyxl/worksheet/print_settings.py
522	2026-08-01T10:07:22.0000000000	/mnt/ems-logs/backups/frdm_kinetics_running_snapshot_20260804_231509/opt/kinetics-gateway/venv/lib/python3.13/site-packages/httpx2/_transports/__pycache__/__init__.cpython-313.pyc
5223	2026-08-01T10:06:31.0000000000	/mnt/ems-logs/backups/frdm_kinetics_running_snapshot_20260804_231509/opt/kinetics-gateway/venv/lib/python3.13/site-packages/iniconfig/_parse.py
523	2026-08-01T10:06:09.0000000000	/mnt/ems-logs/backups/frdm_kinetics_running_snapshot_20260804_231509/opt/kinetics-gateway/venv/lib/python3.13/site-packages/pip/_internal/vcs/__pycache__/__init__.cpython-313.pyc
5232	2026-08-01T10:06:09.0000000000	/mnt/ems-logs/backups/frdm_kinetics_running_snapshot_20260804_231509/opt/kinetics-gateway/venv/lib/python3.13/site-packages/pip/_internal/vcs/__pycache__/bazaar.cpython-313.pyc
5235	2026-08-01T09:57:25.0000000000	/mnt/ems-logs/backups/frdm_kinetics_running_snapshot_20260804_231509/opt/kinetics-gateway/venv/lib/python3.13/site-packages/starlette/__pycache__/status.cpython-313.pyc
5237	2026-08-01T10:06:07.0000000000	/mnt/ems-logs/backups/frdm_kinetics_running_snapshot_20260804_231509/opt/kinetics-gateway/venv/lib/python3.13/site-packages/pip/_vendor/requests/__pycache__/__init__.cpython-313.pyc
5237	2026-08-01T10:06:31.0000000000	/mnt/ems-logs/backups/frdm_kinetics_running_snapshot_20260804_231509/opt/kinetics-gateway/venv/lib/python3.13/site-packages/_pytest/warnings.py
52414	2026-08-01T10:06:21.0000000000	/mnt/ems-logs/backups/frdm_kinetics_running_snapshot_20260804_231509/opt/kinetics-gateway/venv/lib/python3.13/site-packages/pygments/lexers/_scilab_builtins.py
5247	2026-07-26T00:10:12.0000000000	/mnt/ems-logs/backups/frdm_kinetics_running_snapshot_20260804_231509/opt/kinetics-gateway/venv/lib/python3.13/site-packages/httpcore2/_sync/interfaces.py
5252	2026-07-25T23:53:08.0000000000	/mnt/ems-logs/backups/frdm_kinetics_running_snapshot_20260804_231509/opt/kinetics-gateway/venv/lib/python3.13/site-packages/h11/_receivebuffer.py
5261	2026-07-25T23:53:10.0000000000	/mnt/ems-logs/backups/frdm_kinetics_running_snapshot_20260804_231509/opt/kinetics-gateway/venv/lib/python3.13/site-packages/openpyxl/workbook/properties.py
5268	2026-08-01T10:06:24.0000000000	/mnt/ems-logs/backups/frdm_kinetics_running_snapshot_20260804_231509/opt/kinetics-gateway/venv/lib/python3.13/site-packages/pygments/lexers/__pycache__/bibtex.cpython-313.pyc
5271	2026-07-25T23:53:12.0000000000	/mnt/ems-logs/backups/frdm_kinetics_running_snapshot_20260804_231509/opt/kinetics-gateway/venv/lib/python3.13/site-packages/starlette/endpoints.py
5273	2026-08-01T10:01:24.0000000000	/mnt/ems-logs/backups/frdm_kinetics_running_snapshot_20260804_231509/opt/kinetics-gateway/venv/lib/python3.13/site-packages/websockets/__pycache__/streams.cpython-313.pyc
52743	2026-07-25T23:49:15.0000000000	/mnt/ems-logs/backups/frdm_kinetics_running_snapshot_20260804_231509/opt/kinetics-gateway/venv/lib/python3.13/site-packages/pip/_vendor/urllib3/response.py
528	2026-08-04T23:15:32.2289849080	/mnt/ems-logs/backups/frdm_kinetics_running_snapshot_20260804_231509/manifests/gateway_pip_freeze.txt
5285	2026-07-25T23:53:06.0000000000	/mnt/ems-logs/backups/frdm_kinetics_running_snapshot_20260804_231509/opt/kinetics-gateway/venv/lib/python3.13/site-packages/websockets/legacy/handshake.py
5288	2026-08-01T10:02:36.0000000000	/mnt/ems-logs/backups/frdm_kinetics_running_snapshot_20260804_231509/opt/kinetics-gateway/backend/tools/__pycache__/hardware_read_validation.cpython-313.pyc
5291	2026-07-25T23:53:12.0000000000	/mnt/ems-logs/backups/frdm_kinetics_running_snapshot_20260804_231509/opt/kinetics-gateway/venv/lib/python3.13/site-packages/starlette/applications.py
53	2026-08-01T10:06:21.0000000000	/mnt/ems-logs/backups/frdm_kinetics_running_snapshot_20260804_231509/opt/kinetics-gateway/venv/lib/python3.13/site-packages/pygments-2.20.0.dist-info/entry_points.txt
5305	2026-07-25T23:49:15.0000000000	/mnt/ems-logs/backups/frdm_kinetics_running_snapshot_20260804_231509/opt/kinetics-gateway/venv/lib/python3.13/site-packages/pip/_vendor/rich/measure.py
5306	2026-08-01T10:05:57.0000000000	/mnt/ems-logs/backups/frdm_kinetics_running_snapshot_20260804_231509/opt/kinetics-gateway/venv/lib/python3.13/site-packages/pip/_vendor/rich/__pycache__/palette.cpython-313.pyc
53075	2026-08-01T10:06:21.0000000000	/mnt/ems-logs/backups/frdm_kinetics_running_snapshot_20260804_231509/opt/kinetics-gateway/venv/lib/python3.13/site-packages/pygments/lexers/modula2.py
5321	2026-07-25T23:53:15.0000000000	/mnt/ems-logs/backups/frdm_kinetics_running_snapshot_20260804_231509/opt/kinetics-gateway/venv/lib/python3.13/site-packages/fastapi/datastructures.py
5325	2026-07-25T23:49:15.0000000000	/mnt/ems-logs/backups/frdm_kinetics_running_snapshot_20260804_231509/opt/kinetics-gateway/venv/lib/python3.13/site-packages/pip/_vendor/rich/_ratio.py
5326	2026-07-28T12:33:45.6799194250	/mnt/ems-logs/backups/frdm_kinetics_running_snapshot_20260804_231509/etc/kinetics-gateway/config.json.before_timeout_fix_20260728_071758
5327	2026-07-28T12:16:45.2025171050	/mnt/ems-logs/backups/frdm_kinetics_running_snapshot_20260804_231509/etc/kinetics-gateway/config.json.before_automatic_sequence_20260728_070345
5328	2026-07-28T12:47:59.0000000000	/mnt/ems-logs/backups/frdm_kinetics_running_snapshot_20260804_231509/opt/kinetics-gateway/backups/v2_5_1_individual_rack_bcu_20260728_102714/etc/config.json
533	2026-08-01T10:05:57.0000000000	/mnt/ems-logs/backups/frdm_kinetics_running_snapshot_20260804_231509/opt/kinetics-gateway/venv/lib/python3.13/site-packages/pip/_vendor/rich/__pycache__/_extension.cpython-313.pyc
5333	2026-07-25T23:49:15.0000000000	/mnt/ems-logs/backups/frdm_kinetics_running_snapshot_20260804_231509/opt/kinetics-gateway/venv/lib/python3.13/site-packages/pip/_internal/metadata/importlib/_envs.py
5333	2026-07-28T12:13:12.5781546830	/mnt/ems-logs/backups/frdm_kinetics_running_snapshot_20260804_231509/etc/kinetics-gateway/config.json.before_4pcs_20260728_064639
5334	2026-08-01T10:06:24.0000000000	/mnt/ems-logs/backups/frdm_kinetics_running_snapshot_20260804_231509/opt/kinetics-gateway/venv/lib/python3.13/site-packages/pygments/lexers/__pycache__/blueprint.cpython-313.pyc
534	2026-08-01T09:57:24.0000000000	/mnt/ems-logs/backups/frdm_kinetics_running_snapshot_20260804_231509/opt/kinetics-gateway/venv/lib/python3.13/site-packages/watchfiles/__pycache__/__init__.cpython-313.pyc
5352	2026-08-01T10:06:21.0000000000	/mnt/ems-logs/backups/frdm_kinetics_running_snapshot_20260804_231509/opt/kinetics-gateway/venv/lib/python3.13/site-packages/pygments/formatters/__init__.py
5356	2026-08-01T10:06:21.0000000000	/mnt/ems-logs/backups/frdm_kinetics_running_snapshot_20260804_231509/opt/kinetics-gateway/venv/lib/python3.13/site-packages/pygments/lexers/ada.py
5356	2026-08-01T10:06:27.0000000000	/mnt/ems-logs/backups/frdm_kinetics_running_snapshot_20260804_231509/opt/kinetics-gateway/venv/lib/python3.13/site-packages/pygments/lexers/__pycache__/qvt.cpython-313.pyc
5359	2026-08-01T10:06:09.0000000000	/mnt/ems-logs/backups/frdm_kinetics_running_snapshot_20260804_231509/opt/kinetics-gateway/venv/lib/python3.13/site-packages/pip/_vendor/cachecontrol/__pycache__/serialize.cpython-313.pyc
5363	2026-07-26T00:10:12.0000000000	/mnt/ems-logs/backups/frdm_kinetics_running_snapshot_20260804_231509/opt/kinetics-gateway/venv/lib/python3.13/site-packages/httpcore2/_async/interfaces.py
5366	2026-07-25T23:53:10.0000000000	/mnt/ems-logs/backups/frdm_kinetics_running_snapshot_20260804_231509/opt/kinetics-gateway/venv/lib/python3.13/site-packages/openpyxl/packaging/manifest.py
5366	2026-07-25T23:53:13.0000000000	/mnt/ems-logs/backups/frdm_kinetics_running_snapshot_20260804_231509/opt/kinetics-gateway/venv/lib/python3.13/site-packages/pydantic/_internal/_validate_call.py
5373	2026-08-01T10:06:31.0000000000	/mnt/ems-logs/backups/frdm_kinetics_running_snapshot_20260804_231509/opt/kinetics-gateway/venv/lib/python3.13/site-packages/pytest/__init__.py
5383	2026-07-25T23:53:07.0000000000	/mnt/ems-logs/backups/frdm_kinetics_running_snapshot_20260804_231509/opt/kinetics-gateway/venv/lib/python3.13/site-packages/uvloop/pseudosock.pyx
5384	2026-08-01T10:05:57.0000000000	/mnt/ems-logs/backups/frdm_kinetics_running_snapshot_20260804_231509/opt/kinetics-gateway/venv/lib/python3.13/site-packages/pip/_vendor/rich/__pycache__/jupyter.cpython-313.pyc
5385	2026-07-25T23:49:15.0000000000	/mnt/ems-logs/backups/frdm_kinetics_running_snapshot_20260804_231509/opt/kinetics-gateway/venv/lib/python3.13/site-packages/pip/_vendor/pygments/formatters/__init__.py
5385	2026-08-01T10:06:21.0000000000	/mnt/ems-logs/backups/frdm_kinetics_running_snapshot_20260804_231509/opt/kinetics-gateway/venv/lib/python3.13/site-packages/pygments/lexers/diff.py
53853	2026-07-25T23:49:15.0000000000	/mnt/ems-logs/backups/frdm_kinetics_running_snapshot_20260804_231509/opt/kinetics-gateway/venv/lib/python3.13/site-packages/pip/_vendor/pygments/lexers/python.py
5388	2026-08-01T09:57:29.0000000000	/mnt/ems-logs/backups/frdm_kinetics_running_snapshot_20260804_231509/opt/kinetics-gateway/venv/lib/python3.13/site-packages/fastapi/__pycache__/responses.cpython-313.pyc
5389	2026-08-01T10:06:25.0000000000	/mnt/ems-logs/backups/frdm_kinetics_running_snapshot_20260804_231509/opt/kinetics-gateway/venv/lib/python3.13/site-packages/pygments/lexers/__pycache__/forth.cpython-313.pyc
539	2026-08-01T10:06:30.0000000000	/mnt/ems-logs/backups/frdm_kinetics_running_snapshot_20260804_231509/opt/kinetics-gateway/venv/lib/python3.13/site-packages/packaging/__pycache__/__init__.cpython-313.pyc
5391	2026-07-25T23:49:15.0000000000	/mnt/ems-logs/backups/frdm_kinetics_running_snapshot_20260804_231509/opt/kinetics-gateway/venv/lib/python3.13/site-packages/pip/_vendor/packaging/_tokenizer.py
5391	2026-08-01T10:06:30.0000000000	/mnt/ems-logs/backups/frdm_kinetics_running_snapshot_20260804_231509/opt/kinetics-gateway/venv/lib/python3.13/site-packages/packaging/_tokenizer.py
5394	2026-07-25T23:53:10.0000000000	/mnt/ems-logs/backups/frdm_kinetics_running_snapshot_20260804_231509/opt/kinetics-gateway/venv/lib/python3.13/site-packages/openpyxl/workbook/defined_name.py
5394	2026-08-01T10:06:21.0000000000	/mnt/ems-logs/backups/frdm_kinetics_running_snapshot_20260804_231509/opt/kinetics-gateway/venv/lib/python3.13/site-packages/pygments/styles/nord.py
54	2026-07-25T23:53:15.0000000000	/mnt/ems-logs/backups/frdm_kinetics_running_snapshot_20260804_231509/opt/kinetics-gateway/venv/lib/python3.13/site-packages/fastapi/logger.py
54	2026-07-31T21:40:24.0000000000	/mnt/ems-logs/backups/frdm_kinetics_running_snapshot_20260804_231509/opt/kinetics-gateway/staging/v3_0_0_latest
541	2026-07-25T23:49:15.0000000000	/mnt/ems-logs/backups/frdm_kinetics_running_snapshot_20260804_231509/opt/kinetics-gateway/venv/lib/python3.13/site-packages/pip/_vendor/resolvelib/__init__.py
5414	2026-07-25T23:53:10.0000000000	/mnt/ems-logs/backups/frdm_kinetics_running_snapshot_20260804_231509/opt/kinetics-gateway/venv/lib/python3.13/site-packages/openpyxl/styles/cell_style.py
54202	2026-08-01T10:06:21.0000000000	/mnt/ems-logs/backups/frdm_kinetics_running_snapshot_20260804_231509/opt/kinetics-gateway/venv/lib/python3.13/site-packages/pygments/lexers/python.py
5429	2026-07-26T00:10:13.0000000000	/mnt/ems-logs/backups/frdm_kinetics_running_snapshot_20260804_231509/opt/kinetics-gateway/venv/lib/python3.13/site-packages/httpx2/_transports/asgi.py
5436	2026-07-25T23:53:07.0000000000	/mnt/ems-logs/backups/frdm_kinetics_running_snapshot_20260804_231509/opt/kinetics-gateway/venv/lib/python3.13/site-packages/uvloop-0.22.1.dist-info/RECORD
5437	2026-08-01T10:06:31.0000000000	/mnt/ems-logs/backups/frdm_kinetics_running_snapshot_20260804_231509/opt/kinetics-gateway/venv/lib/python3.13/site-packages/_pytest/assertion/truncate.py
5445	2026-07-25T23:53:13.0000000000	/mnt/ems-logs/backups/frdm_kinetics_running_snapshot_20260804_231509/opt/kinetics-gateway/venv/lib/python3.13/site-packages/pydantic/plugin/_schema_validator.py
5447	2026-07-25T23:53:12.0000000000	/mnt/ems-logs/backups/frdm_kinetics_running_snapshot_20260804_231509/opt/kinetics-gateway/venv/lib/python3.13/site-packages/starlette/templating.py
5478	2026-08-01T09:57:28.0000000000	/mnt/ems-logs/backups/frdm_kinetics_running_snapshot_20260804_231509/opt/kinetics-gateway/venv/lib/python3.13/site-packages/fastapi/__pycache__/utils.cpython-313.pyc
5488	2026-08-01T10:06:34.0000000000	/mnt/ems-logs/backups/frdm_kinetics_running_snapshot_20260804_231509/opt/kinetics-gateway/venv/lib/python3.13/site-packages/_pytest/__pycache__/setuponly.cpython-313.pyc
5497	2026-08-01T10:05:57.0000000000	/mnt/ems-logs/backups/frdm_kinetics_running_snapshot_20260804_231509/opt/kinetics-gateway/venv/lib/python3.13/site-packages/pip/_vendor/rich/__pycache__/cells.cpython-313.pyc
5499	2026-07-26T00:10:12.0000000000	/mnt/ems-logs/backups/frdm_kinetics_running_snapshot_20260804_231509/opt/kinetics-gateway/venv/lib/python3.13/site-packages/httpcore2/_backends/anyio.py
5501	2026-07-25T23:53:12.0000000000	/mnt/ems-logs/backups/frdm_kinetics_running_snapshot_20260804_231509/opt/kinetics-gateway/venv/lib/python3.13/site-packages/starlette/middleware/wsgi.py
5502	2026-07-25T23:49:15.0000000000	/mnt/ems-logs/backups/frdm_kinetics_running_snapshot_20260804_231509/opt/kinetics-gateway/venv/lib/python3.13/site-packages/pip/_vendor/rich/containers.py
551	2026-08-01T10:05:58.0000000000	/mnt/ems-logs/backups/frdm_kinetics_running_snapshot_20260804_231509/opt/kinetics-gateway/venv/lib/python3.13/site-packages/pip/_vendor/packaging/__pycache__/__init__.cpython-313.pyc
5514	2026-07-25T23:49:15.0000000000	/mnt/ems-logs/backups/frdm_kinetics_running_snapshot_20260804_231509/opt/kinetics-gateway/venv/lib/python3.13/site-packages/pip/_internal/commands/index.py
5515	2026-08-01T10:06:21.0000000000	/mnt/ems-logs/backups/frdm_kinetics_running_snapshot_20260804_231509/opt/kinetics-gateway/venv/lib/python3.13/site-packages/pygments/lexers/tcl.py
5517	2026-08-01T09:57:26.0000000000	/mnt/ems-logs/backups/frdm_kinetics_running_snapshot_20260804_231509/opt/kinetics-gateway/venv/lib/python3.13/site-packages/pydantic/_internal/__pycache__/_docs_extraction.cpython-313.pyc
5524	2026-08-01T10:06:24.0000000000	/mnt/ems-logs/backups/frdm_kinetics_running_snapshot_20260804_231509/opt/kinetics-gateway/venv/lib/python3.13/site-packages/pygments/lexers/__pycache__/ada.cpython-313.pyc
5535	2026-08-01T10:06:30.0000000000	/mnt/ems-logs/backups/frdm_kinetics_running_snapshot_20260804_231509/opt/kinetics-gateway/venv/lib/python3.13/site-packages/packaging/licenses/__pycache__/__init__.cpython-313.pyc
5542	2026-08-01T10:06:23.0000000000	/mnt/ems-logs/backups/frdm_kinetics_running_snapshot_20260804_231509/opt/kinetics-gateway/venv/lib/python3.13/site-packages/pygments/lexers/__pycache__/_sql_builtins.cpython-313.pyc
5545	2026-07-29T12:14:49.9241197160	/mnt/ems-logs/backups/frdm_kinetics_running_snapshot_20260804_231509/etc/kinetics-gateway/config.json.after_wiring_fix_before_restore_20260729_070504
5546	2026-08-01T10:06:27.0000000000	/mnt/ems-logs/backups/frdm_kinetics_running_snapshot_20260804_231509/opt/kinetics-gateway/venv/lib/python3.13/site-packages/pygments/lexers/__pycache__/nix.cpython-313.pyc
555	2026-08-04T23:15:26.6329018280	/mnt/ems-logs/backups/frdm_kinetics_running_snapshot_20260804_231509/systemd/cloudflared.service.effective.txt
5555	2026-07-25T23:56:52.0000000000	/mnt/ems-logs/backups/frdm_kinetics_running_snapshot_20260804_231509/opt/kinetics-gateway/backend/app/protocols/modbus_tcp.py
5555	2026-07-25T23:56:52.0000000000	/mnt/ems-logs/backups/frdm_kinetics_running_snapshot_20260804_231509/opt/kinetics-gateway/staging/v3_0_0_20260731T161022Z/backend/app/protocols/modbus_tcp.py
55568	2026-08-01T09:57:30.0000000000	/mnt/ems-logs/backups/frdm_kinetics_running_snapshot_20260804_231509/opt/kinetics-gateway/backend/app/services/__pycache__/gateway_service.cpython-313.pyc
5560	2026-08-01T10:06:28.0000000000	/mnt/ems-logs/backups/frdm_kinetics_running_snapshot_20260804_231509/opt/kinetics-gateway/venv/lib/python3.13/site-packages/pygments/lexers/__pycache__/special.cpython-313.pyc
5562	2026-08-01T10:06:10.0000000000	/mnt/ems-logs/backups/frdm_kinetics_running_snapshot_20260804_231509/opt/kinetics-gateway/venv/lib/python3.13/site-packages/pip/_internal/req/__pycache__/req_set.cpython-313.pyc
5568	2026-07-25T23:49:15.0000000000	/mnt/ems-logs/backups/frdm_kinetics_running_snapshot_20260804_231509/opt/kinetics-gateway/venv/lib/python3.13/site-packages/pip/_vendor/urllib3/_base_connection.py
557	2026-07-25T23:49:15.0000000000	/mnt/ems-logs/backups/frdm_kinetics_running_snapshot_20260804_231509/opt/kinetics-gateway/venv/lib/python3.13/site-packages/pip/_vendor/pyproject_hooks/_in_process/__init__.py
557	2026-08-01T09:57:28.0000000000	/mnt/ems-logs/backups/frdm_kinetics_running_snapshot_20260804_231509/opt/kinetics-gateway/venv/lib/python3.13/site-packages/fastapi/security/__pycache__/base.cpython-313.pyc
5574	2026-07-27T22:22:23.0000000000	/mnt/ems-logs/backups/frdm_kinetics_running_snapshot_20260804_231509/opt/kinetics-gateway/backups/v2_4_5_pcs_precharge_standby_20260728_040903/tools/control_sequence_cli.py
5575	2026-07-25T23:49:15.0000000000	/mnt/ems-logs/backups/frdm_kinetics_running_snapshot_20260804_231509/opt/kinetics-gateway/venv/lib/python3.13/site-packages/pip/_internal/vcs/mercurial.py
558	2026-07-25T23:49:15.0000000000	/mnt/ems-logs/backups/frdm_kinetics_running_snapshot_20260804_231509/opt/kinetics-gateway/venv/lib/python3.13/site-packages/pip-26.1.2.dist-info/licenses/src/pip/_vendor/cachecontrol/LICENSE.txt
558	2026-07-25T23:49:15.0000000000	/mnt/ems-logs/backups/frdm_kinetics_running_snapshot_20260804_231509/opt/kinetics-gateway/venv/lib/python3.13/site-packages/pip/_internal/models/scheme.py
558	2026-07-25T23:49:15.0000000000	/mnt/ems-logs/backups/frdm_kinetics_running_snapshot_20260804_231509/opt/kinetics-gateway/venv/lib/python3.13/site-packages/pip/_vendor/cachecontrol/LICENSE.txt
55913	2026-08-01T10:06:31.0000000000	/mnt/ems-logs/backups/frdm_kinetics_running_snapshot_20260804_231509/opt/kinetics-gateway/venv/lib/python3.13/site-packages/_pytest/_code/code.py
55957	2026-08-01T10:06:26.0000000000	/mnt/ems-logs/backups/frdm_kinetics_running_snapshot_20260804_231509/opt/kinetics-gateway/venv/lib/python3.13/site-packages/pygments/lexers/__pycache__/matlab.cpython-313.pyc
5598	2026-08-01T10:06:24.0000000000	/mnt/ems-logs/backups/frdm_kinetics_running_snapshot_20260804_231509/opt/kinetics-gateway/venv/lib/python3.13/site-packages/pygments/lexers/__pycache__/ecl.cpython-313.pyc
5604	2026-08-01T10:06:21.0000000000	/mnt/ems-logs/backups/frdm_kinetics_running_snapshot_20260804_231509/opt/kinetics-gateway/venv/lib/python3.13/site-packages/pygments/lexers/graphql.py
5606	2026-08-01T10:06:31.0000000000	/mnt/ems-logs/backups/frdm_kinetics_running_snapshot_20260804_231509/opt/kinetics-gateway/venv/lib/python3.13/site-packages/iniconfig/__pycache__/_parse.cpython-313.pyc
5609	2026-08-01T10:06:30.0000000000	/mnt/ems-logs/backups/frdm_kinetics_running_snapshot_20260804_231509/opt/kinetics-gateway/venv/lib/python3.13/site-packages/pygments/styles/__pycache__/nord.cpython-313.pyc
5618	2026-08-01T10:06:21.0000000000	/mnt/ems-logs/backups/frdm_kinetics_running_snapshot_20260804_231509/opt/kinetics-gateway/venv/lib/python3.13/site-packages/pygments/lexers/vyper.py
5623	2026-08-01T09:57:29.0000000000	/mnt/ems-logs/backups/frdm_kinetics_running_snapshot_20260804_231509/opt/kinetics-gateway/venv/lib/python3.13/site-packages/jwt/__pycache__/utils.cpython-313.pyc
5626	2026-07-25T23:53:11.0000000000	/mnt/ems-logs/backups/frdm_kinetics_running_snapshot_20260804_231509/opt/kinetics-gateway/venv/lib/python3.13/site-packages/anyio/_core/_asyncio_selector_thread.py
5628	2026-07-25T23:53:10.0000000000	/mnt/ems-logs/backups/frdm_kinetics_running_snapshot_20260804_231509/opt/kinetics-gateway/venv/lib/python3.13/site-packages/openpyxl/cell/rich_text.py
5639	2026-07-26T00:10:13.0000000000	/mnt/ems-logs/backups/frdm_kinetics_running_snapshot_20260804_231509/opt/kinetics-gateway/venv/lib/python3.13/site-packages/httpx2/_status_codes.py
5639	2026-08-01T10:06:21.0000000000	/mnt/ems-logs/backups/frdm_kinetics_running_snapshot_20260804_231509/opt/kinetics-gateway/venv/lib/python3.13/site-packages/pygments/lexers/jsonnet.py
564	2026-07-25T23:53:10.0000000000	/mnt/ems-logs/backups/frdm_kinetics_running_snapshot_20260804_231509/opt/kinetics-gateway/venv/lib/python3.13/site-packages/openpyxl/chart/__init__.py
5641	2026-08-01T10:06:08.0000000000	/mnt/ems-logs/backups/frdm_kinetics_running_snapshot_20260804_231509/opt/kinetics-gateway/venv/lib/python3.13/site-packages/pip/_vendor/requests/__pycache__/structures.cpython-313.pyc
56451	2026-08-01T10:06:32.0000000000	/mnt/ems-logs/backups/frdm_kinetics_running_snapshot_20260804_231509/opt/kinetics-gateway/venv/lib/python3.13/site-packages/_pytest/__pycache__/capture.cpython-313.pyc
56547	2026-08-01T10:06:21.0000000000	/mnt/ems-logs/backups/frdm_kinetics_running_snapshot_20260804_231509/opt/kinetics-gateway/venv/lib/python3.13/site-packages/pygments/lexers/int_fiction.py
566	2026-07-25T23:49:15.0000000000	/mnt/ems-logs/backups/frdm_kinetics_running_snapshot_20260804_231509/opt/kinetics-gateway/venv/lib/python3.13/site-packages/pip/_vendor/urllib3/contrib/emscripten/request.py
566	2026-07-25T23:53:08.0000000000	/mnt/ems-logs/backups/frdm_kinetics_running_snapshot_20260804_231509/opt/kinetics-gateway/venv/lib/python3.13/site-packages/httptools/parser/errors.py
566	2026-07-25T23:53:09.0000000000	/mnt/ems-logs/backups/frdm_kinetics_running_snapshot_20260804_231509/opt/kinetics-gateway/venv/lib/python3.13/site-packages/uvicorn/loops/auto.py
566	2026-07-31T23:35:35.5775142280	/mnt/ems-logs/backups/frdm_kinetics_running_snapshot_20260804_231509/mnt/ems-logs/scheduler/bess-seven-day-backend-v3/state.json
5665	2026-08-01T10:06:21.0000000000	/mnt/ems-logs/backups/frdm_kinetics_running_snapshot_20260804_231509/opt/kinetics-gateway/venv/lib/python3.13/site-packages/pygments/styles/paraiso_dark.py
5671	2026-08-01T10:06:21.0000000000	/mnt/ems-logs/backups/frdm_kinetics_running_snapshot_20260804_231509/opt/kinetics-gateway/venv/lib/python3.13/site-packages/pygments/styles/paraiso_light.py
568	2026-07-25T23:53:06.0000000000	/mnt/ems-logs/backups/frdm_kinetics_running_snapshot_20260804_231509/opt/kinetics-gateway/venv/lib/python3.13/site-packages/websockets/auth.py
5694	2026-08-01T09:57:30.0000000000	/mnt/ems-logs/backups/frdm_kinetics_running_snapshot_20260804_231509/opt/kinetics-gateway/backend/app/services/__pycache__/alarm_engine.cpython-313.pyc
5701	2026-08-01T10:06:21.0000000000	/mnt/ems-logs/backups/frdm_kinetics_running_snapshot_20260804_231509/opt/kinetics-gateway/venv/lib/python3.13/site-packages/pygments/lexers/webassembly.py
57069	2026-08-01T10:06:21.0000000000	/mnt/ems-logs/backups/frdm_kinetics_running_snapshot_20260804_231509/opt/kinetics-gateway/venv/lib/python3.13/site-packages/pygments/lexers/_vim_builtins.py
5709	2026-07-25T23:53:10.0000000000	/mnt/ems-logs/backups/frdm_kinetics_running_snapshot_20260804_231509/opt/kinetics-gateway/venv/lib/python3.13/site-packages/openpyxl/worksheet/_read_only.py
571	2026-08-01T10:01:23.0000000000	/mnt/ems-logs/backups/frdm_kinetics_running_snapshot_20260804_231509/opt/kinetics-gateway/venv/lib/python3.13/site-packages/uvicorn/loops/__pycache__/uvloop.cpython-313.pyc
5714	2026-08-01T10:06:21.0000000000	/mnt/ems-logs/backups/frdm_kinetics_running_snapshot_20260804_231509/opt/kinetics-gateway/venv/lib/python3.13/site-packages/pygments/lexers/vip.py
57205	2026-08-01T10:06:25.0000000000	/mnt/ems-logs/backups/frdm_kinetics_running_snapshot_20260804_231509/opt/kinetics-gateway/venv/lib/python3.13/site-packages/pygments/lexers/__pycache__/javascript.cpython-313.pyc
5726	2026-07-25T23:49:15.0000000000	/mnt/ems-logs/backups/frdm_kinetics_running_snapshot_20260804_231509/opt/kinetics-gateway/venv/lib/python3.13/site-packages/pip/_vendor/msgpack/ext.py
5726	2026-08-01T10:06:24.0000000000	/mnt/ems-logs/backups/frdm_kinetics_running_snapshot_20260804_231509/opt/kinetics-gateway/venv/lib/python3.13/site-packages/pygments/lexers/__pycache__/diff.cpython-313.pyc
5731	2026-08-01T10:06:08.0000000000	/mnt/ems-logs/backups/frdm_kinetics_running_snapshot_20260804_231509/opt/kinetics-gateway/venv/lib/python3.13/site-packages/pip/_vendor/urllib3/util/__pycache__/ssl_match_hostname.cpython-313.pyc
5731	2026-08-01T10:06:29.0000000000	/mnt/ems-logs/backups/frdm_kinetics_running_snapshot_20260804_231509/opt/kinetics-gateway/venv/lib/python3.13/site-packages/pygments/lexers/__pycache__/teraterm.cpython-313.pyc
5746	2026-07-25T23:53:10.0000000000	/mnt/ems-logs/backups/frdm_kinetics_running_snapshot_20260804_231509/opt/kinetics-gateway/venv/lib/python3.13/site-packages/openpyxl/chart/_chart.py
575	2026-07-25T23:53:07.0000000000	/mnt/ems-logs/backups/frdm_kinetics_running_snapshot_20260804_231509/opt/kinetics-gateway/venv/lib/python3.13/site-packages/uvloop/handles/poll.pxd
575	2026-07-25T23:53:08.0000000000	/mnt/ems-logs/backups/frdm_kinetics_running_snapshot_20260804_231509/opt/kinetics-gateway/venv/lib/python3.13/site-packages/httptools/_version.py
5753	2026-07-25T23:53:10.0000000000	/mnt/ems-logs/backups/frdm_kinetics_running_snapshot_20260804_231509/opt/kinetics-gateway/venv/lib/python3.13/site-packages/openpyxl/comments/comment_sheet.py
576	2026-07-25T23:53:06.0000000000	/mnt/ems-logs/backups/frdm_kinetics_running_snapshot_20260804_231509/opt/kinetics-gateway/venv/lib/python3.13/site-packages/uvloop/_version.py
57610	2026-08-01T09:57:24.0000000000	/mnt/ems-logs/backups/frdm_kinetics_running_snapshot_20260804_231509/opt/kinetics-gateway/venv/lib/python3.13/site-packages/click/__pycache__/types.cpython-313.pyc
5765	2026-07-25T23:53:11.0000000000	/mnt/ems-logs/backups/frdm_kinetics_running_snapshot_20260804_231509/opt/kinetics-gateway/venv/lib/python3.13/site-packages/anyio/streams/text.py
577	2026-07-25T23:49:15.0000000000	/mnt/ems-logs/backups/frdm_kinetics_running_snapshot_20260804_231509/opt/kinetics-gateway/venv/lib/python3.13/site-packages/pip/_internal/resolution/base.py
5775	2026-08-01T10:06:29.0000000000	/mnt/ems-logs/backups/frdm_kinetics_running_snapshot_20260804_231509/opt/kinetics-gateway/venv/lib/python3.13/site-packages/pygments/lexers/__pycache__/vip.cpython-313.pyc
57785	2026-07-27T11:40:36.0000000000	/mnt/ems-logs/backups/frdm_kinetics_running_snapshot_20260804_231509/opt/kinetics-gateway/backend/protocol_sources/pcs_hmi/cfg_sys.json
57785	2026-07-27T11:40:36.0000000000	/mnt/ems-logs/backups/frdm_kinetics_running_snapshot_20260804_231509/opt/kinetics-gateway/staging/v3_0_0_20260731T161022Z/backend/protocol_sources/pcs_hmi/cfg_sys.json
578	2026-08-01T10:06:08.0000000000	/mnt/ems-logs/backups/frdm_kinetics_running_snapshot_20260804_231509/opt/kinetics-gateway/venv/lib/python3.13/site-packages/pip/_vendor/requests/__pycache__/__version__.cpython-313.pyc
5782	2026-07-25T23:49:15.0000000000	/mnt/ems-logs/backups/frdm_kinetics_running_snapshot_20260804_231509/opt/kinetics-gateway/venv/lib/python3.13/site-packages/pip/_internal/commands/search.py
5782	2026-07-25T23:53:10.0000000000	/mnt/ems-logs/backups/frdm_kinetics_running_snapshot_20260804_231509/opt/kinetics-gateway/venv/lib/python3.13/site-packages/openpyxl/chart/data_source.py
5782	2026-08-01T10:06:30.0000000000	/mnt/ems-logs/backups/frdm_kinetics_running_snapshot_20260804_231509/opt/kinetics-gateway/venv/lib/python3.13/site-packages/pygments/styles/__pycache__/solarized.cpython-313.pyc
5799	2026-08-01T09:57:28.0000000000	/mnt/ems-logs/backups/frdm_kinetics_running_snapshot_20260804_231509/opt/kinetics-gateway/venv/lib/python3.13/site-packages/starlette/__pycache__/_utils.cpython-313.pyc
58	2026-07-25T23:53:15.0000000000	/mnt/ems-logs/backups/frdm_kinetics_running_snapshot_20260804_231509/opt/kinetics-gateway/venv/lib/python3.13/site-packages/fastapi/middleware/__init__.py
580	2026-07-25T23:53:07.0000000000	/mnt/ems-logs/backups/frdm_kinetics_running_snapshot_20260804_231509/opt/kinetics-gateway/venv/lib/python3.13/site-packages/typing_extensions-4.16.0.dist-info/RECORD
5803	2026-08-01T10:28:08.8690790970	/mnt/ems-logs/backups/frdm_kinetics_running_snapshot_20260804_231509/etc/kinetics-gateway/config.json
5805	2026-07-25T23:53:10.0000000000	/mnt/ems-logs/backups/frdm_kinetics_running_snapshot_20260804_231509/opt/kinetics-gateway/venv/lib/python3.13/site-packages/openpyxl/chart/plotarea.py
5816	2026-08-01T10:06:34.0000000000	/mnt/ems-logs/backups/frdm_kinetics_running_snapshot_20260804_231509/opt/kinetics-gateway/venv/lib/python3.13/site-packages/_pytest/__pycache__/threadexception.cpython-313.pyc
582	2026-08-01T01:14:53.0000000000	/mnt/ems-logs/backups/frdm_kinetics_running_snapshot_20260804_231509/opt/kinetics-gateway/backend/tests/test_control_route_compatibility.py
58226	2026-08-01T10:01:22.0000000000	/mnt/ems-logs/backups/frdm_kinetics_running_snapshot_20260804_231509/opt/kinetics-gateway/venv/lib/python3.13/site-packages/pydantic/v1/__pycache__/fields.cpython-313.pyc
5824	2026-07-25T23:49:15.0000000000	/mnt/ems-logs/backups/frdm_kinetics_running_snapshot_20260804_231509/opt/kinetics-gateway/venv/lib/python3.13/site-packages/pip/_internal/metadata/__init__.py
5828	2026-08-01T10:06:31.0000000000	/mnt/ems-logs/backups/frdm_kinetics_running_snapshot_20260804_231509/opt/kinetics-gateway/venv/lib/python3.13/site-packages/_pytest/_io/__pycache__/saferepr.cpython-313.pyc
5836	2026-08-01T10:06:22.0000000000	/mnt/ems-logs/backups/frdm_kinetics_running_snapshot_20260804_231509/opt/kinetics-gateway/venv/lib/python3.13/site-packages/pygments/formatters/__pycache__/terminal.cpython-313.pyc
5836	2026-08-01T10:06:29.0000000000	/mnt/ems-logs/backups/frdm_kinetics_running_snapshot_20260804_231509/opt/kinetics-gateway/venv/lib/python3.13/site-packages/pygments/lexers/__pycache__/thingsdb.cpython-313.pyc
584	2026-08-01T09:57:28.0000000000	/mnt/ems-logs/backups/frdm_kinetics_running_snapshot_20260804_231509/opt/kinetics-gateway/venv/lib/python3.13/site-packages/fastapi/security/__pycache__/utils.cpython-313.pyc
58447	2026-08-01T10:06:08.0000000000	/mnt/ems-logs/backups/frdm_kinetics_running_snapshot_20260804_231509/opt/kinetics-gateway/venv/lib/python3.13/site-packages/pip/_vendor/urllib3/__pycache__/response.cpython-313.pyc
5845	2026-07-25T23:49:15.0000000000	/mnt/ems-logs/backups/frdm_kinetics_running_snapshot_20260804_231509/opt/kinetics-gateway/venv/lib/python3.13/site-packages/pip/_vendor/urllib3/util/ssl_match_hostname.py
5846	2026-08-01T10:06:30.0000000000	/mnt/ems-logs/backups/frdm_kinetics_running_snapshot_20260804_231509/opt/kinetics-gateway/venv/lib/python3.13/site-packages/pygments/lexers/__pycache__/webassembly.cpython-313.pyc
5848	2026-08-01T10:06:10.0000000000	/mnt/ems-logs/backups/frdm_kinetics_running_snapshot_20260804_231509/opt/kinetics-gateway/venv/lib/python3.13/site-packages/pip/_internal/utils/__pycache__/wheel.cpython-313.pyc
586	2026-07-25T23:53:08.0000000000	/mnt/ems-logs/backups/frdm_kinetics_running_snapshot_20260804_231509/opt/kinetics-gateway/venv/lib/python3.13/site-packages/httptools/parser/protocol.py
5880	2026-07-25T23:49:15.0000000000	/mnt/ems-logs/backups/frdm_kinetics_running_snapshot_20260804_231509/opt/kinetics-gateway/venv/lib/python3.13/site-packages/pip/_internal/commands/wheel.py
5880	2026-08-01T10:06:27.0000000000	/mnt/ems-logs/backups/frdm_kinetics_running_snapshot_20260804_231509/opt/kinetics-gateway/venv/lib/python3.13/site-packages/pygments/lexers/__pycache__/q.cpython-313.pyc
5894	2026-07-25T23:49:15.0000000000	/mnt/ems-logs/backups/frdm_kinetics_running_snapshot_20260804_231509/opt/kinetics-gateway/venv/lib/python3.13/site-packages/pip/_internal/operations/check.py
5896	2026-07-25T23:53:10.0000000000	/mnt/ems-logs/backups/frdm_kinetics_running_snapshot_20260804_231509/opt/kinetics-gateway/venv/lib/python3.13/site-packages/openpyxl/chart/series.py
5899	2026-07-25T23:53:12.0000000000	/mnt/ems-logs/backups/frdm_kinetics_running_snapshot_20260804_231509/opt/kinetics-gateway/venv/lib/python3.13/site-packages/starlette/middleware/gzip.py
59	2026-07-25T23:53:10.0000000000	/mnt/ems-logs/backups/frdm_kinetics_running_snapshot_20260804_231509/opt/kinetics-gateway/venv/lib/python3.13/site-packages/openpyxl/formatting/__init__.py
59	2026-07-25T23:53:12.0000000000	/mnt/ems-logs/backups/frdm_kinetics_running_snapshot_20260804_231509/opt/kinetics-gateway/venv/lib/python3.13/site-packages/watchfiles/__main__.py
5903	2026-07-25T23:49:15.0000000000	/mnt/ems-logs/backups/frdm_kinetics_running_snapshot_20260804_231509/opt/kinetics-gateway/venv/lib/python3.13/site-packages/pip/_internal/resolution/resolvelib/base.py
5906	2026-08-01T10:06:33.0000000000	/mnt/ems-logs/backups/frdm_kinetics_running_snapshot_20260804_231509/opt/kinetics-gateway/venv/lib/python3.13/site-packages/_pytest/__pycache__/pastebin.cpython-313.pyc
5920	2026-07-25T23:53:06.0000000000	/mnt/ems-logs/backups/frdm_kinetics_running_snapshot_20260804_231509/opt/kinetics-gateway/venv/lib/python3.13/site-packages/websockets/speedups.c
5921	2026-08-01T10:06:17.0000000000	/mnt/ems-logs/backups/frdm_kinetics_running_snapshot_20260804_231509/opt/kinetics-gateway/venv/lib/python3.13/site-packages/pip/_internal/resolution/resolvelib/__pycache__/reporter.cpython-313.pyc
5921	2026-08-01T10:06:29.0000000000	/mnt/ems-logs/backups/frdm_kinetics_running_snapshot_20260804_231509/opt/kinetics-gateway/venv/lib/python3.13/site-packages/pygments/lexers/__pycache__/urbi.cpython-313.pyc
59428	2026-08-01T10:07:22.0000000000	/mnt/ems-logs/backups/frdm_kinetics_running_snapshot_20260804_231509/opt/kinetics-gateway/venv/lib/python3.13/site-packages/httpx2/__pycache__/_models.cpython-313.pyc
595	2026-08-01T10:01:23.0000000000	/mnt/ems-logs/backups/frdm_kinetics_running_snapshot_20260804_231509/opt/kinetics-gateway/venv/lib/python3.13/site-packages/uvloop/includes/__pycache__/__init__.cpython-313.pyc
596	2026-07-25T23:49:15.0000000000	/mnt/ems-logs/backups/frdm_kinetics_running_snapshot_20260804_231509/opt/kinetics-gateway/venv/lib/python3.13/site-packages/pip/_internal/vcs/__init__.py
5961	2026-07-26T00:10:12.0000000000	/mnt/ems-logs/backups/frdm_kinetics_running_snapshot_20260804_231509/opt/kinetics-gateway/venv/lib/python3.13/site-packages/httpcore2/_backends/trio.py
59700	2026-07-27T09:05:59.0000000000	/mnt/ems-logs/backups/frdm_kinetics_running_snapshot_20260804_231509/opt/kinetics-gateway/venv/lib/python3.13/site-packages/serial/rfc2217.py
5975	2026-07-25T23:49:15.0000000000	/mnt/ems-logs/backups/frdm_kinetics_running_snapshot_20260804_231509/opt/kinetics-gateway/venv/lib/python3.13/site-packages/pip/_internal/locations/_distutils.py
5991	2026-08-01T10:06:30.0000000000	/mnt/ems-logs/backups/frdm_kinetics_running_snapshot_20260804_231509/opt/kinetics-gateway/venv/lib/python3.13/site-packages/pluggy/_callers.py
5994	2026-08-01T10:06:10.0000000000	/mnt/ems-logs/backups/frdm_kinetics_running_snapshot_20260804_231509/opt/kinetics-gateway/venv/lib/python3.13/site-packages/pip/_vendor/rich/__pycache__/spinner.cpython-313.pyc
599576	2026-07-25T23:53:08.0000000000	/mnt/ems-logs/backups/frdm_kinetics_running_snapshot_20260804_231509/opt/kinetics-gateway/venv/lib/python3.13/site-packages/httptools/parser/url_parser.cpython-313-aarch64-linux-gnu.so
6	2026-07-25T23:53:11.0000000000	/mnt/ems-logs/backups/frdm_kinetics_running_snapshot_20260804_231509/opt/kinetics-gateway/venv/lib/python3.13/site-packages/anyio-4.14.2.dist-info/top_level.txt
6	2026-07-31T21:40:24.0000000000	/mnt/ems-logs/backups/frdm_kinetics_running_snapshot_20260804_231509/opt/kinetics-gateway/staging/v3_0_0_20260731T161022Z/READY
600	2026-08-01T10:01:23.0000000000	/mnt/ems-logs/backups/frdm_kinetics_running_snapshot_20260804_231509/opt/kinetics-gateway/venv/lib/python3.13/site-packages/uvicorn/protocols/http/__pycache__/auto.cpython-313.pyc
6008	2026-07-25T23:53:10.0000000000	/mnt/ems-logs/backups/frdm_kinetics_running_snapshot_20260804_231509/opt/kinetics-gateway/venv/lib/python3.13/site-packages/openpyxl/workbook/protection.py
6013	2026-07-25T23:53:13.0000000000	/mnt/ems-logs/backups/frdm_kinetics_running_snapshot_20260804_231509/opt/kinetics-gateway/venv/lib/python3.13/site-packages/pydantic/errors.py
6018	2026-07-25T23:49:15.0000000000	/mnt/ems-logs/backups/frdm_kinetics_running_snapshot_20260804_231509/opt/kinetics-gateway/venv/lib/python3.13/site-packages/pip/_internal/resolution/resolvelib/found_candidates.py
60195	2026-08-01T10:06:34.0000000000	/mnt/ems-logs/backups/frdm_kinetics_running_snapshot_20260804_231509/opt/kinetics-gateway/venv/lib/python3.13/site-packages/_pytest/__pycache__/raises.cpython-313.pyc
60196	2026-08-01T10:06:31.0000000000	/mnt/ems-logs/backups/frdm_kinetics_running_snapshot_20260804_231509/opt/kinetics-gateway/venv/lib/python3.13/site-packages/_pytest/raises.py
6022	2026-08-01T10:06:24.0000000000	/mnt/ems-logs/backups/frdm_kinetics_running_snapshot_20260804_231509/opt/kinetics-gateway/venv/lib/python3.13/site-packages/pygments/lexers/__pycache__/email.cpython-313.pyc
6027	2026-07-25T23:49:15.0000000000	/mnt/ems-logs/backups/frdm_kinetics_running_snapshot_20260804_231509/opt/kinetics-gateway/venv/lib/python3.13/site-packages/pip/_internal/commands/lock.py
60279	2026-08-01T10:05:58.0000000000	/mnt/ems-logs/backups/frdm_kinetics_running_snapshot_20260804_231509/opt/kinetics-gateway/venv/lib/python3.13/site-packages/pip/_vendor/rich/__pycache__/text.cpython-313.pyc
603	2026-07-25T23:53:10.0000000000	/mnt/ems-logs/backups/frdm_kinetics_running_snapshot_20260804_231509/opt/kinetics-gateway/venv/lib/python3.13/site-packages/openpyxl/__init__.py
60350	2026-07-26T00:10:13.0000000000	/mnt/ems-logs/backups/frdm_kinetics_running_snapshot_20260804_231509/opt/kinetics-gateway/venv/lib/python3.13/site-packages/httpx2/websockets/_api.py
6036	2026-07-25T23:53:06.0000000000	/mnt/ems-logs/backups/frdm_kinetics_running_snapshot_20260804_231509/opt/kinetics-gateway/venv/lib/python3.13/site-packages/websockets/cli.py
6038	2026-08-01T10:06:08.0000000000	/mnt/ems-logs/backups/frdm_kinetics_running_snapshot_20260804_231509/opt/kinetics-gateway/venv/lib/python3.13/site-packages/pip/_vendor/requests/__pycache__/status_codes.cpython-313.pyc
604	2026-07-25T23:53:10.0000000000	/mnt/ems-logs/backups/frdm_kinetics_running_snapshot_20260804_231509/opt/kinetics-gateway/venv/lib/python3.13/site-packages/openpyxl/compat/strings.py
60408	2026-07-25T23:49:15.0000000000	/mnt/ems-logs/backups/frdm_kinetics_running_snapshot_20260804_231509/opt/kinetics-gateway/venv/lib/python3.13/site-packages/pip/_vendor/rich/progress.py
60419	2026-08-01T10:06:31.0000000000	/mnt/ems-logs/backups/frdm_kinetics_running_snapshot_20260804_231509/opt/kinetics-gateway/venv/lib/python3.13/site-packages/_pytest/terminal.py
6050	2026-08-01T10:06:30.0000000000	/mnt/ems-logs/backups/frdm_kinetics_running_snapshot_20260804_231509/opt/kinetics-gateway/venv/lib/python3.13/site-packages/pygments/styles/__pycache__/tango.cpython-313.pyc
60591	2026-08-01T10:06:26.0000000000	/mnt/ems-logs/backups/frdm_kinetics_running_snapshot_20260804_231509/opt/kinetics-gateway/venv/lib/python3.13/site-packages/pygments/lexers/__pycache__/markup.cpython-313.pyc
6068	2026-08-01T10:06:22.0000000000	/mnt/ems-logs/backups/frdm_kinetics_running_snapshot_20260804_231509/opt/kinetics-gateway/venv/lib/python3.13/site-packages/pygments/formatters/__pycache__/irc.cpython-313.pyc
6069	2026-07-25T23:53:10.0000000000	/mnt/ems-logs/backups/frdm_kinetics_running_snapshot_20260804_231509/opt/kinetics-gateway/venv/lib/python3.13/site-packages/openpyxl/chart/chartspace.py
608	2026-07-25T23:53:10.0000000000	/mnt/ems-logs/backups/frdm_kinetics_running_snapshot_20260804_231509/opt/kinetics-gateway/venv/lib/python3.13/site-packages/openpyxl/worksheet/cell_watch.py
6082	2026-08-01T10:06:24.0000000000	/mnt/ems-logs/backups/frdm_kinetics_running_snapshot_20260804_231509/opt/kinetics-gateway/venv/lib/python3.13/site-packages/pygments/lexers/__pycache__/clean.cpython-313.pyc
6085	2026-08-01T10:06:21.0000000000	/mnt/ems-logs/backups/frdm_kinetics_running_snapshot_20260804_231509/opt/kinetics-gateway/venv/lib/python3.13/site-packages/pygments/lexers/urbi.py
6087	2026-08-01T09:57:30.0000000000	/mnt/ems-logs/backups/frdm_kinetics_running_snapshot_20260804_231509/opt/kinetics-gateway/backend/app/core/__pycache__/catalog.cpython-313.pyc
6090	2026-07-25T23:49:15.0000000000	/mnt/ems-logs/backups/frdm_kinetics_running_snapshot_20260804_231509/opt/kinetics-gateway/venv/lib/python3.13/site-packages/pip/_vendor/rich/__init__.py
60971	2026-07-25T23:53:13.0000000000	/mnt/ems-logs/backups/frdm_kinetics_running_snapshot_20260804_231509/opt/kinetics-gateway/venv/lib/python3.13/site-packages/pydantic/mypy.py
61	2026-07-25T23:53:15.0000000000	/mnt/ems-logs/backups/frdm_kinetics_running_snapshot_20260804_231509/opt/kinetics-gateway/venv/lib/python3.13/site-packages/fastapi-0.140.0.dist-info/entry_points.txt
6106	2026-08-01T10:06:21.0000000000	/mnt/ems-logs/backups/frdm_kinetics_running_snapshot_20260804_231509/opt/kinetics-gateway/venv/lib/python3.13/site-packages/pygments/lexers/qvt.py
6107	2026-08-01T10:06:09.0000000000	/mnt/ems-logs/backups/frdm_kinetics_running_snapshot_20260804_231509/opt/kinetics-gateway/venv/lib/python3.13/site-packages/pip/_internal/cli/__pycache__/progress_bars.cpython-313.pyc
611	2026-07-25T23:53:09.0000000000	/mnt/ems-logs/backups/frdm_kinetics_running_snapshot_20260804_231509/opt/kinetics-gateway/venv/lib/python3.13/site-packages/uvicorn/protocols/websockets/auto.py
611	2026-07-25T23:53:13.0000000000	/mnt/ems-logs/backups/frdm_kinetics_running_snapshot_20260804_231509/opt/kinetics-gateway/venv/lib/python3.13/site-packages/pydantic/_internal/_forward_ref.py
6119	2026-07-25T23:53:08.0000000000	/mnt/ems-logs/backups/frdm_kinetics_running_snapshot_20260804_231509/opt/kinetics-gateway/venv/lib/python3.13/site-packages/idna-3.18.dist-info/METADATA
6125	2026-07-25T23:53:06.0000000000	/mnt/ems-logs/backups/frdm_kinetics_running_snapshot_20260804_231509/opt/kinetics-gateway/venv/lib/python3.13/site-packages/websockets/datastructures.py
6131	2026-07-25T23:53:10.0000000000	/mnt/ems-logs/backups/frdm_kinetics_running_snapshot_20260804_231509/opt/kinetics-gateway/venv/lib/python3.13/site-packages/openpyxl/worksheet/datavalidation.py
61339	2026-07-28T09:39:04.0000000000	/mnt/ems-logs/backups/frdm_kinetics_running_snapshot_20260804_231509/opt/kinetics-gateway/backups/v2_5_0_field_validated_control_20260728_064310/app/services/bms_pcs_control.py
614	2026-07-25T23:49:15.0000000000	/mnt/ems-logs/backups/frdm_kinetics_running_snapshot_20260804_231509/opt/kinetics-gateway/venv/lib/python3.13/site-packages/pip-26.1.2.dist-info/licenses/src/pip/_vendor/msgpack/COPYING
614	2026-07-25T23:49:15.0000000000	/mnt/ems-logs/backups/frdm_kinetics_running_snapshot_20260804_231509/opt/kinetics-gateway/venv/lib/python3.13/site-packages/pip/_vendor/msgpack/COPYING
6154	2026-07-25T23:53:07.0000000000	/mnt/ems-logs/backups/frdm_kinetics_running_snapshot_20260804_231509/opt/kinetics-gateway/venv/lib/python3.13/site-packages/jwt/api_jwk.py
617	2026-07-25T23:53:09.0000000000	/mnt/ems-logs/backups/frdm_kinetics_running_snapshot_20260804_231509/opt/kinetics-gateway/venv/lib/python3.13/site-packages/uvicorn/_ansi.py
6185	2026-07-25T23:53:13.0000000000	/mnt/ems-logs/backups/frdm_kinetics_running_snapshot_20260804_231509/opt/kinetics-gateway/venv/lib/python3.13/site-packages/pydantic/_internal/_decorators_v1.py
6186	2026-08-01T10:06:28.0000000000	/mnt/ems-logs/backups/frdm_kinetics_running_snapshot_20260804_231509/opt/kinetics-gateway/venv/lib/python3.13/site-packages/pygments/lexers/__pycache__/r.cpython-313.pyc
619	2026-08-01T10:05:59.0000000000	/mnt/ems-logs/backups/frdm_kinetics_running_snapshot_20260804_231509/opt/kinetics-gateway/venv/lib/python3.13/site-packages/pip/_vendor/rich/__pycache__/region.cpython-313.pyc
6191	2026-08-01T10:06:21.0000000000	/mnt/ems-logs/backups/frdm_kinetics_running_snapshot_20260804_231509/opt/kinetics-gateway/venv/lib/python3.13/site-packages/pygments/lexers/blueprint.py
6192	2026-08-01T10:05:58.0000000000	/mnt/ems-logs/backups/frdm_kinetics_running_snapshot_20260804_231509/opt/kinetics-gateway/venv/lib/python3.13/site-packages/pip/_vendor/rich/__pycache__/measure.cpython-313.pyc
61960	2026-08-01T10:06:31.0000000000	/mnt/ems-logs/backups/frdm_kinetics_running_snapshot_20260804_231509/opt/kinetics-gateway/venv/lib/python3.13/site-packages/_pytest/pytester.py
62	2026-07-25T23:49:15.0000000000	/mnt/ems-logs/backups/frdm_kinetics_running_snapshot_20260804_231509/opt/kinetics-gateway/venv/lib/python3.13/site-packages/pip/_internal/models/__init__.py
62	2026-07-25T23:53:06.0000000000	/mnt/ems-logs/backups/frdm_kinetics_running_snapshot_20260804_231509/opt/kinetics-gateway/venv/lib/python3.13/site-packages/websockets/__main__.py
62	2026-07-25T23:53:09.0000000000	/mnt/ems-logs/backups/frdm_kinetics_running_snapshot_20260804_231509/opt/kinetics-gateway/venv/lib/python3.13/site-packages/uvicorn/__main__.py
6204	2026-08-01T09:57:26.0000000000	/mnt/ems-logs/backups/frdm_kinetics_running_snapshot_20260804_231509/opt/kinetics-gateway/venv/lib/python3.13/site-packages/pydantic/_internal/__pycache__/_schema_generation_shared.cpython-313.pyc
6224	2026-07-25T23:53:07.0000000000	/mnt/ems-logs/backups/frdm_kinetics_running_snapshot_20260804_231509/opt/kinetics-gateway/venv/lib/python3.13/site-packages/uvloop/loop.pxd
6226	2026-07-25T23:49:15.0000000000	/mnt/ems-logs/backups/frdm_kinetics_running_snapshot_20260804_231509/opt/kinetics-gateway/venv/lib/python3.13/site-packages/pip/_vendor/pygments/token.py
6229	2026-08-01T10:06:21.0000000000	/mnt/ems-logs/backups/frdm_kinetics_running_snapshot_20260804_231509/opt/kinetics-gateway/venv/lib/python3.13/site-packages/pygments/token.py
625	2026-07-25T23:49:15.0000000000	/mnt/ems-logs/backups/frdm_kinetics_running_snapshot_20260804_231509/opt/kinetics-gateway/venv/lib/python3.13/site-packages/pip/_vendor/distlib/__init__.py
6253	2026-08-01T10:06:24.0000000000	/mnt/ems-logs/backups/frdm_kinetics_running_snapshot_20260804_231509/opt/kinetics-gateway/venv/lib/python3.13/site-packages/pygments/lexers/__pycache__/dax.cpython-313.pyc
6257	2026-08-01T10:06:21.0000000000	/mnt/ems-logs/backups/frdm_kinetics_running_snapshot_20260804_231509/opt/kinetics-gateway/venv/lib/python3.13/site-packages/pygments/lexers/thingsdb.py
626	2026-07-25T23:53:10.0000000000	/mnt/ems-logs/backups/frdm_kinetics_running_snapshot_20260804_231509/opt/kinetics-gateway/venv/lib/python3.13/site-packages/openpyxl/drawing/xdr.py
627	2026-08-04T23:15:29.5889457140	/mnt/ems-logs/backups/frdm_kinetics_running_snapshot_20260804_231509/metadata/failed_services.txt
6270	2026-07-25T23:53:08.0000000000	/mnt/ems-logs/backups/frdm_kinetics_running_snapshot_20260804_231509/opt/kinetics-gateway/venv/lib/python3.13/site-packages/click/_textwrap.py
628	2026-08-01T10:06:17.0000000000	/mnt/ems-logs/backups/frdm_kinetics_running_snapshot_20260804_231509/opt/kinetics-gateway/venv/lib/python3.13/site-packages/pip/_vendor/resolvelib/__pycache__/__init__.cpython-313.pyc
6280	2026-07-25T23:53:11.0000000000	/mnt/ems-logs/backups/frdm_kinetics_running_snapshot_20260804_231509/opt/kinetics-gateway/venv/lib/python3.13/site-packages/anyio/lowlevel.py
6292	2026-08-01T10:06:21.0000000000	/mnt/ems-logs/backups/frdm_kinetics_running_snapshot_20260804_231509/opt/kinetics-gateway/venv/lib/python3.13/site-packages/pygments/lexers/monte.py
62952	2026-08-01T10:06:32.0000000000	/mnt/ems-logs/backups/frdm_kinetics_running_snapshot_20260804_231509/opt/kinetics-gateway/venv/lib/python3.13/site-packages/_pytest/assertion/__pycache__/rewrite.cpython-313.pyc
6307	2026-08-01T10:06:31.0000000000	/mnt/ems-logs/backups/frdm_kinetics_running_snapshot_20260804_231509/opt/kinetics-gateway/venv/lib/python3.13/site-packages/packaging/__pycache__/requirements.cpython-313.pyc
6310	2026-07-25T23:53:09.0000000000	/mnt/ems-logs/backups/frdm_kinetics_running_snapshot_20260804_231509/opt/kinetics-gateway/venv/lib/python3.13/site-packages/annotated_types/test_cases.py
6316	2026-08-01T10:05:58.0000000000	/mnt/ems-logs/backups/frdm_kinetics_running_snapshot_20260804_231509/opt/kinetics-gateway/venv/lib/python3.13/site-packages/pip/_vendor/rich/__pycache__/theme.cpython-313.pyc
6320	2026-08-01T10:06:34.0000000000	/mnt/ems-logs/backups/frdm_kinetics_running_snapshot_20260804_231509/opt/kinetics-gateway/venv/lib/python3.13/site-packages/_pytest/__pycache__/unraisableexception.cpython-313.pyc
63208	2026-07-25T23:49:15.0000000000	/mnt/ems-logs/backups/frdm_kinetics_running_snapshot_20260804_231509/opt/kinetics-gateway/venv/lib/python3.13/site-packages/pip/_vendor/pygments/unistring.py
63211	2026-08-01T10:06:21.0000000000	/mnt/ems-logs/backups/frdm_kinetics_running_snapshot_20260804_231509/opt/kinetics-gateway/venv/lib/python3.13/site-packages/pygments/unistring.py
6322	2026-07-25T23:49:15.0000000000	/mnt/ems-logs/backups/frdm_kinetics_running_snapshot_20260804_231509/opt/kinetics-gateway/venv/lib/python3.13/site-packages/pip/_vendor/platformdirs/macos.py
63246	2026-08-01T10:06:21.0000000000	/mnt/ems-logs/backups/frdm_kinetics_running_snapshot_20260804_231509/opt/kinetics-gateway/venv/lib/python3.13/site-packages/pygments/lexers/javascript.py
6331	2026-08-01T10:06:00.0000000000	/mnt/ems-logs/backups/frdm_kinetics_running_snapshot_20260804_231509/opt/kinetics-gateway/venv/lib/python3.13/site-packages/pip/_vendor/packaging/__pycache__/requirements.cpython-313.pyc
63368	2026-08-01T10:08:09.0000000000	/mnt/ems-logs/backups/frdm_kinetics_running_snapshot_20260804_231509/opt/kinetics-gateway/backend/tests/__pycache__/test_bms_pcs_control.cpython-313-pytest-8.4.2.pyc
6351	2026-08-01T10:06:23.0000000000	/mnt/ems-logs/backups/frdm_kinetics_running_snapshot_20260804_231509/opt/kinetics-gateway/venv/lib/python3.13/site-packages/pygments/lexers/__pycache__/_qlik_builtins.cpython-313.pyc
63632	2026-07-25T23:53:06.0000000000	/mnt/ems-logs/backups/frdm_kinetics_running_snapshot_20260804_231509/opt/kinetics-gateway/venv/lib/python3.13/site-packages/websockets/legacy/protocol.py
6366	2026-07-25T23:53:06.0000000000	/mnt/ems-logs/backups/frdm_kinetics_running_snapshot_20260804_231509/opt/kinetics-gateway/venv/lib/python3.13/site-packages/websockets/legacy/framing.py
637	2026-07-25T23:53:15.0000000000	/mnt/ems-logs/backups/frdm_kinetics_running_snapshot_20260804_231509/opt/kinetics-gateway/venv/lib/python3.13/site-packages/fastapi/middleware/asyncexitstack.py
6370	2026-07-25T23:53:12.0000000000	/mnt/ems-logs/backups/frdm_kinetics_running_snapshot_20260804_231509/opt/kinetics-gateway/venv/lib/python3.13/site-packages/starlette-1.3.1.dist-info/METADATA
6374	2026-08-01T10:06:21.0000000000	/mnt/ems-logs/backups/frdm_kinetics_running_snapshot_20260804_231509/opt/kinetics-gateway/venv/lib/python3.13/site-packages/pygments/lexers/ecl.py
6377	2026-07-25T23:53:07.0000000000	/mnt/ems-logs/backups/frdm_kinetics_running_snapshot_20260804_231509/opt/kinetics-gateway/venv/lib/python3.13/site-packages/uvloop/includes/stdlib.pxi
6380	2026-07-25T23:53:10.0000000000	/mnt/ems-logs/backups/frdm_kinetics_running_snapshot_20260804_231509/opt/kinetics-gateway/venv/lib/python3.13/site-packages/openpyxl/styles/fills.py
639	2026-07-25T23:53:10.0000000000	/mnt/ems-logs/backups/frdm_kinetics_running_snapshot_20260804_231509/opt/kinetics-gateway/venv/lib/python3.13/site-packages/openpyxl/worksheet/custom.py
639	2026-08-01T10:05:56.0000000000	/mnt/ems-logs/backups/frdm_kinetics_running_snapshot_20260804_231509/opt/kinetics-gateway/venv/lib/python3.13/site-packages/pip/__pycache__/__init__.cpython-313.pyc
6394	2026-07-25T23:53:13.0000000000	/mnt/ems-logs/backups/frdm_kinetics_running_snapshot_20260804_231509/opt/kinetics-gateway/venv/lib/python3.13/site-packages/pydantic/root_model.py
64	2026-07-25T23:49:15.0000000000	/mnt/ems-logs/backups/frdm_kinetics_running_snapshot_20260804_231509/opt/kinetics-gateway/venv/lib/python3.13/site-packages/pip/_vendor/distro/__main__.py
64	2026-07-25T23:53:07.0000000000	/mnt/ems-logs/backups/frdm_kinetics_running_snapshot_20260804_231509/opt/kinetics-gateway/venv/lib/python3.13/site-packages/uvloop/includes/debug.pxd
640	2026-07-25T23:49:15.0000000000	/mnt/ems-logs/backups/frdm_kinetics_running_snapshot_20260804_231509/opt/kinetics-gateway/venv/lib/python3.13/site-packages/pip/_vendor/resolvelib/resolvers/__init__.py
64002	2026-08-01T10:06:21.0000000000	/mnt/ems-logs/backups/frdm_kinetics_running_snapshot_20260804_231509/opt/kinetics-gateway/venv/lib/python3.13/site-packages/pygments/lexers/ncl.py
6405	2026-07-25T23:53:11.0000000000	/mnt/ems-logs/backups/frdm_kinetics_running_snapshot_20260804_231509/opt/kinetics-gateway/venv/lib/python3.13/site-packages/anyio/__init__.py
6411	2026-08-01T10:06:21.0000000000	/mnt/ems-logs/backups/frdm_kinetics_running_snapshot_20260804_231509/opt/kinetics-gateway/venv/lib/python3.13/site-packages/pygments/style.py
6416	2026-08-01T10:06:21.0000000000	/mnt/ems-logs/backups/frdm_kinetics_running_snapshot_20260804_231509/opt/kinetics-gateway/venv/lib/python3.13/site-packages/pygments/lexers/nimrod.py
6418	2026-08-01T10:06:21.0000000000	/mnt/ems-logs/backups/frdm_kinetics_running_snapshot_20260804_231509/opt/kinetics-gateway/venv/lib/python3.13/site-packages/pygments/lexers/stata.py
642	2026-07-25T23:49:15.0000000000	/mnt/ems-logs/backups/frdm_kinetics_running_snapshot_20260804_231509/opt/kinetics-gateway/venv/lib/python3.13/site-packages/pip/_vendor/rich/errors.py
642	2026-08-01T10:06:30.0000000000	/mnt/ems-logs/backups/frdm_kinetics_running_snapshot_20260804_231509/opt/kinetics-gateway/venv/lib/python3.13/site-packages/pluggy/__pycache__/_version.cpython-313.pyc
6420	2026-07-25T23:49:15.0000000000	/mnt/ems-logs/backups/frdm_kinetics_running_snapshot_20260804_231509/opt/kinetics-gateway/venv/lib/python3.13/site-packages/pip/_vendor/pygments/style.py
6420	2026-07-25T23:49:15.0000000000	/mnt/ems-logs/backups/frdm_kinetics_running_snapshot_20260804_231509/opt/kinetics-gateway/venv/lib/python3.13/site-packages/pip/_vendor/resolvelib/structs.py
6421	2026-08-01T10:06:21.0000000000	/mnt/ems-logs/backups/frdm_kinetics_running_snapshot_20260804_231509/opt/kinetics-gateway/venv/lib/python3.13/site-packages/pygments/lexers/clean.py
6430	2026-07-25T23:53:12.0000000000	/mnt/ems-logs/backups/frdm_kinetics_running_snapshot_20260804_231509/opt/kinetics-gateway/venv/lib/python3.13/site-packages/starlette/status.py
64385	2026-08-01T10:06:26.0000000000	/mnt/ems-logs/backups/frdm_kinetics_running_snapshot_20260804_231509/opt/kinetics-gateway/venv/lib/python3.13/site-packages/pygments/lexers/__pycache__/jvm.cpython-313.pyc
6445	2026-08-01T10:05:59.0000000000	/mnt/ems-logs/backups/frdm_kinetics_running_snapshot_20260804_231509/opt/kinetics-gateway/venv/lib/python3.13/site-packages/pip/_vendor/rich/__pycache__/_ratio.cpython-313.pyc
6449	2026-07-25T23:49:15.0000000000	/mnt/ems-logs/backups/frdm_kinetics_running_snapshot_20260804_231509/opt/kinetics-gateway/venv/lib/python3.13/site-packages/pip/_vendor/requests/api.py
6475	2026-08-01T10:06:26.0000000000	/mnt/ems-logs/backups/frdm_kinetics_running_snapshot_20260804_231509/opt/kinetics-gateway/venv/lib/python3.13/site-packages/pygments/lexers/__pycache__/ldap.cpython-313.pyc
6477	2026-08-01T10:06:21.0000000000	/mnt/ems-logs/backups/frdm_kinetics_running_snapshot_20260804_231509/opt/kinetics-gateway/venv/lib/python3.13/site-packages/pygments/lexers/r.py
6486	2026-08-01T10:06:27.0000000000	/mnt/ems-logs/backups/frdm_kinetics_running_snapshot_20260804_231509/opt/kinetics-gateway/venv/lib/python3.13/site-packages/pygments/lexers/__pycache__/nimrod.cpython-313.pyc
6487	2026-07-25T23:49:15.0000000000	/mnt/ems-logs/backups/frdm_kinetics_running_snapshot_20260804_231509/opt/kinetics-gateway/venv/lib/python3.13/site-packages/pip/_vendor/rich/control.py
6487	2026-07-25T23:53:13.0000000000	/mnt/ems-logs/backups/frdm_kinetics_running_snapshot_20260804_231509/opt/kinetics-gateway/venv/lib/python3.13/site-packages/pydantic/_internal/_core_utils.py
6495	2026-07-25T23:53:10.0000000000	/mnt/ems-logs/backups/frdm_kinetics_running_snapshot_20260804_231509/opt/kinetics-gateway/venv/lib/python3.13/site-packages/openpyxl/packaging/workbook.py
6506	2026-07-25T23:53:10.0000000000	/mnt/ems-logs/backups/frdm_kinetics_running_snapshot_20260804_231509/opt/kinetics-gateway/venv/lib/python3.13/site-packages/openpyxl/workbook/_writer.py
6511	2026-07-25T23:53:07.0000000000	/mnt/ems-logs/backups/frdm_kinetics_running_snapshot_20260804_231509/opt/kinetics-gateway/venv/lib/python3.13/site-packages/uvloop/handles/poll.pyx
65264	2026-08-01T10:06:21.0000000000	/mnt/ems-logs/backups/frdm_kinetics_running_snapshot_20260804_231509/opt/kinetics-gateway/venv/lib/python3.13/site-packages/pygments/lexers/markup.py
6531	2026-07-25T23:53:06.0000000000	/mnt/ems-logs/backups/frdm_kinetics_running_snapshot_20260804_231509/opt/kinetics-gateway/venv/lib/python3.13/site-packages/websockets/legacy/auth.py
6532	2026-07-25T23:53:13.0000000000	/mnt/ems-logs/backups/frdm_kinetics_running_snapshot_20260804_231509/opt/kinetics-gateway/venv/lib/python3.13/site-packages/pydantic/v1/config.py
6540	2026-08-01T09:57:26.0000000000	/mnt/ems-logs/backups/frdm_kinetics_running_snapshot_20260804_231509/opt/kinetics-gateway/venv/lib/python3.13/site-packages/pydantic/__pycache__/aliases.cpython-313.pyc
6542	2026-07-25T23:53:07.0000000000	/mnt/ems-logs/backups/frdm_kinetics_running_snapshot_20260804_231509/opt/kinetics-gateway/venv/lib/python3.13/site-packages/dotenv/cli.py
6543	2026-07-25T23:49:15.0000000000	/mnt/ems-logs/backups/frdm_kinetics_running_snapshot_20260804_231509/opt/kinetics-gateway/venv/lib/python3.13/site-packages/pip/_internal/commands/debug.py
6554	2026-08-01T10:06:21.0000000000	/mnt/ems-logs/backups/frdm_kinetics_running_snapshot_20260804_231509/opt/kinetics-gateway/venv/lib/python3.13/site-packages/pygments/lexers/ldap.py
656	2026-08-01T10:01:23.0000000000	/mnt/ems-logs/backups/frdm_kinetics_running_snapshot_20260804_231509/opt/kinetics-gateway/venv/lib/python3.13/site-packages/httptools/parser/__pycache__/__init__.cpython-313.pyc
6566	2026-07-25T23:53:09.0000000000	/mnt/ems-logs/backups/frdm_kinetics_running_snapshot_20260804_231509/opt/kinetics-gateway/venv/lib/python3.13/site-packages/annotated_doc-0.0.4.dist-info/METADATA
6573	2026-07-25T23:53:09.0000000000	/mnt/ems-logs/backups/frdm_kinetics_running_snapshot_20260804_231509/opt/kinetics-gateway/venv/lib/python3.13/site-packages/pydantic_core-2.46.4.dist-info/METADATA
65746	2026-08-01T10:06:23.0000000000	/mnt/ems-logs/backups/frdm_kinetics_running_snapshot_20260804_231509/opt/kinetics-gateway/venv/lib/python3.13/site-packages/pygments/lexers/__pycache__/_php_builtins.cpython-313.pyc
6578	2026-07-25T23:53:12.0000000000	/mnt/ems-logs/backups/frdm_kinetics_running_snapshot_20260804_231509/opt/kinetics-gateway/venv/lib/python3.13/site-packages/anyio-4.14.2.dist-info/RECORD
6586	2026-07-25T23:49:15.0000000000	/mnt/ems-logs/backups/frdm_kinetics_running_snapshot_20260804_231509/opt/kinetics-gateway/venv/lib/python3.13/site-packages/pip/_vendor/cachecontrol/adapter.py
6589	2026-07-25T23:53:09.0000000000	/mnt/ems-logs/backups/frdm_kinetics_running_snapshot_20260804_231509/opt/kinetics-gateway/venv/lib/python3.13/site-packages/uvicorn-0.51.0.dist-info/METADATA
659	2026-07-25T23:53:06.0000000000	/mnt/ems-logs/backups/frdm_kinetics_running_snapshot_20260804_231509/opt/kinetics-gateway/venv/lib/python3.13/site-packages/websockets/http.py
6599	2026-07-25T23:53:09.0000000000	/mnt/ems-logs/backups/frdm_kinetics_running_snapshot_20260804_231509/opt/kinetics-gateway/venv/lib/python3.13/site-packages/uvicorn-0.51.0.dist-info/RECORD
66	2026-07-25T23:53:10.0000000000	/mnt/ems-logs/backups/frdm_kinetics_running_snapshot_20260804_231509/opt/kinetics-gateway/venv/lib/python3.13/site-packages/openpyxl/drawing/__init__.py
66	2026-07-25T23:53:15.0000000000	/mnt/ems-logs/backups/frdm_kinetics_running_snapshot_20260804_231509/opt/kinetics-gateway/venv/lib/python3.13/site-packages/fastapi/testclient.py
6627	2026-07-25T23:49:15.0000000000	/mnt/ems-logs/backups/frdm_kinetics_running_snapshot_20260804_231509/opt/kinetics-gateway/venv/lib/python3.13/site-packages/pip/_internal/distributions/sdist.py
6630	2026-07-25T23:49:15.0000000000	/mnt/ems-logs/backups/frdm_kinetics_running_snapshot_20260804_231509/opt/kinetics-gateway/venv/lib/python3.13/site-packages/pip/_internal/utils/compatibility_tags.py
6636	2026-08-01T10:06:34.0000000000	/mnt/ems-logs/backups/frdm_kinetics_running_snapshot_20260804_231509/opt/kinetics-gateway/venv/lib/python3.13/site-packages/_pytest/__pycache__/warnings.cpython-313.pyc
664	2026-08-01T10:01:23.0000000000	/mnt/ems-logs/backups/frdm_kinetics_running_snapshot_20260804_231509/opt/kinetics-gateway/venv/lib/python3.13/site-packages/httptools/__pycache__/__init__.cpython-313.pyc
6642	2026-07-25T23:53:11.0000000000	/mnt/ems-logs/backups/frdm_kinetics_running_snapshot_20260804_231509/opt/kinetics-gateway/venv/lib/python3.13/site-packages/anyio/abc/_tasks.py
6653	2026-07-25T23:53:10.0000000000	/mnt/ems-logs/backups/frdm_kinetics_running_snapshot_20260804_231509/opt/kinetics-gateway/venv/lib/python3.13/site-packages/openpyxl/formula/translate.py
6658	2026-07-25T23:53:11.0000000000	/mnt/ems-logs/backups/frdm_kinetics_running_snapshot_20260804_231509/opt/kinetics-gateway/venv/lib/python3.13/site-packages/anyio/_core/_eventloop.py
666027	2026-07-29T10:28:56.0000000000	/mnt/ems-logs/backups/frdm_kinetics_running_snapshot_20260804_231509/opt/kinetics-gateway/backend/data/kinetics_gateway.log
66627	2026-08-01T10:06:31.0000000000	/mnt/ems-logs/backups/frdm_kinetics_running_snapshot_20260804_231509/opt/kinetics-gateway/venv/lib/python3.13/site-packages/_pytest/python.py
66682	2026-07-25T23:49:15.0000000000	/mnt/ems-logs/backups/frdm_kinetics_running_snapshot_20260804_231509/opt/kinetics-gateway/venv/lib/python3.13/site-packages/pip/_vendor/distlib/util.py
6686	2026-08-01T10:06:01.0000000000	/mnt/ems-logs/backups/frdm_kinetics_running_snapshot_20260804_231509/opt/kinetics-gateway/venv/lib/python3.13/site-packages/pip/_internal/utils/__pycache__/compatibility_tags.cpython-313.pyc
67	2026-07-25T23:53:10.0000000000	/mnt/ems-logs/backups/frdm_kinetics_running_snapshot_20260804_231509/opt/kinetics-gateway/venv/lib/python3.13/site-packages/openpyxl/comments/__init__.py
67	2026-08-04T23:15:29.7833266830	/mnt/ems-logs/backups/frdm_kinetics_running_snapshot_20260804_231509/metadata/scheduler_command.txt
671	2026-07-25T23:53:07.0000000000	/mnt/ems-logs/backups/frdm_kinetics_running_snapshot_20260804_231509/opt/kinetics-gateway/venv/lib/python3.13/site-packages/uvloop/handles/udp.pxd
67217	2026-08-01T10:06:23.0000000000	/mnt/ems-logs/backups/frdm_kinetics_running_snapshot_20260804_231509/opt/kinetics-gateway/venv/lib/python3.13/site-packages/pygments/lexers/__pycache__/_mapping.cpython-313.pyc
6729	2026-08-01T10:06:01.0000000000	/mnt/ems-logs/backups/frdm_kinetics_running_snapshot_20260804_231509/opt/kinetics-gateway/venv/lib/python3.13/site-packages/pip/_internal/metadata/__pycache__/__init__.cpython-313.pyc
6738	2026-07-25T23:53:10.0000000000	/mnt/ems-logs/backups/frdm_kinetics_running_snapshot_20260804_231509/opt/kinetics-gateway/venv/lib/python3.13/site-packages/openpyxl/packaging/custom.py
6739	2026-08-01T10:05:57.0000000000	/mnt/ems-logs/backups/frdm_kinetics_running_snapshot_20260804_231509/opt/kinetics-gateway/venv/lib/python3.13/site-packages/pip/_vendor/rich/__pycache__/repr.cpython-313.pyc
674	2026-08-01T10:06:08.0000000000	/mnt/ems-logs/backups/frdm_kinetics_running_snapshot_20260804_231509/opt/kinetics-gateway/venv/lib/python3.13/site-packages/pip/_vendor/requests/__pycache__/certs.cpython-313.pyc
6741	2026-08-01T10:06:28.0000000000	/mnt/ems-logs/backups/frdm_kinetics_running_snapshot_20260804_231509/opt/kinetics-gateway/venv/lib/python3.13/site-packages/pygments/lexers/__pycache__/smalltalk.cpython-313.pyc
67454	2026-07-25T23:49:21.0000000000	/mnt/ems-logs/backups/frdm_kinetics_running_snapshot_20260804_231509/opt/kinetics-gateway/venv/lib/python3.13/site-packages/pip-26.1.2.dist-info/RECORD
6746	2026-07-25T23:53:11.0000000000	/mnt/ems-logs/backups/frdm_kinetics_running_snapshot_20260804_231509/opt/kinetics-gateway/venv/lib/python3.13/site-packages/anyio/streams/buffered.py
676	2026-07-25T23:53:08.0000000000	/mnt/ems-logs/backups/frdm_kinetics_running_snapshot_20260804_231509/opt/kinetics-gateway/venv/lib/python3.13/site-packages/httptools/parser/__init__.py
6767	2026-08-01T10:06:26.0000000000	/mnt/ems-logs/backups/frdm_kinetics_running_snapshot_20260804_231509/opt/kinetics-gateway/venv/lib/python3.13/site-packages/pygments/lexers/__pycache__/make.cpython-313.pyc
677	2026-08-01T10:06:31.0000000000	/mnt/ems-logs/backups/frdm_kinetics_running_snapshot_20260804_231509/opt/kinetics-gateway/venv/lib/python3.13/site-packages/_pytest/_code/__pycache__/__init__.cpython-313.pyc
6770	2026-08-01T10:06:21.0000000000	/mnt/ems-logs/backups/frdm_kinetics_running_snapshot_20260804_231509/opt/kinetics-gateway/venv/lib/python3.13/site-packages/pygments/lexers/_sql_builtins.py
67847	2026-08-04T10:45:49.2234849680	/mnt/ems-logs/backups/frdm_kinetics_running_snapshot_20260804_231509/root/bess_seven_day_v302_compatible_scheduler.py
679	2026-07-25T23:53:10.0000000000	/mnt/ems-logs/backups/frdm_kinetics_running_snapshot_20260804_231509/opt/kinetics-gateway/venv/lib/python3.13/site-packages/openpyxl/chartsheet/properties.py
6794	2026-07-25T23:53:07.0000000000	/mnt/ems-logs/backups/frdm_kinetics_running_snapshot_20260804_231509/opt/kinetics-gateway/venv/lib/python3.13/site-packages/yaml/reader.py
68	2026-07-25T23:53:10.0000000000	/mnt/ems-logs/backups/frdm_kinetics_running_snapshot_20260804_231509/opt/kinetics-gateway/venv/lib/python3.13/site-packages/openpyxl/workbook/__init__.py
6801	2026-07-25T23:53:06.0000000000	/mnt/ems-logs/backups/frdm_kinetics_running_snapshot_20260804_231509/opt/kinetics-gateway/venv/lib/python3.13/site-packages/websockets-16.1.1.dist-info/METADATA
6805	2026-08-01T10:06:17.0000000000	/mnt/ems-logs/backups/frdm_kinetics_running_snapshot_20260804_231509/opt/kinetics-gateway/venv/lib/python3.13/site-packages/pip/_internal/resolution/resolvelib/__pycache__/found_candidates.cpython-313.pyc
6808	2026-07-25T23:53:13.0000000000	/mnt/ems-logs/backups/frdm_kinetics_running_snapshot_20260804_231509/opt/kinetics-gateway/venv/lib/python3.13/site-packages/pydantic/_internal/_signature.py
6812	2026-07-25T23:49:15.0000000000	/mnt/ems-logs/backups/frdm_kinetics_running_snapshot_20260804_231509/opt/kinetics-gateway/venv/lib/python3.13/site-packages/pip/_internal/utils/filesystem.py
6825	2026-08-01T10:06:09.0000000000	/mnt/ems-logs/backups/frdm_kinetics_running_snapshot_20260804_231509/opt/kinetics-gateway/venv/lib/python3.13/site-packages/pip/_vendor/cachecontrol/__pycache__/adapter.cpython-313.pyc
68257	2026-08-01T10:06:31.0000000000	/mnt/ems-logs/backups/frdm_kinetics_running_snapshot_20260804_231509/opt/kinetics-gateway/venv/lib/python3.13/site-packages/_pytest/_code/__pycache__/code.cpython-313.pyc
6848	2026-07-25T23:53:15.0000000000	/mnt/ems-logs/backups/frdm_kinetics_running_snapshot_20260804_231509/opt/kinetics-gateway/venv/lib/python3.13/site-packages/fastapi/sse.py
686	2026-07-25T23:53:08.0000000000	/mnt/ems-logs/backups/frdm_kinetics_running_snapshot_20260804_231509/opt/kinetics-gateway/venv/lib/python3.13/site-packages/h11/_version.py
6864	2026-08-01T10:06:08.0000000000	/mnt/ems-logs/backups/frdm_kinetics_running_snapshot_20260804_231509/opt/kinetics-gateway/venv/lib/python3.13/site-packages/pip/_vendor/requests/__pycache__/api.cpython-313.pyc
6864	2026-08-01T10:06:29.0000000000	/mnt/ems-logs/backups/frdm_kinetics_running_snapshot_20260804_231509/opt/kinetics-gateway/venv/lib/python3.13/site-packages/pygments/lexers/__pycache__/typst.cpython-313.pyc
6868	2026-08-01T10:05:57.0000000000	/mnt/ems-logs/backups/frdm_kinetics_running_snapshot_20260804_231509/opt/kinetics-gateway/venv/lib/python3.13/site-packages/pip/_vendor/rich/__pycache__/__init__.cpython-313.pyc
6868	2026-08-01T10:07:23.0000000000	/mnt/ems-logs/backups/frdm_kinetics_running_snapshot_20260804_231509/opt/kinetics-gateway/venv/lib/python3.13/site-packages/httpx2/_transports/__pycache__/wsgi.cpython-313.pyc
6875	2026-08-01T10:06:22.0000000000	/mnt/ems-logs/backups/frdm_kinetics_running_snapshot_20260804_231509/opt/kinetics-gateway/venv/lib/python3.13/site-packages/pygments/formatters/__pycache__/__init__.cpython-313.pyc
689	2026-07-25T23:49:15.0000000000	/mnt/ems-logs/backups/frdm_kinetics_running_snapshot_20260804_231509/opt/kinetics-gateway/venv/lib/python3.13/site-packages/pip/_internal/utils/filetypes.py
689	2026-07-25T23:56:52.0000000000	/mnt/ems-logs/backups/frdm_kinetics_running_snapshot_20260804_231509/opt/kinetics-gateway/backend/deployment/kinetics-gateway.service
689	2026-07-25T23:56:52.0000000000	/mnt/ems-logs/backups/frdm_kinetics_running_snapshot_20260804_231509/opt/kinetics-gateway/staging/v3_0_0_20260731T161022Z/backend/deployment/kinetics-gateway.service
689	2026-07-25T23:57:18.7161270200	/mnt/ems-logs/backups/frdm_kinetics_running_snapshot_20260804_231509/systemd/kinetics-gateway.service
6890	2026-08-01T09:57:27.0000000000	/mnt/ems-logs/backups/frdm_kinetics_running_snapshot_20260804_231509/opt/kinetics-gateway/venv/lib/python3.13/site-packages/pydantic/_internal/__pycache__/_signature.cpython-313.pyc
6892	2026-08-01T10:06:22.0000000000	/mnt/ems-logs/backups/frdm_kinetics_running_snapshot_20260804_231509/opt/kinetics-gateway/venv/lib/python3.13/site-packages/pygments/formatters/__pycache__/other.cpython-313.pyc
69	2026-07-25T23:53:10.0000000000	/mnt/ems-logs/backups/frdm_kinetics_running_snapshot_20260804_231509/opt/kinetics-gateway/venv/lib/python3.13/site-packages/openpyxl/formula/__init__.py
69	2026-07-25T23:53:12.0000000000	/mnt/ems-logs/backups/frdm_kinetics_running_snapshot_20260804_231509/opt/kinetics-gateway/venv/lib/python3.13/site-packages/watchfiles/py.typed
69	2026-07-25T23:53:15.0000000000	/mnt/ems-logs/backups/frdm_kinetics_running_snapshot_20260804_231509/opt/kinetics-gateway/venv/lib/python3.13/site-packages/fastapi/staticfiles.py
69	2026-07-25T23:56:53.0000000000	/mnt/ems-logs/backups/frdm_kinetics_running_snapshot_20260804_231509/opt/kinetics-gateway/venv/.gitignore
69	2026-08-04T23:15:26.7569036690	/mnt/ems-logs/backups/frdm_kinetics_running_snapshot_20260804_231509/metadata/uptime.txt
691	2026-07-25T23:49:15.0000000000	/mnt/ems-logs/backups/frdm_kinetics_running_snapshot_20260804_231509/opt/kinetics-gateway/venv/lib/python3.13/site-packages/pip/_vendor/pyproject_hooks/__init__.py
6912	2026-08-01T10:06:30.0000000000	/mnt/ems-logs/backups/frdm_kinetics_running_snapshot_20260804_231509/opt/kinetics-gateway/venv/lib/python3.13/site-packages/pygments/__pycache__/style.cpython-313.pyc
6913	2026-08-01T10:06:34.0000000000	/mnt/ems-logs/backups/frdm_kinetics_running_snapshot_20260804_231509/opt/kinetics-gateway/venv/lib/python3.13/site-packages/_pytest/__pycache__/warning_types.cpython-313.pyc
6921	2026-07-25T23:49:15.0000000000	/mnt/ems-logs/backups/frdm_kinetics_running_snapshot_20260804_231509/opt/kinetics-gateway/venv/lib/python3.13/site-packages/pip/_vendor/rich/ansi.py
6933	2026-08-01T10:06:00.0000000000	/mnt/ems-logs/backups/frdm_kinetics_running_snapshot_20260804_231509/opt/kinetics-gateway/venv/lib/python3.13/site-packages/pip/_vendor/pygments/__pycache__/style.cpython-313.pyc
6939	2026-08-01T10:05:59.0000000000	/mnt/ems-logs/backups/frdm_kinetics_running_snapshot_20260804_231509/opt/kinetics-gateway/venv/lib/python3.13/site-packages/pip/_vendor/rich/__pycache__/padding.cpython-313.pyc
6939	2026-08-01T10:06:21.0000000000	/mnt/ems-logs/backups/frdm_kinetics_running_snapshot_20260804_231509/opt/kinetics-gateway/venv/lib/python3.13/site-packages/pygments/lexers/q.py
69395	2026-08-01T10:06:31.0000000000	/mnt/ems-logs/backups/frdm_kinetics_running_snapshot_20260804_231509/opt/kinetics-gateway/venv/lib/python3.13/site-packages/_pytest/_py/__pycache__/path.cpython-313.pyc
69596	2026-07-25T23:53:15.0000000000	/mnt/ems-logs/backups/frdm_kinetics_running_snapshot_20260804_231509/opt/kinetics-gateway/venv/lib/python3.13/site-packages/fastapi/param_functions.py
6961	2026-07-25T23:49:15.0000000000	/mnt/ems-logs/backups/frdm_kinetics_running_snapshot_20260804_231509/opt/kinetics-gateway/venv/lib/python3.13/site-packages/pip/_vendor/tomli_w/_writer.py
6965	2026-08-01T10:06:27.0000000000	/mnt/ems-logs/backups/frdm_kinetics_running_snapshot_20260804_231509/opt/kinetics-gateway/venv/lib/python3.13/site-packages/pygments/lexers/__pycache__/mosel.cpython-313.pyc
6967	2026-07-25T23:53:10.0000000000	/mnt/ems-logs/backups/frdm_kinetics_running_snapshot_20260804_231509/opt/kinetics-gateway/venv/lib/python3.13/site-packages/openpyxl/utils/cell.py
6968	2026-08-01T10:06:07.0000000000	/mnt/ems-logs/backups/frdm_kinetics_running_snapshot_20260804_231509/opt/kinetics-gateway/venv/lib/python3.13/site-packages/pip/_vendor/urllib3/__pycache__/_base_connection.cpython-313.pyc
697	2026-08-01T10:06:21.0000000000	/mnt/ems-logs/backups/frdm_kinetics_running_snapshot_20260804_231509/opt/kinetics-gateway/venv/lib/python3.13/site-packages/pygments/lexers/functional.py
6979	2026-07-25T23:49:15.0000000000	/mnt/ems-logs/backups/frdm_kinetics_running_snapshot_20260804_231509/opt/kinetics-gateway/venv/lib/python3.13/site-packages/pip/_vendor/urllib3/__init__.py
698	2026-08-01T10:06:21.0000000000	/mnt/ems-logs/backups/frdm_kinetics_running_snapshot_20260804_231509/opt/kinetics-gateway/venv/lib/python3.13/site-packages/pygments/lexers/math.py
69838	2026-08-01T10:05:59.0000000000	/mnt/ems-logs/backups/frdm_kinetics_running_snapshot_20260804_231509/opt/kinetics-gateway/venv/lib/python3.13/site-packages/pip/_vendor/pygments/lexers/__pycache__/_mapping.cpython-313.pyc
7	2026-07-25T23:53:07.0000000000	/mnt/ems-logs/backups/frdm_kinetics_running_snapshot_20260804_231509/opt/kinetics-gateway/venv/lib/python3.13/site-packages/python_dotenv-1.2.2.dist-info/top_level.txt
7	2026-07-25T23:53:07.0000000000	/mnt/ems-logs/backups/frdm_kinetics_running_snapshot_20260804_231509/opt/kinetics-gateway/venv/lib/python3.13/site-packages/uvloop-0.22.1.dist-info/top_level.txt
7	2026-07-25T23:53:08.0000000000	/mnt/ems-logs/backups/frdm_kinetics_running_snapshot_20260804_231509/opt/kinetics-gateway/venv/lib/python3.13/site-packages/h11/py.typed
7	2026-07-27T09:05:59.0000000000	/mnt/ems-logs/backups/frdm_kinetics_running_snapshot_20260804_231509/opt/kinetics-gateway/venv/lib/python3.13/site-packages/pyserial-3.5.dist-info/top_level.txt
7	2026-08-01T10:06:30.0000000000	/mnt/ems-logs/backups/frdm_kinetics_running_snapshot_20260804_231509/opt/kinetics-gateway/venv/lib/python3.13/site-packages/pluggy-1.6.0.dist-info/top_level.txt
7002	2026-08-01T10:06:29.0000000000	/mnt/ems-logs/backups/frdm_kinetics_running_snapshot_20260804_231509/opt/kinetics-gateway/venv/lib/python3.13/site-packages/pygments/lexers/__pycache__/varnish.cpython-313.pyc
70356	2026-08-01T10:07:22.0000000000	/mnt/ems-logs/backups/frdm_kinetics_running_snapshot_20260804_231509/opt/kinetics-gateway/venv/lib/python3.13/site-packages/httpx2/__pycache__/_client.cpython-313.pyc
7037	2026-08-01T10:06:28.0000000000	/mnt/ems-logs/backups/frdm_kinetics_running_snapshot_20260804_231509/opt/kinetics-gateway/venv/lib/python3.13/site-packages/pygments/lexers/__pycache__/sas.cpython-313.pyc
704	2026-07-25T23:49:15.0000000000	/mnt/ems-logs/backups/frdm_kinetics_running_snapshot_20260804_231509/opt/kinetics-gateway/venv/lib/python3.13/site-packages/pip/_vendor/platformdirs/version.py
704	2026-07-25T23:49:15.0000000000	/mnt/ems-logs/backups/frdm_kinetics_running_snapshot_20260804_231509/opt/kinetics-gateway/venv/lib/python3.13/site-packages/pip/_vendor/urllib3/_version.py
704	2026-08-01T10:06:31.0000000000	/mnt/ems-logs/backups/frdm_kinetics_running_snapshot_20260804_231509/opt/kinetics-gateway/venv/lib/python3.13/site-packages/_pytest/_version.py
704	2026-08-01T10:06:31.0000000000	/mnt/ems-logs/backups/frdm_kinetics_running_snapshot_20260804_231509/opt/kinetics-gateway/venv/lib/python3.13/site-packages/iniconfig/_version.py
7057	2026-07-25T23:53:10.0000000000	/mnt/ems-logs/backups/frdm_kinetics_running_snapshot_20260804_231509/opt/kinetics-gateway/venv/lib/python3.13/site-packages/openpyxl/pivot/fields.py
7058	2026-07-25T23:53:06.0000000000	/mnt/ems-logs/backups/frdm_kinetics_running_snapshot_20260804_231509/opt/kinetics-gateway/venv/lib/python3.13/site-packages/websockets/__init__.py
7061	2026-07-25T23:53:06.0000000000	/mnt/ems-logs/backups/frdm_kinetics_running_snapshot_20260804_231509/opt/kinetics-gateway/venv/lib/python3.13/site-packages/websockets/legacy/http.py
7063	2026-07-25T23:49:15.0000000000	/mnt/ems-logs/backups/frdm_kinetics_running_snapshot_20260804_231509/opt/kinetics-gateway/venv/lib/python3.13/site-packages/pip/_vendor/rich/_palettes.py
7068	2026-08-01T09:57:24.0000000000	/mnt/ems-logs/backups/frdm_kinetics_running_snapshot_20260804_231509/opt/kinetics-gateway/venv/lib/python3.13/site-packages/uvicorn/supervisors/__pycache__/basereload.cpython-313.pyc
70758	2026-08-01T10:06:21.0000000000	/mnt/ems-logs/backups/frdm_kinetics_running_snapshot_20260804_231509/opt/kinetics-gateway/venv/lib/python3.13/site-packages/pygments/lexers/_mapping.py
7094	2026-07-25T23:49:15.0000000000	/mnt/ems-logs/backups/frdm_kinetics_running_snapshot_20260804_231509/opt/kinetics-gateway/venv/lib/python3.13/site-packages/pip/_internal/cli/index_command.py
71	2026-07-25T23:53:10.0000000000	/mnt/ems-logs/backups/frdm_kinetics_running_snapshot_20260804_231509/opt/kinetics-gateway/venv/lib/python3.13/site-packages/openpyxl/chartsheet/__init__.py
71	2026-07-25T23:53:10.0000000000	/mnt/ems-logs/backups/frdm_kinetics_running_snapshot_20260804_231509/opt/kinetics-gateway/venv/lib/python3.13/site-packages/openpyxl/workbook/external_link/__init__.py
7100	2026-07-25T23:53:11.0000000000	/mnt/ems-logs/backups/frdm_kinetics_running_snapshot_20260804_231509/opt/kinetics-gateway/venv/lib/python3.13/site-packages/anyio/to_interpreter.py
7110	2026-08-01T09:57:26.0000000000	/mnt/ems-logs/backups/frdm_kinetics_running_snapshot_20260804_231509/opt/kinetics-gateway/venv/lib/python3.13/site-packages/pydantic/plugin/__pycache__/_schema_validator.cpython-313.pyc
7118	2026-07-25T23:53:15.0000000000	/mnt/ems-logs/backups/frdm_kinetics_running_snapshot_20260804_231509/opt/kinetics-gateway/venv/lib/python3.13/site-packages/fastapi/_compat/shared.py
7120	2026-08-01T10:06:31.0000000000	/mnt/ems-logs/backups/frdm_kinetics_running_snapshot_20260804_231509/opt/kinetics-gateway/venv/lib/python3.13/site-packages/_pytest/assertion/__init__.py
7125	2026-07-25T23:53:09.0000000000	/mnt/ems-logs/backups/frdm_kinetics_running_snapshot_20260804_231509/opt/kinetics-gateway/venv/lib/python3.13/site-packages/uvicorn/middleware/wsgi.py
7125	2026-08-01T10:06:07.0000000000	/mnt/ems-logs/backups/frdm_kinetics_running_snapshot_20260804_231509/opt/kinetics-gateway/venv/lib/python3.13/site-packages/pip/_vendor/urllib3/__pycache__/__init__.cpython-313.pyc
713	2026-08-01T10:05:58.0000000000	/mnt/ems-logs/backups/frdm_kinetics_running_snapshot_20260804_231509/opt/kinetics-gateway/venv/lib/python3.13/site-packages/pip/_vendor/rich/__pycache__/_pick.cpython-313.pyc
7131	2026-07-25T23:49:15.0000000000	/mnt/ems-logs/backups/frdm_kinetics_running_snapshot_20260804_231509/opt/kinetics-gateway/venv/lib/python3.13/site-packages/pip/_vendor/rich/columns.py
7135	2026-07-25T23:53:10.0000000000	/mnt/ems-logs/backups/frdm_kinetics_running_snapshot_20260804_231509/opt/kinetics-gateway/venv/lib/python3.13/site-packages/openpyxl/descriptors/base.py
7138	2026-08-01T09:57:24.0000000000	/mnt/ems-logs/backups/frdm_kinetics_running_snapshot_20260804_231509/opt/kinetics-gateway/venv/lib/python3.13/site-packages/watchfiles/__pycache__/filters.cpython-313.pyc
7140	2026-08-01T10:06:21.0000000000	/mnt/ems-logs/backups/frdm_kinetics_running_snapshot_20260804_231509/opt/kinetics-gateway/venv/lib/python3.13/site-packages/pygments/styles/tango.py
7141	2026-08-01T10:06:21.0000000000	/mnt/ems-logs/backups/frdm_kinetics_running_snapshot_20260804_231509/opt/kinetics-gateway/venv/lib/python3.13/site-packages/pygments/formatters/svg.py
71514	2026-08-01T10:06:30.0000000000	/mnt/ems-logs/backups/frdm_kinetics_running_snapshot_20260804_231509/opt/kinetics-gateway/venv/lib/python3.13/site-packages/packaging/specifiers.py
7153	2026-08-01T09:57:28.0000000000	/mnt/ems-logs/backups/frdm_kinetics_running_snapshot_20260804_231509/opt/kinetics-gateway/venv/lib/python3.13/site-packages/fastapi/__pycache__/datastructures.cpython-313.pyc
7154	2026-08-01T10:07:22.0000000000	/mnt/ems-logs/backups/frdm_kinetics_running_snapshot_20260804_231509/opt/kinetics-gateway/venv/lib/python3.13/site-packages/httpx2/__pycache__/_status_codes.cpython-313.pyc
71550	2026-07-25T23:49:15.0000000000	/mnt/ems-logs/backups/frdm_kinetics_running_snapshot_20260804_231509/opt/kinetics-gateway/venv/lib/python3.13/site-packages/pip/_vendor/packaging/specifiers.py
7156	2026-08-01T09:57:29.0000000000	/mnt/ems-logs/backups/frdm_kinetics_running_snapshot_20260804_231509/opt/kinetics-gateway/venv/lib/python3.13/site-packages/starlette/__pycache__/applications.cpython-313.pyc
7156	2026-08-01T10:06:09.0000000000	/mnt/ems-logs/backups/frdm_kinetics_running_snapshot_20260804_231509/opt/kinetics-gateway/venv/lib/python3.13/site-packages/pip/_vendor/cachecontrol/caches/__pycache__/file_cache.cpython-313.pyc
717	2026-07-25T23:53:10.0000000000	/mnt/ems-logs/backups/frdm_kinetics_running_snapshot_20260804_231509/opt/kinetics-gateway/venv/lib/python3.13/site-packages/openpyxl/utils/bound_dictionary.py
7170	2026-08-01T10:06:21.0000000000	/mnt/ems-logs/backups/frdm_kinetics_running_snapshot_20260804_231509/opt/kinetics-gateway/venv/lib/python3.13/site-packages/pygments/lexers/typst.py
7171	2026-08-01T10:06:30.0000000000	/mnt/ems-logs/backups/frdm_kinetics_running_snapshot_20260804_231509/opt/kinetics-gateway/venv/lib/python3.13/site-packages/pluggy/__pycache__/_callers.cpython-313.pyc
7172	2026-07-25T23:53:06.0000000000	/mnt/ems-logs/backups/frdm_kinetics_running_snapshot_20260804_231509/opt/kinetics-gateway/venv/lib/python3.13/site-packages/websockets/sync/router.py
7193	2026-07-25T23:49:15.0000000000	/mnt/ems-logs/backups/frdm_kinetics_running_snapshot_20260804_231509/opt/kinetics-gateway/venv/lib/python3.13/site-packages/pip/_internal/cli/autocompletion.py
7196	2026-08-01T10:06:21.0000000000	/mnt/ems-logs/backups/frdm_kinetics_running_snapshot_20260804_231509/opt/kinetics-gateway/venv/lib/python3.13/site-packages/pygments/lexers/forth.py
720	2026-07-25T23:49:15.0000000000	/mnt/ems-logs/backups/frdm_kinetics_running_snapshot_20260804_231509/opt/kinetics-gateway/venv/lib/python3.13/site-packages/pip/_internal/models/candidate.py
7207	2026-08-01T10:06:21.0000000000	/mnt/ems-logs/backups/frdm_kinetics_running_snapshot_20260804_231509/opt/kinetics-gateway/venv/lib/python3.13/site-packages/pygments/lexers/smalltalk.py
7215	2026-07-25T23:53:11.0000000000	/mnt/ems-logs/backups/frdm_kinetics_running_snapshot_20260804_231509/opt/kinetics-gateway/venv/lib/python3.13/site-packages/anyio/_core/_contextmanagers.py
724	2026-07-25T23:53:08.0000000000	/mnt/ems-logs/backups/frdm_kinetics_running_snapshot_20260804_231509/opt/kinetics-gateway/venv/lib/python3.13/site-packages/httptools/__init__.py
7254	2026-07-25T23:53:10.0000000000	/mnt/ems-logs/backups/frdm_kinetics_running_snapshot_20260804_231509/opt/kinetics-gateway/venv/lib/python3.13/site-packages/openpyxl/styles/named_styles.py
72567	2026-08-01T10:06:28.0000000000	/mnt/ems-logs/backups/frdm_kinetics_running_snapshot_20260804_231509/opt/kinetics-gateway/venv/lib/python3.13/site-packages/pygments/lexers/__pycache__/scripting.cpython-313.pyc
7261	2026-08-01T10:06:25.0000000000	/mnt/ems-logs/backups/frdm_kinetics_running_snapshot_20260804_231509/opt/kinetics-gateway/venv/lib/python3.13/site-packages/pygments/lexers/__pycache__/gdscript.cpython-313.pyc
72638	2026-08-01T10:06:33.0000000000	/mnt/ems-logs/backups/frdm_kinetics_running_snapshot_20260804_231509/opt/kinetics-gateway/venv/lib/python3.13/site-packages/_pytest/__pycache__/python.cpython-313.pyc
7269	2026-08-01T10:06:11.0000000000	/mnt/ems-logs/backups/frdm_kinetics_running_snapshot_20260804_231509/opt/kinetics-gateway/venv/lib/python3.13/site-packages/pip/_internal/operations/__pycache__/check.cpython-313.pyc
727	2026-07-25T23:56:52.0000000000	/mnt/ems-logs/backups/frdm_kinetics_running_snapshot_20260804_231509/opt/kinetics-gateway/backend/app/services/logging_setup.py
727	2026-07-25T23:56:52.0000000000	/mnt/ems-logs/backups/frdm_kinetics_running_snapshot_20260804_231509/opt/kinetics-gateway/staging/v3_0_0_20260731T161022Z/backend/app/services/logging_setup.py
72712	2026-08-01T10:06:31.0000000000	/mnt/ems-logs/backups/frdm_kinetics_running_snapshot_20260804_231509/opt/kinetics-gateway/venv/lib/python3.13/site-packages/_pytest/config/__init__.py
7291	2026-07-25T23:53:07.0000000000	/mnt/ems-logs/backups/frdm_kinetics_running_snapshot_20260804_231509/opt/kinetics-gateway/venv/lib/python3.13/site-packages/uvloop/handles/tcp.pyx
7293	2026-07-25T23:49:15.0000000000	/mnt/ems-logs/backups/frdm_kinetics_running_snapshot_20260804_231509/opt/kinetics-gateway/venv/lib/python3.13/site-packages/pip/_vendor/packaging/licenses/__init__.py
7293	2026-08-01T10:06:30.0000000000	/mnt/ems-logs/backups/frdm_kinetics_running_snapshot_20260804_231509/opt/kinetics-gateway/venv/lib/python3.13/site-packages/packaging/licenses/__init__.py
72936	2026-08-01T10:06:21.0000000000	/mnt/ems-logs/backups/frdm_kinetics_running_snapshot_20260804_231509/opt/kinetics-gateway/venv/lib/python3.13/site-packages/pygments/lexers/jvm.py
7295	2026-07-27T13:16:00.0000000000	/mnt/ems-logs/backups/frdm_kinetics_running_snapshot_20260804_231509/opt/kinetics-gateway/backend/STAGED_BMS_PCS_CONTROL.md
7295	2026-07-27T13:16:00.0000000000	/mnt/ems-logs/backups/frdm_kinetics_running_snapshot_20260804_231509/opt/kinetics-gateway/staging/v3_0_0_20260731T161022Z/backend/STAGED_BMS_PCS_CONTROL.md
73	2026-07-31T21:46:10.0000000000	/mnt/ems-logs/backups/frdm_kinetics_running_snapshot_20260804_231509/opt/kinetics-gateway/backups/v3_0_0_incremental_latest
7302	2026-08-01T10:06:28.0000000000	/mnt/ems-logs/backups/frdm_kinetics_running_snapshot_20260804_231509/opt/kinetics-gateway/venv/lib/python3.13/site-packages/pygments/lexers/__pycache__/rust.cpython-313.pyc
733	2026-08-01T10:05:56.0000000000	/mnt/ems-logs/backups/frdm_kinetics_running_snapshot_20260804_231509/opt/kinetics-gateway/venv/lib/python3.13/site-packages/pip/_internal/__pycache__/__init__.cpython-313.pyc
733	2026-08-01T10:06:17.0000000000	/mnt/ems-logs/backups/frdm_kinetics_running_snapshot_20260804_231509/opt/kinetics-gateway/venv/lib/python3.13/site-packages/pip/_vendor/resolvelib/resolvers/__pycache__/__init__.cpython-313.pyc
7333	2026-07-25T23:53:13.0000000000	/mnt/ems-logs/backups/frdm_kinetics_running_snapshot_20260804_231509/opt/kinetics-gateway/venv/lib/python3.13/site-packages/pydantic/plugin/__init__.py
734	2026-07-25T23:49:15.0000000000	/mnt/ems-logs/backups/frdm_kinetics_running_snapshot_20260804_231509/opt/kinetics-gateway/venv/lib/python3.13/site-packages/pip/_vendor/requests/hooks.py
736	2026-07-25T23:53:10.0000000000	/mnt/ems-logs/backups/frdm_kinetics_running_snapshot_20260804_231509/opt/kinetics-gateway/venv/lib/python3.13/site-packages/openpyxl/chart/descriptors.py
7361	2026-07-25T23:53:10.0000000000	/mnt/ems-logs/backups/frdm_kinetics_running_snapshot_20260804_231509/opt/kinetics-gateway/venv/lib/python3.13/site-packages/openpyxl/descriptors/serialisable.py
7362	2026-07-25T23:49:15.0000000000	/mnt/ems-logs/backups/frdm_kinetics_running_snapshot_20260804_231509/opt/kinetics-gateway/venv/lib/python3.13/site-packages/pip/_internal/cli/spinners.py
7369	2026-08-01T10:06:31.0000000000	/mnt/ems-logs/backups/frdm_kinetics_running_snapshot_20260804_231509/opt/kinetics-gateway/venv/lib/python3.13/site-packages/pytest-8.4.2.dist-info/licenses/AUTHORS
7379	2026-08-01T09:57:23.0000000000	/mnt/ems-logs/backups/frdm_kinetics_running_snapshot_20260804_231509/opt/kinetics-gateway/venv/lib/python3.13/site-packages/uvicorn/__pycache__/logging.cpython-313.pyc
7397	2026-08-01T10:06:22.0000000000	/mnt/ems-logs/backups/frdm_kinetics_running_snapshot_20260804_231509/opt/kinetics-gateway/venv/lib/python3.13/site-packages/pygments/formatters/__pycache__/groff.cpython-313.pyc
740	2026-08-01T10:06:21.0000000000	/mnt/ems-logs/backups/frdm_kinetics_running_snapshot_20260804_231509/opt/kinetics-gateway/venv/lib/python3.13/site-packages/pygments/styles/igor.py
7408	2026-08-01T10:06:29.0000000000	/mnt/ems-logs/backups/frdm_kinetics_running_snapshot_20260804_231509/opt/kinetics-gateway/venv/lib/python3.13/site-packages/pygments/lexers/__pycache__/typoscript.cpython-313.pyc
74162	2026-08-01T09:57:27.0000000000	/mnt/ems-logs/backups/frdm_kinetics_running_snapshot_20260804_231509/opt/kinetics-gateway/venv/lib/python3.13/site-packages/pydantic/__pycache__/fields.cpython-313.pyc
7421	2026-07-25T23:53:09.0000000000	/mnt/ems-logs/backups/frdm_kinetics_running_snapshot_20260804_231509/opt/kinetics-gateway/venv/lib/python3.13/site-packages/uvicorn/middleware/proxy_headers.py
7427	2026-08-01T09:57:29.0000000000	/mnt/ems-logs/backups/frdm_kinetics_running_snapshot_20260804_231509/opt/kinetics-gateway/backend/app/security/__pycache__/auth.cpython-313.pyc
744	2026-07-27T11:41:25.0000000000	/mnt/ems-logs/backups/frdm_kinetics_running_snapshot_20260804_231509/opt/kinetics-gateway/backend/PCS_RTU_HMI_MAP_VALIDATION.md
744	2026-07-27T11:41:25.0000000000	/mnt/ems-logs/backups/frdm_kinetics_running_snapshot_20260804_231509/opt/kinetics-gateway/staging/v3_0_0_20260731T161022Z/backend/PCS_RTU_HMI_MAP_VALIDATION.md
74455	2026-08-01T10:06:31.0000000000	/mnt/ems-logs/backups/frdm_kinetics_running_snapshot_20260804_231509/opt/kinetics-gateway/venv/lib/python3.13/site-packages/packaging/__pycache__/specifiers.cpython-313.pyc
74503	2026-08-01T10:06:00.0000000000	/mnt/ems-logs/backups/frdm_kinetics_running_snapshot_20260804_231509/opt/kinetics-gateway/venv/lib/python3.13/site-packages/pip/_vendor/packaging/__pycache__/specifiers.cpython-313.pyc
7453	2026-07-25T23:53:15.0000000000	/mnt/ems-logs/backups/frdm_kinetics_running_snapshot_20260804_231509/opt/kinetics-gateway/venv/lib/python3.13/site-packages/fastapi/exceptions.py
746	2026-08-01T10:06:21.0000000000	/mnt/ems-logs/backups/frdm_kinetics_running_snapshot_20260804_231509/opt/kinetics-gateway/venv/lib/python3.13/site-packages/pygments/__pycache__/__main__.cpython-313.pyc
74682	2026-08-01T10:06:09.0000000000	/mnt/ems-logs/backups/frdm_kinetics_running_snapshot_20260804_231509/opt/kinetics-gateway/venv/lib/python3.13/site-packages/pip/_vendor/rich/__pycache__/progress.cpython-313.pyc
7476	2026-08-01T10:06:21.0000000000	/mnt/ems-logs/backups/frdm_kinetics_running_snapshot_20260804_231509/opt/kinetics-gateway/venv/lib/python3.13/site-packages/pygments/lexers/varnish.py
7497	2026-08-01T10:06:31.0000000000	/mnt/ems-logs/backups/frdm_kinetics_running_snapshot_20260804_231509/opt/kinetics-gateway/venv/lib/python3.13/site-packages/iniconfig/__init__.py
7509	2026-07-25T23:53:12.0000000000	/mnt/ems-logs/backups/frdm_kinetics_running_snapshot_20260804_231509/opt/kinetics-gateway/venv/lib/python3.13/site-packages/starlette/middleware/cors.py
751	2026-07-25T23:49:15.0000000000	/mnt/ems-logs/backups/frdm_kinetics_running_snapshot_20260804_231509/opt/kinetics-gateway/venv/lib/python3.13/site-packages/pip-26.1.2.dist-info/licenses/src/pip/_vendor/resolvelib/LICENSE
751	2026-07-25T23:49:15.0000000000	/mnt/ems-logs/backups/frdm_kinetics_running_snapshot_20260804_231509/opt/kinetics-gateway/venv/lib/python3.13/site-packages/pip/_vendor/resolvelib/LICENSE
751	2026-08-01T10:06:00.0000000000	/mnt/ems-logs/backups/frdm_kinetics_running_snapshot_20260804_231509/opt/kinetics-gateway/venv/lib/python3.13/site-packages/pip/_vendor/pyproject_hooks/__pycache__/__init__.cpython-313.pyc
752	2026-07-25T23:53:06.0000000000	/mnt/ems-logs/backups/frdm_kinetics_running_snapshot_20260804_231509/opt/kinetics-gateway/venv/lib/python3.13/site-packages/uvloop/cbhandles.pxd
752	2026-08-01T10:06:21.0000000000	/mnt/ems-logs/backups/frdm_kinetics_running_snapshot_20260804_231509/opt/kinetics-gateway/venv/lib/python3.13/site-packages/pygments/styles/abap.py
7520	2026-07-25T23:53:06.0000000000	/mnt/ems-logs/backups/frdm_kinetics_running_snapshot_20260804_231509/opt/kinetics-gateway/venv/lib/python3.13/site-packages/websockets/asyncio/router.py
7535	2026-08-01T09:57:25.0000000000	/mnt/ems-logs/backups/frdm_kinetics_running_snapshot_20260804_231509/opt/kinetics-gateway/venv/lib/python3.13/site-packages/pydantic/__pycache__/warnings.cpython-313.pyc
75366	2026-07-26T00:10:13.0000000000	/mnt/ems-logs/backups/frdm_kinetics_running_snapshot_20260804_231509/opt/kinetics-gateway/venv/lib/python3.13/site-packages/httpx2/_client.py
7545	2026-08-01T09:57:26.0000000000	/mnt/ems-logs/backups/frdm_kinetics_running_snapshot_20260804_231509/opt/kinetics-gateway/venv/lib/python3.13/site-packages/pydantic/__pycache__/config.cpython-313.pyc
7547	2026-07-25T23:49:15.0000000000	/mnt/ems-logs/backups/frdm_kinetics_running_snapshot_20260804_231509/opt/kinetics-gateway/venv/lib/python3.13/site-packages/pip/_vendor/urllib3/contrib/socks.py
7558	2026-07-25T23:53:06.0000000000	/mnt/ems-logs/backups/frdm_kinetics_running_snapshot_20260804_231509/opt/kinetics-gateway/venv/lib/python3.13/site-packages/uvloop/__init__.py
7569	2026-08-01T10:06:21.0000000000	/mnt/ems-logs/backups/frdm_kinetics_running_snapshot_20260804_231509/opt/kinetics-gateway/venv/lib/python3.13/site-packages/pygments/lexers/gdscript.py
7572	2026-07-28T12:13:12.0000000000	/mnt/ems-logs/backups/frdm_kinetics_running_snapshot_20260804_231509/opt/kinetics-gateway/backend/tools/control_sequence_cli.py
7572	2026-07-28T12:13:12.0000000000	/mnt/ems-logs/backups/frdm_kinetics_running_snapshot_20260804_231509/opt/kinetics-gateway/staging/v3_0_0_20260731T161022Z/backend/tools/control_sequence_cli.py
75734	2026-08-01T10:06:21.0000000000	/mnt/ems-logs/backups/frdm_kinetics_running_snapshot_20260804_231509/opt/kinetics-gateway/venv/lib/python3.13/site-packages/pygments/lexers/templates.py
7582	2026-07-25T23:53:11.0000000000	/mnt/ems-logs/backups/frdm_kinetics_running_snapshot_20260804_231509/opt/kinetics-gateway/venv/lib/python3.13/site-packages/anyio/abc/_streams.py
7584	2026-08-01T10:06:01.0000000000	/mnt/ems-logs/backups/frdm_kinetics_running_snapshot_20260804_231509/opt/kinetics-gateway/venv/lib/python3.13/site-packages/pip/_internal/utils/__pycache__/hashes.cpython-313.pyc
7585	2026-08-01T10:06:21.0000000000	/mnt/ems-logs/backups/frdm_kinetics_running_snapshot_20260804_231509/opt/kinetics-gateway/venv/lib/python3.13/site-packages/pygments/lexers/mime.py
76	2026-07-25T23:53:15.0000000000	/mnt/ems-logs/backups/frdm_kinetics_running_snapshot_20260804_231509/opt/kinetics-gateway/venv/lib/python3.13/site-packages/fastapi/templating.py
7618	2026-07-25T23:53:13.0000000000	/mnt/ems-logs/backups/frdm_kinetics_running_snapshot_20260804_231509/opt/kinetics-gateway/venv/lib/python3.13/site-packages/pydantic/deprecated/copy_internals.py
762	2026-08-01T09:57:24.0000000000	/mnt/ems-logs/backups/frdm_kinetics_running_snapshot_20260804_231509/opt/kinetics-gateway/venv/lib/python3.13/site-packages/uvicorn/supervisors/__pycache__/__init__.cpython-313.pyc
76215	2026-08-01T09:57:26.0000000000	/mnt/ems-logs/backups/frdm_kinetics_running_snapshot_20260804_231509/opt/kinetics-gateway/venv/lib/python3.13/site-packages/pydantic/__pycache__/main.cpython-313.pyc
7644	2026-08-01T10:06:11.0000000000	/mnt/ems-logs/backups/frdm_kinetics_running_snapshot_20260804_231509/opt/kinetics-gateway/venv/lib/python3.13/site-packages/pip/_internal/operations/build/__pycache__/build_tracker.cpython-313.pyc
7646	2026-07-25T23:49:15.0000000000	/mnt/ems-logs/backups/frdm_kinetics_running_snapshot_20260804_231509/opt/kinetics-gateway/venv/lib/python3.13/site-packages/pip/_internal/network/lazy_wheel.py
7652	2026-08-01T10:07:22.0000000000	/mnt/ems-logs/backups/frdm_kinetics_running_snapshot_20260804_231509/opt/kinetics-gateway/venv/lib/python3.13/site-packages/httpx2/_transports/__pycache__/asgi.cpython-313.pyc
7654	2026-07-25T23:53:06.0000000000	/mnt/ems-logs/backups/frdm_kinetics_running_snapshot_20260804_231509/opt/kinetics-gateway/venv/lib/python3.13/site-packages/websockets-16.1.1.dist-info/RECORD
7656	2026-08-01T10:06:31.0000000000	/mnt/ems-logs/backups/frdm_kinetics_running_snapshot_20260804_231509/opt/kinetics-gateway/venv/lib/python3.13/site-packages/pytest-8.4.2.dist-info/METADATA
76703	2026-08-01T10:06:22.0000000000	/mnt/ems-logs/backups/frdm_kinetics_running_snapshot_20260804_231509/opt/kinetics-gateway/venv/lib/python3.13/site-packages/pygments/lexers/__pycache__/_lasso_builtins.cpython-313.pyc
7677	2026-07-25T23:53:09.0000000000	/mnt/ems-logs/backups/frdm_kinetics_running_snapshot_20260804_231509/opt/kinetics-gateway/venv/lib/python3.13/site-packages/uvicorn/_types.py
7688	2026-07-25T23:53:07.0000000000	/mnt/ems-logs/backups/frdm_kinetics_running_snapshot_20260804_231509/opt/kinetics-gateway/venv/lib/python3.13/site-packages/uvloop/handles/pipe.pyx
7689	2026-08-01T10:06:31.0000000000	/mnt/ems-logs/backups/frdm_kinetics_running_snapshot_20260804_231509/opt/kinetics-gateway/venv/lib/python3.13/site-packages/_pytest/stepwise.py
7691	2026-08-01T10:06:25.0000000000	/mnt/ems-logs/backups/frdm_kinetics_running_snapshot_20260804_231509/opt/kinetics-gateway/venv/lib/python3.13/site-packages/pygments/lexers/__pycache__/grammar_notation.cpython-313.pyc
7696	2026-07-25T23:53:12.0000000000	/mnt/ems-logs/backups/frdm_kinetics_running_snapshot_20260804_231509/opt/kinetics-gateway/venv/lib/python3.13/site-packages/watchfiles/cli.py
77	2026-08-01T10:06:31.0000000000	/mnt/ems-logs/backups/frdm_kinetics_running_snapshot_20260804_231509/opt/kinetics-gateway/venv/lib/python3.13/site-packages/pytest-8.4.2.dist-info/entry_points.txt
7701	2026-08-01T09:57:25.0000000000	/mnt/ems-logs/backups/frdm_kinetics_running_snapshot_20260804_231509/opt/kinetics-gateway/venv/lib/python3.13/site-packages/anyio/streams/__pycache__/stapled.cpython-313.pyc
771	2026-08-01T09:57:27.0000000000	/mnt/ems-logs/backups/frdm_kinetics_running_snapshot_20260804_231509/opt/kinetics-gateway/venv/lib/python3.13/site-packages/fastapi/__pycache__/types.cpython-313.pyc
772	2026-07-25T23:56:52.0000000000	/mnt/ems-logs/backups/frdm_kinetics_running_snapshot_20260804_231509/opt/kinetics-gateway/backend/tools/scheduler_report.py
772	2026-07-25T23:56:52.0000000000	/mnt/ems-logs/backups/frdm_kinetics_running_snapshot_20260804_231509/opt/kinetics-gateway/staging/v3_0_0_20260731T161022Z/backend/tools/scheduler_report.py
7724	2026-07-25T23:53:13.0000000000	/mnt/ems-logs/backups/frdm_kinetics_running_snapshot_20260804_231509/opt/kinetics-gateway/venv/lib/python3.13/site-packages/pydantic/v1/datetime_parse.py
7727	2026-08-01T09:57:26.0000000000	/mnt/ems-logs/backups/frdm_kinetics_running_snapshot_20260804_231509/opt/kinetics-gateway/venv/lib/python3.13/site-packages/pydantic/__pycache__/errors.cpython-313.pyc
774487	2026-07-25T23:56:52.0000000000	/mnt/ems-logs/backups/frdm_kinetics_running_snapshot_20260804_231509/opt/kinetics-gateway/staging/v3_0_0_20260731T161022Z/backend/generated_protocols/bms_catalog.json
774684	2026-08-01T01:14:53.0000000000	/mnt/ems-logs/backups/frdm_kinetics_running_snapshot_20260804_231509/opt/kinetics-gateway/backend/generated_protocols/bms_catalog.json
7750	2026-08-01T10:06:09.0000000000	/mnt/ems-logs/backups/frdm_kinetics_running_snapshot_20260804_231509/opt/kinetics-gateway/venv/lib/python3.13/site-packages/pip/_internal/vcs/__pycache__/mercurial.cpython-313.pyc
7754	2026-08-01T09:57:27.0000000000	/mnt/ems-logs/backups/frdm_kinetics_running_snapshot_20260804_231509/opt/kinetics-gateway/venv/lib/python3.13/site-packages/pydantic/_internal/__pycache__/_schema_gather.cpython-313.pyc
77602	2026-07-25T23:49:15.0000000000	/mnt/ems-logs/backups/frdm_kinetics_running_snapshot_20260804_231509/opt/kinetics-gateway/venv/lib/python3.13/site-packages/pip/_vendor/pygments/lexers/_mapping.py
7763	2026-08-01T10:06:21.0000000000	/mnt/ems-logs/backups/frdm_kinetics_running_snapshot_20260804_231509/opt/kinetics-gateway/venv/lib/python3.13/site-packages/pygments/lexers/textedit.py
7773	2026-08-01T10:06:31.0000000000	/mnt/ems-logs/backups/frdm_kinetics_running_snapshot_20260804_231509/opt/kinetics-gateway/venv/lib/python3.13/site-packages/_pytest/_code/source.py
77746	2026-08-01T10:06:31.0000000000	/mnt/ems-logs/backups/frdm_kinetics_running_snapshot_20260804_231509/opt/kinetics-gateway/venv/lib/python3.13/site-packages/_pytest/fixtures.py
7779	2026-07-25T23:49:15.0000000000	/mnt/ems-logs/backups/frdm_kinetics_running_snapshot_20260804_231509/opt/kinetics-gateway/venv/lib/python3.13/site-packages/pip/_internal/locations/_sysconfig.py
778	2026-08-01T10:06:31.0000000000	/mnt/ems-logs/backups/frdm_kinetics_running_snapshot_20260804_231509/opt/kinetics-gateway/venv/lib/python3.13/site-packages/_pytest/tracemalloc.py
779	2026-07-25T23:53:08.0000000000	/mnt/ems-logs/backups/frdm_kinetics_running_snapshot_20260804_231509/opt/kinetics-gateway/venv/lib/python3.13/site-packages/httptools/parser/url_cparser.pxd
7815	2026-08-01T10:06:44.0000000000	/mnt/ems-logs/backups/frdm_kinetics_running_snapshot_20260804_231509/opt/kinetics-gateway/venv/lib/python3.13/site-packages/anyio/streams/__pycache__/stapled.cpython-313-pytest-8.4.2.pyc
783	2026-07-25T23:53:11.0000000000	/mnt/ems-logs/backups/frdm_kinetics_running_snapshot_20260804_231509/opt/kinetics-gateway/venv/lib/python3.13/site-packages/anyio/abc/_resources.py
7834	2026-08-01T10:06:21.0000000000	/mnt/ems-logs/backups/frdm_kinetics_running_snapshot_20260804_231509/opt/kinetics-gateway/venv/lib/python3.13/site-packages/pygments/lexers/make.py
7836	2026-08-01T09:57:30.0000000000	/mnt/ems-logs/backups/frdm_kinetics_running_snapshot_20260804_231509/opt/kinetics-gateway/backend/app/protocols/__pycache__/codec.cpython-313.pyc
7841	2026-08-01T10:07:22.0000000000	/mnt/ems-logs/backups/frdm_kinetics_running_snapshot_20260804_231509/opt/kinetics-gateway/venv/lib/python3.13/site-packages/httpx2/__pycache__/_sse.cpython-313.pyc
7853	2026-08-04T23:15:26.2448960670	/mnt/ems-logs/backups/frdm_kinetics_running_snapshot_20260804_231509/systemd/bess-all-pairs-scheduler.service.properties.txt
786	2026-07-25T23:53:06.0000000000	/mnt/ems-logs/backups/frdm_kinetics_running_snapshot_20260804_231509/opt/kinetics-gateway/venv/lib/python3.13/site-packages/websockets/asyncio/compatibility.py
786	2026-07-25T23:53:07.0000000000	/mnt/ems-logs/backups/frdm_kinetics_running_snapshot_20260804_231509/opt/kinetics-gateway/venv/lib/python3.13/site-packages/uvloop/handles/streamserver.pxd
786	2026-07-27T13:14:09.0000000000	/mnt/ems-logs/backups/frdm_kinetics_running_snapshot_20260804_231509/opt/kinetics-gateway/backend/deployment/disable_staged_control_on_imx93.sh
786	2026-07-27T13:14:09.0000000000	/mnt/ems-logs/backups/frdm_kinetics_running_snapshot_20260804_231509/opt/kinetics-gateway/staging/v3_0_0_20260731T161022Z/backend/deployment/disable_staged_control_on_imx93.sh
7860	2026-08-01T09:57:26.0000000000	/mnt/ems-logs/backups/frdm_kinetics_running_snapshot_20260804_231509/opt/kinetics-gateway/venv/lib/python3.13/site-packages/pydantic/_internal/__pycache__/_core_utils.cpython-313.pyc
7866	2026-08-01T10:05:57.0000000000	/mnt/ems-logs/backups/frdm_kinetics_running_snapshot_20260804_231509/opt/kinetics-gateway/venv/lib/python3.13/site-packages/pip/_vendor/rich/__pycache__/_cell_widths.cpython-313.pyc
7886	2026-07-25T23:53:10.0000000000	/mnt/ems-logs/backups/frdm_kinetics_running_snapshot_20260804_231509/opt/kinetics-gateway/venv/lib/python3.13/site-packages/openpyxl/worksheet/header_footer.py
7896	2026-07-25T23:49:15.0000000000	/mnt/ems-logs/backups/frdm_kinetics_running_snapshot_20260804_231509/opt/kinetics-gateway/venv/lib/python3.13/site-packages/pip/_vendor/rich/__main__.py
79	2026-07-25T23:53:15.0000000000	/mnt/ems-logs/backups/frdm_kinetics_running_snapshot_20260804_231509/opt/kinetics-gateway/venv/lib/python3.13/site-packages/fastapi/middleware/cors.py
79	2026-07-25T23:53:15.0000000000	/mnt/ems-logs/backups/frdm_kinetics_running_snapshot_20260804_231509/opt/kinetics-gateway/venv/lib/python3.13/site-packages/fastapi/middleware/gzip.py
790	2026-07-25T23:53:10.0000000000	/mnt/ems-logs/backups/frdm_kinetics_running_snapshot_20260804_231509/opt/kinetics-gateway/venv/lib/python3.13/site-packages/openpyxl/utils/escape.py
790	2026-08-01T10:06:31.0000000000	/mnt/ems-logs/backups/frdm_kinetics_running_snapshot_20260804_231509/opt/kinetics-gateway/venv/lib/python3.13/site-packages/_pytest/__pycache__/_version.cpython-313.pyc
7901	2026-08-01T10:06:21.0000000000	/mnt/ems-logs/backups/frdm_kinetics_running_snapshot_20260804_231509/opt/kinetics-gateway/venv/lib/python3.13/site-packages/pygments/sphinxext.py
7904	2026-08-01T10:06:21.0000000000	/mnt/ems-logs/backups/frdm_kinetics_running_snapshot_20260804_231509/opt/kinetics-gateway/venv/lib/python3.13/site-packages/pygments/lexers/elpi.py
792	2026-08-01T10:06:31.0000000000	/mnt/ems-logs/backups/frdm_kinetics_running_snapshot_20260804_231509/opt/kinetics-gateway/venv/lib/python3.13/site-packages/iniconfig/__pycache__/_version.cpython-313.pyc
7923	2026-07-25T23:53:11.0000000000	/mnt/ems-logs/backups/frdm_kinetics_running_snapshot_20260804_231509/opt/kinetics-gateway/venv/lib/python3.13/site-packages/anyio/_core/_subprocesses.py
7928	2026-08-01T10:06:27.0000000000	/mnt/ems-logs/backups/frdm_kinetics_running_snapshot_20260804_231509/opt/kinetics-gateway/venv/lib/python3.13/site-packages/pygments/lexers/__pycache__/pawn.cpython-313.pyc
7949	2026-08-01T10:06:25.0000000000	/mnt/ems-logs/backups/frdm_kinetics_running_snapshot_20260804_231509/opt/kinetics-gateway/venv/lib/python3.13/site-packages/pygments/lexers/__pycache__/fantom.cpython-313.pyc
795	2026-07-29T20:32:31.0000000000	/mnt/ems-logs/backups/frdm_kinetics_running_snapshot_20260804_231509/opt/kinetics-gateway/backend/tests/test_catalogs.py
795	2026-07-29T20:32:31.0000000000	/mnt/ems-logs/backups/frdm_kinetics_running_snapshot_20260804_231509/opt/kinetics-gateway/staging/v3_0_0_20260731T161022Z/backend/tests/test_catalogs.py
7959	2026-07-26T00:10:12.0000000000	/mnt/ems-logs/backups/frdm_kinetics_running_snapshot_20260804_231509/opt/kinetics-gateway/venv/lib/python3.13/site-packages/httpcore2/_backends/sync.py
79623	2026-07-25T23:49:15.0000000000	/mnt/ems-logs/backups/frdm_kinetics_running_snapshot_20260804_231509/opt/kinetics-gateway/venv/lib/python3.13/site-packages/pip/_vendor/idna/idnadata.py
7963	2026-08-01T10:06:21.0000000000	/mnt/ems-logs/backups/frdm_kinetics_running_snapshot_20260804_231509/opt/kinetics-gateway/venv/lib/python3.13/site-packages/pygments/lexers/maple.py
7981	2026-07-25T23:49:15.0000000000	/mnt/ems-logs/backups/frdm_kinetics_running_snapshot_20260804_231509/opt/kinetics-gateway/venv/lib/python3.13/site-packages/pip/_vendor/pygments/sphinxext.py
799	2026-07-25T23:49:15.0000000000	/mnt/ems-logs/backups/frdm_kinetics_running_snapshot_20260804_231509/opt/kinetics-gateway/venv/lib/python3.13/site-packages/pip/_vendor/rich/_fileno.py
7990	2026-07-25T23:53:16.0000000000	/mnt/ems-logs/backups/frdm_kinetics_running_snapshot_20260804_231509/opt/kinetics-gateway/venv/lib/python3.13/site-packages/fastapi-0.140.0.dist-info/RECORD
79956	2026-08-01T10:06:46.0000000000	/mnt/ems-logs/backups/frdm_kinetics_running_snapshot_20260804_231509/opt/kinetics-gateway/venv/lib/python3.13/site-packages/anyio/_backends/__pycache__/_trio.cpython-313-pytest-8.4.2.pyc
7997	2026-08-01T09:57:29.0000000000	/mnt/ems-logs/backups/frdm_kinetics_running_snapshot_20260804_231509/opt/kinetics-gateway/venv/lib/python3.13/site-packages/fastapi/__pycache__/sse.cpython-313.pyc
800	2026-07-27T11:41:57.0000000000	/mnt/ems-logs/backups/frdm_kinetics_running_snapshot_20260804_231509/opt/kinetics-gateway/backend/deployment/disable_pcs_polling_on_imx93.sh
800	2026-07-27T11:41:57.0000000000	/mnt/ems-logs/backups/frdm_kinetics_running_snapshot_20260804_231509/opt/kinetics-gateway/staging/v3_0_0_20260731T161022Z/backend/deployment/disable_pcs_polling_on_imx93.sh
800220	2026-08-04T23:15:35.6570358000	/mnt/ems-logs/backups/frdm_kinetics_running_snapshot_20260804_231509/logs/bess-seven-day-v302.log
8017	2026-08-01T10:06:08.0000000000	/mnt/ems-logs/backups/frdm_kinetics_running_snapshot_20260804_231509/opt/kinetics-gateway/venv/lib/python3.13/site-packages/pip/_vendor/requests/__pycache__/exceptions.cpython-313.pyc
8019	2026-08-01T10:06:26.0000000000	/mnt/ems-logs/backups/frdm_kinetics_running_snapshot_20260804_231509/opt/kinetics-gateway/venv/lib/python3.13/site-packages/pygments/lexers/__pycache__/lean.cpython-313.pyc
802	2026-07-25T23:53:09.0000000000	/mnt/ems-logs/backups/frdm_kinetics_running_snapshot_20260804_231509/opt/kinetics-gateway/venv/lib/python3.13/site-packages/annotated_types-0.8.0.dist-info/RECORD
802	2026-07-25T23:53:10.0000000000	/mnt/ems-logs/backups/frdm_kinetics_running_snapshot_20260804_231509/opt/kinetics-gateway/venv/lib/python3.13/site-packages/openpyxl/chart/reader.py
802	2026-08-01T10:06:07.0000000000	/mnt/ems-logs/backups/frdm_kinetics_running_snapshot_20260804_231509/opt/kinetics-gateway/venv/lib/python3.13/site-packages/pip/_vendor/urllib3/__pycache__/_version.cpython-313.pyc
803	2026-07-25T23:53:10.0000000000	/mnt/ems-logs/backups/frdm_kinetics_running_snapshot_20260804_231509/opt/kinetics-gateway/venv/lib/python3.13/site-packages/openpyxl/workbook/function_group.py
804	2026-08-01T10:01:23.0000000000	/mnt/ems-logs/backups/frdm_kinetics_running_snapshot_20260804_231509/opt/kinetics-gateway/venv/lib/python3.13/site-packages/uvicorn/loops/__pycache__/auto.cpython-313.pyc
8046	2026-08-01T10:06:21.0000000000	/mnt/ems-logs/backups/frdm_kinetics_running_snapshot_20260804_231509/opt/kinetics-gateway/venv/lib/python3.13/site-packages/pygments/lexers/grammar_notation.py
806	2026-08-01T10:06:00.0000000000	/mnt/ems-logs/backups/frdm_kinetics_running_snapshot_20260804_231509/opt/kinetics-gateway/venv/lib/python3.13/site-packages/pip/_vendor/platformdirs/__pycache__/version.cpython-313.pyc
8065	2026-07-26T00:10:12.0000000000	/mnt/ems-logs/backups/frdm_kinetics_running_snapshot_20260804_231509/opt/kinetics-gateway/venv/lib/python3.13/site-packages/httpcore2/_sync/connection.py
8066	2026-07-25T23:49:15.0000000000	/mnt/ems-logs/backups/frdm_kinetics_running_snapshot_20260804_231509/opt/kinetics-gateway/venv/lib/python3.13/site-packages/pip/_internal/commands/show.py
8067	2026-08-01T10:06:11.0000000000	/mnt/ems-logs/backups/frdm_kinetics_running_snapshot_20260804_231509/opt/kinetics-gateway/venv/lib/python3.13/site-packages/pip/_internal/metadata/importlib/__pycache__/_envs.cpython-313.pyc
8074	2026-08-01T09:57:26.0000000000	/mnt/ems-logs/backups/frdm_kinetics_running_snapshot_20260804_231509/opt/kinetics-gateway/venv/lib/python3.13/site-packages/pydantic/_internal/__pycache__/_repr.cpython-313.pyc
8081	2026-08-01T10:06:09.0000000000	/mnt/ems-logs/backups/frdm_kinetics_running_snapshot_20260804_231509/opt/kinetics-gateway/venv/lib/python3.13/site-packages/pip/_internal/network/__pycache__/cache.cpython-313.pyc
8086	2026-07-25T23:49:15.0000000000	/mnt/ems-logs/backups/frdm_kinetics_running_snapshot_20260804_231509/opt/kinetics-gateway/venv/lib/python3.13/site-packages/pip/_vendor/urllib3/util/request.py
8086	2026-08-01T10:06:09.0000000000	/mnt/ems-logs/backups/frdm_kinetics_running_snapshot_20260804_231509/opt/kinetics-gateway/venv/lib/python3.13/site-packages/pip/_vendor/msgpack/__pycache__/ext.cpython-313.pyc
80890	2026-08-01T10:06:34.0000000000	/mnt/ems-logs/backups/frdm_kinetics_running_snapshot_20260804_231509/opt/kinetics-gateway/venv/lib/python3.13/site-packages/_pytest/__pycache__/terminal.cpython-313.pyc
809	2026-07-25T23:53:13.0000000000	/mnt/ems-logs/backups/frdm_kinetics_running_snapshot_20260804_231509/opt/kinetics-gateway/venv/lib/python3.13/site-packages/pydantic/_internal/_git.py
8096	2026-08-01T09:57:24.0000000000	/mnt/ems-logs/backups/frdm_kinetics_running_snapshot_20260804_231509/opt/kinetics-gateway/venv/lib/python3.13/site-packages/uvicorn/middleware/__pycache__/proxy_headers.cpython-313.pyc
8097	2026-07-25T23:49:15.0000000000	/mnt/ems-logs/backups/frdm_kinetics_running_snapshot_20260804_231509/opt/kinetics-gateway/venv/lib/python3.13/site-packages/pip/_internal/self_outdated_check.py
81	2026-07-25T23:56:52.0000000000	/mnt/ems-logs/backups/frdm_kinetics_running_snapshot_20260804_231509/opt/kinetics-gateway/backend/.gitignore
81	2026-07-25T23:56:52.0000000000	/mnt/ems-logs/backups/frdm_kinetics_running_snapshot_20260804_231509/opt/kinetics-gateway/staging/v3_0_0_20260731T161022Z/backend/.gitignore
8100	2026-08-01T10:06:30.0000000000	/mnt/ems-logs/backups/frdm_kinetics_running_snapshot_20260804_231509/opt/kinetics-gateway/venv/lib/python3.13/site-packages/pygments/lexers/__pycache__/webidl.cpython-313.pyc
8101	2026-07-25T23:53:12.0000000000	/mnt/ems-logs/backups/frdm_kinetics_running_snapshot_20260804_231509/opt/kinetics-gateway/venv/lib/python3.13/site-packages/starlette/middleware/errors.py
8101	2026-08-01T10:06:21.0000000000	/mnt/ems-logs/backups/frdm_kinetics_running_snapshot_20260804_231509/opt/kinetics-gateway/venv/lib/python3.13/site-packages/pygments/lexers/dax.py
811	2026-08-01T10:06:30.0000000000	/mnt/ems-logs/backups/frdm_kinetics_running_snapshot_20260804_231509/opt/kinetics-gateway/venv/lib/python3.13/site-packages/pluggy/__init__.py
8111	2026-08-01T10:06:21.0000000000	/mnt/ems-logs/backups/frdm_kinetics_running_snapshot_20260804_231509/opt/kinetics-gateway/venv/lib/python3.13/site-packages/pygments/lexers/_lua_builtins.py
8123	2026-07-25T23:53:15.0000000000	/mnt/ems-logs/backups/frdm_kinetics_running_snapshot_20260804_231509/opt/kinetics-gateway/venv/lib/python3.13/site-packages/fastapi/dependencies/models.py
8134	2026-08-01T10:06:00.0000000000	/mnt/ems-logs/backups/frdm_kinetics_running_snapshot_20260804_231509/opt/kinetics-gateway/venv/lib/python3.13/site-packages/pip/_internal/locations/__pycache__/_sysconfig.cpython-313.pyc
8142	2026-07-26T00:10:13.0000000000	/mnt/ems-logs/backups/frdm_kinetics_running_snapshot_20260804_231509/opt/kinetics-gateway/venv/lib/python3.13/site-packages/httpx2/_content.py
8160	2026-07-26T00:10:13.0000000000	/mnt/ems-logs/backups/frdm_kinetics_running_snapshot_20260804_231509/opt/kinetics-gateway/venv/lib/python3.13/site-packages/httpx2-2.9.1.dist-info/METADATA
8162	2026-07-25T23:49:15.0000000000	/mnt/ems-logs/backups/frdm_kinetics_running_snapshot_20260804_231509/opt/kinetics-gateway/venv/lib/python3.13/site-packages/pip/_vendor/rich/progress_bar.py
817	2026-07-25T23:49:15.0000000000	/mnt/ems-logs/backups/frdm_kinetics_running_snapshot_20260804_231509/opt/kinetics-gateway/venv/lib/python3.13/site-packages/pip/_internal/cli/command_context.py
8193	2026-08-01T10:06:07.0000000000	/mnt/ems-logs/backups/frdm_kinetics_running_snapshot_20260804_231509/opt/kinetics-gateway/venv/lib/python3.13/site-packages/pip/_vendor/urllib3/util/__pycache__/request.cpython-313.pyc
82	2026-07-25T23:49:15.0000000000	/mnt/ems-logs/backups/frdm_kinetics_running_snapshot_20260804_231509/opt/kinetics-gateway/venv/lib/python3.13/site-packages/pip-26.1.2.dist-info/WHEEL
82	2026-07-25T23:53:07.0000000000	/mnt/ems-logs/backups/frdm_kinetics_running_snapshot_20260804_231509/opt/kinetics-gateway/venv/lib/python3.13/site-packages/typing_extensions-4.16.0.dist-info/WHEEL
82	2026-07-25T23:53:08.0000000000	/mnt/ems-logs/backups/frdm_kinetics_running_snapshot_20260804_231509/opt/kinetics-gateway/venv/lib/python3.13/site-packages/click-8.4.2.dist-info/WHEEL
82	2026-07-25T23:53:08.0000000000	/mnt/ems-logs/backups/frdm_kinetics_running_snapshot_20260804_231509/opt/kinetics-gateway/venv/lib/python3.13/site-packages/et_xmlfile-2.0.0.dist-info/AUTHORS.txt
82	2026-07-25T23:53:08.0000000000	/mnt/ems-logs/backups/frdm_kinetics_running_snapshot_20260804_231509/opt/kinetics-gateway/venv/lib/python3.13/site-packages/idna-3.18.dist-info/WHEEL
82	2026-07-26T00:10:12.0000000000	/mnt/ems-logs/backups/frdm_kinetics_running_snapshot_20260804_231509/opt/kinetics-gateway/venv/lib/python3.13/site-packages/truststore-0.10.4.dist-info/WHEEL
82	2026-08-01T10:06:30.0000000000	/mnt/ems-logs/backups/frdm_kinetics_running_snapshot_20260804_231509/opt/kinetics-gateway/venv/lib/python3.13/site-packages/packaging-26.2.dist-info/WHEEL
820	2026-07-25T23:49:15.0000000000	/mnt/ems-logs/backups/frdm_kinetics_running_snapshot_20260804_231509/opt/kinetics-gateway/venv/lib/python3.13/site-packages/pip/_vendor/cachecontrol/__init__.py
820	2026-08-01T10:01:23.0000000000	/mnt/ems-logs/backups/frdm_kinetics_running_snapshot_20260804_231509/opt/kinetics-gateway/venv/lib/python3.13/site-packages/uvicorn/protocols/websockets/__pycache__/auto.cpython-313.pyc
82023	2026-07-25T23:53:13.0000000000	/mnt/ems-logs/backups/frdm_kinetics_running_snapshot_20260804_231509/opt/kinetics-gateway/venv/lib/python3.13/site-packages/pydantic/fields.py
8224	2026-08-01T10:06:24.0000000000	/mnt/ems-logs/backups/frdm_kinetics_running_snapshot_20260804_231509/opt/kinetics-gateway/venv/lib/python3.13/site-packages/pygments/lexers/__pycache__/elpi.cpython-313.pyc
82248	2026-08-01T10:06:32.0000000000	/mnt/ems-logs/backups/frdm_kinetics_running_snapshot_20260804_231509/opt/kinetics-gateway/venv/lib/python3.13/site-packages/_pytest/__pycache__/fixtures.cpython-313.pyc
8225	2026-08-01T10:06:22.0000000000	/mnt/ems-logs/backups/frdm_kinetics_running_snapshot_20260804_231509/opt/kinetics-gateway/venv/lib/python3.13/site-packages/pygments/lexers/__pycache__/_julia_builtins.cpython-313.pyc
8228	2026-08-01T10:06:30.0000000000	/mnt/ems-logs/backups/frdm_kinetics_running_snapshot_20260804_231509/opt/kinetics-gateway/venv/lib/python3.13/site-packages/pygments/__pycache__/token.cpython-313.pyc
8229	2026-08-01T10:06:29.0000000000	/mnt/ems-logs/backups/frdm_kinetics_running_snapshot_20260804_231509/opt/kinetics-gateway/venv/lib/python3.13/site-packages/pygments/lexers/__pycache__/ul4.cpython-313.pyc
8234	2026-08-01T10:06:25.0000000000	/mnt/ems-logs/backups/frdm_kinetics_running_snapshot_20260804_231509/opt/kinetics-gateway/venv/lib/python3.13/site-packages/pygments/lexers/__pycache__/felix.cpython-313.pyc
8237	2026-08-01T10:05:59.0000000000	/mnt/ems-logs/backups/frdm_kinetics_running_snapshot_20260804_231509/opt/kinetics-gateway/venv/lib/python3.13/site-packages/pip/_vendor/pygments/__pycache__/token.cpython-313.pyc
8239	2026-07-25T23:49:15.0000000000	/mnt/ems-logs/backups/frdm_kinetics_running_snapshot_20260804_231509/opt/kinetics-gateway/venv/lib/python3.13/site-packages/pip/_internal/resolution/resolvelib/requirements.py
824	2026-07-25T23:53:10.0000000000	/mnt/ems-logs/backups/frdm_kinetics_running_snapshot_20260804_231509/opt/kinetics-gateway/venv/lib/python3.13/site-packages/openpyxl/descriptors/slots.py
8247	2026-08-04T23:15:26.4448990370	/mnt/ems-logs/backups/frdm_kinetics_running_snapshot_20260804_231509/systemd/kinetics-network-guard.service.properties.txt
825	2026-08-01T09:57:26.0000000000	/mnt/ems-logs/backups/frdm_kinetics_running_snapshot_20260804_231509/opt/kinetics-gateway/venv/lib/python3.13/site-packages/pydantic/_internal/__pycache__/_import_utils.cpython-313.pyc
8256	2026-08-01T10:06:21.0000000000	/mnt/ems-logs/backups/frdm_kinetics_running_snapshot_20260804_231509/opt/kinetics-gateway/venv/lib/python3.13/site-packages/pygments/lexers/pawn.py
8257	2026-07-25T23:49:15.0000000000	/mnt/ems-logs/backups/frdm_kinetics_running_snapshot_20260804_231509/opt/kinetics-gateway/venv/lib/python3.13/site-packages/pip/_vendor/rich/default_styles.py
8263	2026-08-01T10:06:21.0000000000	/mnt/ems-logs/backups/frdm_kinetics_running_snapshot_20260804_231509/opt/kinetics-gateway/venv/lib/python3.13/site-packages/pygments/lexers/rust.py
8276	2026-07-26T00:10:12.0000000000	/mnt/ems-logs/backups/frdm_kinetics_running_snapshot_20260804_231509/opt/kinetics-gateway/venv/lib/python3.13/site-packages/httpcore2/_async/connection.py
828	2026-07-25T23:49:15.0000000000	/mnt/ems-logs/backups/frdm_kinetics_running_snapshot_20260804_231509/opt/kinetics-gateway/venv/lib/python3.13/site-packages/pip/_vendor/rich/pager.py
828	2026-07-28T15:57:23.0000000000	/mnt/ems-logs/backups/frdm_kinetics_running_snapshot_20260804_231509/opt/kinetics-gateway/backend/README_V2_5_1_PATCH.txt
828	2026-07-28T15:57:23.0000000000	/mnt/ems-logs/backups/frdm_kinetics_running_snapshot_20260804_231509/opt/kinetics-gateway/staging/v3_0_0_20260731T161022Z/backend/README_V2_5_1_PATCH.txt
828	2026-08-01T10:06:30.0000000000	/mnt/ems-logs/backups/frdm_kinetics_running_snapshot_20260804_231509/opt/kinetics-gateway/venv/lib/python3.13/site-packages/pluggy/_warnings.py
8282	2026-07-26T00:10:13.0000000000	/mnt/ems-logs/backups/frdm_kinetics_running_snapshot_20260804_231509/opt/kinetics-gateway/venv/lib/python3.13/site-packages/httpx2/_utils.py
8290	2026-08-01T10:01:24.0000000000	/mnt/ems-logs/backups/frdm_kinetics_running_snapshot_20260804_231509/opt/kinetics-gateway/venv/lib/python3.13/site-packages/uvicorn/lifespan/__pycache__/on.cpython-313.pyc
8294	2026-08-01T09:57:24.0000000000	/mnt/ems-logs/backups/frdm_kinetics_running_snapshot_20260804_231509/opt/kinetics-gateway/venv/lib/python3.13/site-packages/anyio/_core/__pycache__/_eventloop.cpython-313.pyc
82959	2026-08-01T10:06:21.0000000000	/mnt/ems-logs/backups/frdm_kinetics_running_snapshot_20260804_231509/opt/kinetics-gateway/venv/lib/python3.13/site-packages/pygments/lexers/scripting.py
83	2026-07-25T23:53:08.0000000000	/mnt/ems-logs/backups/frdm_kinetics_running_snapshot_20260804_231509/opt/kinetics-gateway/venv/lib/python3.13/site-packages/idna/__main__.py
830	2026-07-25T23:53:10.0000000000	/mnt/ems-logs/backups/frdm_kinetics_running_snapshot_20260804_231509/opt/kinetics-gateway/venv/lib/python3.13/site-packages/openpyxl/utils/protection.py
8335	2026-08-01T10:06:21.0000000000	/mnt/ems-logs/backups/frdm_kinetics_running_snapshot_20260804_231509/opt/kinetics-gateway/venv/lib/python3.13/site-packages/pygments/lexers/typoscript.py
83387	2026-08-01T10:06:33.0000000000	/mnt/ems-logs/backups/frdm_kinetics_running_snapshot_20260804_231509/opt/kinetics-gateway/venv/lib/python3.13/site-packages/_pytest/__pycache__/pytester.cpython-313.pyc
834	2026-08-01T10:06:21.0000000000	/mnt/ems-logs/backups/frdm_kinetics_running_snapshot_20260804_231509/opt/kinetics-gateway/venv/lib/python3.13/site-packages/pygments/styles/staroffice.py
8348	2026-07-25T23:53:08.0000000000	/mnt/ems-logs/backups/frdm_kinetics_running_snapshot_20260804_231509/opt/kinetics-gateway/venv/lib/python3.13/site-packages/h11-0.16.0.dist-info/METADATA
835	2026-08-01T10:05:58.0000000000	/mnt/ems-logs/backups/frdm_kinetics_running_snapshot_20260804_231509/opt/kinetics-gateway/venv/lib/python3.13/site-packages/pip/_vendor/rich/__pycache__/_fileno.cpython-313.pyc
8350	2026-08-01T10:07:17.0000000000	/mnt/ems-logs/backups/frdm_kinetics_running_snapshot_20260804_231509/opt/kinetics-gateway/backend/app/__pycache__/main.cpython-313.pyc
8352	2026-07-25T23:53:12.0000000000	/mnt/ems-logs/backups/frdm_kinetics_running_snapshot_20260804_231509/opt/kinetics-gateway/venv/lib/python3.13/site-packages/starlette/websockets.py
8357	2026-08-04T23:15:26.5569006990	/mnt/ems-logs/backups/frdm_kinetics_running_snapshot_20260804_231509/systemd/ems-v3-wifi.service.properties.txt
8368	2026-08-01T10:06:24.0000000000	/mnt/ems-logs/backups/frdm_kinetics_running_snapshot_20260804_231509/opt/kinetics-gateway/venv/lib/python3.13/site-packages/pygments/lexers/__pycache__/d.cpython-313.pyc
837	2026-08-01T09:57:28.0000000000	/mnt/ems-logs/backups/frdm_kinetics_running_snapshot_20260804_231509/opt/kinetics-gateway/venv/lib/python3.13/site-packages/fastapi/security/__pycache__/__init__.cpython-313.pyc
8373	2026-08-01T10:06:23.0000000000	/mnt/ems-logs/backups/frdm_kinetics_running_snapshot_20260804_231509/opt/kinetics-gateway/venv/lib/python3.13/site-packages/pygments/lexers/__pycache__/_lua_builtins.cpython-313.pyc
8375	2026-08-04T23:15:26.3528976710	/mnt/ems-logs/backups/frdm_kinetics_running_snapshot_20260804_231509/systemd/kinetics-network.service.properties.txt
8382	2026-08-01T10:06:27.0000000000	/mnt/ems-logs/backups/frdm_kinetics_running_snapshot_20260804_231509/opt/kinetics-gateway/venv/lib/python3.13/site-packages/pygments/lexers/__pycache__/prql.cpython-313.pyc
8385	2026-08-04T23:15:26.6689023620	/mnt/ems-logs/backups/frdm_kinetics_running_snapshot_20260804_231509/systemd/cloudflared.service.properties.txt
8398	2026-08-01T10:06:26.0000000000	/mnt/ems-logs/backups/frdm_kinetics_running_snapshot_20260804_231509/opt/kinetics-gateway/venv/lib/python3.13/site-packages/pygments/lexers/__pycache__/lilypond.cpython-313.pyc
84	2026-07-25T23:49:15.0000000000	/mnt/ems-logs/backups/frdm_kinetics_running_snapshot_20260804_231509/opt/kinetics-gateway/venv/lib/python3.13/site-packages/pip-26.1.2.dist-info/entry_points.txt
8404	2026-08-01T10:06:31.0000000000	/mnt/ems-logs/backups/frdm_kinetics_running_snapshot_20260804_231509/opt/kinetics-gateway/venv/lib/python3.13/site-packages/_pytest/config/findpaths.py
8407	2026-08-01T10:06:43.0000000000	/mnt/ems-logs/backups/frdm_kinetics_running_snapshot_20260804_231509/opt/kinetics-gateway/venv/lib/python3.13/site-packages/anyio/_core/__pycache__/_eventloop.cpython-313-pytest-8.4.2.pyc
8411	2026-08-01T10:06:08.0000000000	/mnt/ems-logs/backups/frdm_kinetics_running_snapshot_20260804_231509/opt/kinetics-gateway/venv/lib/python3.13/site-packages/pip/_vendor/urllib3/contrib/__pycache__/socks.cpython-313.pyc
843	2026-07-25T23:53:07.0000000000	/mnt/ems-logs/backups/frdm_kinetics_running_snapshot_20260804_231509/opt/kinetics-gateway/venv/lib/python3.13/site-packages/uvloop/includes/consts.pxi
845	2026-07-23T17:52:52.7602354980	/mnt/ems-logs/backups/frdm_kinetics_running_snapshot_20260804_231509/etc/cloudflared/config.yml
845	2026-08-01T09:57:29.0000000000	/mnt/ems-logs/backups/frdm_kinetics_running_snapshot_20260804_231509/opt/kinetics-gateway/venv/lib/python3.13/site-packages/jwt/__pycache__/warnings.cpython-313.pyc
8451	2026-07-25T23:49:15.0000000000	/mnt/ems-logs/backups/frdm_kinetics_running_snapshot_20260804_231509/opt/kinetics-gateway/venv/lib/python3.13/site-packages/pip/_vendor/rich/markup.py
8455	2026-08-01T10:06:28.0000000000	/mnt/ems-logs/backups/frdm_kinetics_running_snapshot_20260804_231509/opt/kinetics-gateway/venv/lib/python3.13/site-packages/pygments/lexers/__pycache__/slash.cpython-313.pyc
846	2026-07-25T23:53:07.0000000000	/mnt/ems-logs/backups/frdm_kinetics_running_snapshot_20260804_231509/opt/kinetics-gateway/venv/lib/python3.13/site-packages/uvloop/includes/python.pxd
84637	2026-08-01T10:06:32.0000000000	/mnt/ems-logs/backups/frdm_kinetics_running_snapshot_20260804_231509/opt/kinetics-gateway/venv/lib/python3.13/site-packages/_pytest/config/__pycache__/__init__.cpython-313.pyc
847	2026-08-01T10:06:30.0000000000	/mnt/ems-logs/backups/frdm_kinetics_running_snapshot_20260804_231509/opt/kinetics-gateway/venv/lib/python3.13/site-packages/pluggy/__pycache__/__init__.cpython-313.pyc
848	2026-07-25T23:53:12.0000000000	/mnt/ems-logs/backups/frdm_kinetics_running_snapshot_20260804_231509/opt/kinetics-gateway/venv/lib/python3.13/site-packages/starlette/middleware/httpsredirect.py
8480	2026-07-27T09:05:59.0000000000	/mnt/ems-logs/backups/frdm_kinetics_running_snapshot_20260804_231509/opt/kinetics-gateway/venv/lib/python3.13/site-packages/serial/serialjava.py
8487	2026-08-01T10:06:21.0000000000	/mnt/ems-logs/backups/frdm_kinetics_running_snapshot_20260804_231509/opt/kinetics-gateway/venv/lib/python3.13/site-packages/pygments/lexers/slash.py
85	2026-07-25T23:53:12.0000000000	/mnt/ems-logs/backups/frdm_kinetics_running_snapshot_20260804_231509/opt/kinetics-gateway/venv/lib/python3.13/site-packages/watchfiles/version.py
8504	2026-08-01T09:57:24.0000000000	/mnt/ems-logs/backups/frdm_kinetics_running_snapshot_20260804_231509/opt/kinetics-gateway/venv/lib/python3.13/site-packages/anyio/_core/__pycache__/_exceptions.cpython-313.pyc
8509	2026-08-01T10:06:11.0000000000	/mnt/ems-logs/backups/frdm_kinetics_running_snapshot_20260804_231509/opt/kinetics-gateway/venv/lib/python3.13/site-packages/pip/_internal/distributions/__pycache__/sdist.cpython-313.pyc
8510	2026-08-01T10:02:36.0000000000	/mnt/ems-logs/backups/frdm_kinetics_running_snapshot_20260804_231509/opt/kinetics-gateway/backend/tools/__pycache__/control_sequence_cli.cpython-313.pyc
85154	2026-08-01T10:06:29.0000000000	/mnt/ems-logs/backups/frdm_kinetics_running_snapshot_20260804_231509/opt/kinetics-gateway/venv/lib/python3.13/site-packages/pygments/lexers/__pycache__/templates.cpython-313.pyc
8525	2026-08-01T09:57:29.0000000000	/mnt/ems-logs/backups/frdm_kinetics_running_snapshot_20260804_231509/opt/kinetics-gateway/venv/lib/python3.13/site-packages/jwt/__pycache__/api_jwk.cpython-313.pyc
8527803	2026-08-04T23:15:35.4210322960	/mnt/ems-logs/backups/frdm_kinetics_running_snapshot_20260804_231509/logs/kinetics-gateway.log
8529	2026-08-01T10:06:29.0000000000	/mnt/ems-logs/backups/frdm_kinetics_running_snapshot_20260804_231509/opt/kinetics-gateway/venv/lib/python3.13/site-packages/pygments/lexers/__pycache__/textedit.cpython-313.pyc
85334	2026-07-25T23:53:13.0000000000	/mnt/ems-logs/backups/frdm_kinetics_running_snapshot_20260804_231509/opt/kinetics-gateway/venv/lib/python3.13/site-packages/pydantic/main.py
854	2026-07-26T00:10:13.0000000000	/mnt/ems-logs/backups/frdm_kinetics_running_snapshot_20260804_231509/opt/kinetics-gateway/venv/lib/python3.13/site-packages/httpx2/websockets/__init__.py
8540	2026-07-27T09:05:59.0000000000	/mnt/ems-logs/backups/frdm_kinetics_running_snapshot_20260804_231509/opt/kinetics-gateway/venv/lib/python3.13/site-packages/serial/urlhandler/protocol_cp2110.py
8543	2026-07-25T23:53:08.0000000000	/mnt/ems-logs/backups/frdm_kinetics_running_snapshot_20260804_231509/opt/kinetics-gateway/venv/lib/python3.13/site-packages/click/_winconsole.py
8547	2026-08-01T10:06:30.0000000000	/mnt/ems-logs/backups/frdm_kinetics_running_snapshot_20260804_231509/opt/kinetics-gateway/venv/lib/python3.13/site-packages/packaging/__pycache__/_tokenizer.cpython-313.pyc
855	2026-07-25T23:56:52.0000000000	/mnt/ems-logs/backups/frdm_kinetics_running_snapshot_20260804_231509/opt/kinetics-gateway/backend/deployment/network/kinetics-network-setup.sh
855	2026-07-25T23:56:52.0000000000	/mnt/ems-logs/backups/frdm_kinetics_running_snapshot_20260804_231509/opt/kinetics-gateway/staging/v3_0_0_20260731T161022Z/backend/deployment/network/kinetics-network-setup.sh
855	2026-07-25T23:57:18.7198337320	/mnt/ems-logs/backups/frdm_kinetics_running_snapshot_20260804_231509/usr/local/sbin/kinetics-network-setup.sh
8559	2026-08-01T10:06:00.0000000000	/mnt/ems-logs/backups/frdm_kinetics_running_snapshot_20260804_231509/opt/kinetics-gateway/venv/lib/python3.13/site-packages/pip/_vendor/packaging/__pycache__/_tokenizer.cpython-313.pyc
858	2026-07-25T23:49:15.0000000000	/mnt/ems-logs/backups/frdm_kinetics_running_snapshot_20260804_231509/opt/kinetics-gateway/venv/lib/python3.13/site-packages/pip/_internal/distributions/__init__.py
8588	2026-08-01T10:06:21.0000000000	/mnt/ems-logs/backups/frdm_kinetics_running_snapshot_20260804_231509/opt/kinetics-gateway/venv/lib/python3.13/site-packages/pygments/lexers/lean.py
859	2026-08-01T10:06:32.0000000000	/mnt/ems-logs/backups/frdm_kinetics_running_snapshot_20260804_231509/opt/kinetics-gateway/venv/lib/python3.13/site-packages/_pytest/config/__pycache__/exceptions.cpython-313.pyc
8590	2026-07-25T23:53:08.0000000000	/mnt/ems-logs/backups/frdm_kinetics_running_snapshot_20260804_231509/opt/kinetics-gateway/venv/lib/python3.13/site-packages/h11/_readers.py
86	2026-07-25T23:53:06.0000000000	/mnt/ems-logs/backups/frdm_kinetics_running_snapshot_20260804_231509/opt/kinetics-gateway/venv/lib/python3.13/site-packages/uvloop/_noop.py
8611	2026-08-01T10:01:22.0000000000	/mnt/ems-logs/backups/frdm_kinetics_running_snapshot_20260804_231509/opt/kinetics-gateway/venv/lib/python3.13/site-packages/pydantic/v1/__pycache__/config.cpython-313.pyc
8617	2026-08-01T09:57:24.0000000000	/mnt/ems-logs/backups/frdm_kinetics_running_snapshot_20260804_231509/opt/kinetics-gateway/venv/lib/python3.13/site-packages/anyio/abc/__pycache__/_tasks.cpython-313.pyc
8617	2026-08-01T10:06:44.0000000000	/mnt/ems-logs/backups/frdm_kinetics_running_snapshot_20260804_231509/opt/kinetics-gateway/venv/lib/python3.13/site-packages/anyio/_core/__pycache__/_exceptions.cpython-313-pytest-8.4.2.pyc
8639	2026-07-25T23:49:15.0000000000	/mnt/ems-logs/backups/frdm_kinetics_running_snapshot_20260804_231509/opt/kinetics-gateway/venv/lib/python3.13/site-packages/pip/_internal/index/sources.py
867	2026-08-01T10:07:22.0000000000	/mnt/ems-logs/backups/frdm_kinetics_running_snapshot_20260804_231509/opt/kinetics-gateway/venv/lib/python3.13/site-packages/idna/__pycache__/__init__.cpython-313.pyc
868	2026-07-25T23:49:15.0000000000	/mnt/ems-logs/backups/frdm_kinetics_running_snapshot_20260804_231509/opt/kinetics-gateway/venv/lib/python3.13/site-packages/pip/_internal/utils/datetime.py
868	2026-07-25T23:49:15.0000000000	/mnt/ems-logs/backups/frdm_kinetics_running_snapshot_20260804_231509/opt/kinetics-gateway/venv/lib/python3.13/site-packages/pip/_vendor/idna/__init__.py
868	2026-07-25T23:53:08.0000000000	/mnt/ems-logs/backups/frdm_kinetics_running_snapshot_20260804_231509/opt/kinetics-gateway/venv/lib/python3.13/site-packages/idna/__init__.py
868	2026-07-25T23:53:09.0000000000	/mnt/ems-logs/backups/frdm_kinetics_running_snapshot_20260804_231509/opt/kinetics-gateway/venv/lib/python3.13/site-packages/annotated_doc-0.0.4.dist-info/RECORD
87	2026-07-25T23:53:09.0000000000	/mnt/ems-logs/backups/frdm_kinetics_running_snapshot_20260804_231509/opt/kinetics-gateway/venv/lib/python3.13/site-packages/annotated_types-0.8.0.dist-info/WHEEL
87	2026-07-25T23:53:09.0000000000	/mnt/ems-logs/backups/frdm_kinetics_running_snapshot_20260804_231509/opt/kinetics-gateway/venv/lib/python3.13/site-packages/typing_inspection-0.4.2.dist-info/WHEEL
87	2026-07-25T23:53:09.0000000000	/mnt/ems-logs/backups/frdm_kinetics_running_snapshot_20260804_231509/opt/kinetics-gateway/venv/lib/python3.13/site-packages/uvicorn-0.51.0.dist-info/WHEEL
87	2026-07-25T23:53:12.0000000000	/mnt/ems-logs/backups/frdm_kinetics_running_snapshot_20260804_231509/opt/kinetics-gateway/venv/lib/python3.13/site-packages/starlette-1.3.1.dist-info/WHEEL
87	2026-07-25T23:53:13.0000000000	/mnt/ems-logs/backups/frdm_kinetics_running_snapshot_20260804_231509/opt/kinetics-gateway/venv/lib/python3.13/site-packages/pydantic-2.13.4.dist-info/WHEEL
87	2026-07-26T00:10:12.0000000000	/mnt/ems-logs/backups/frdm_kinetics_running_snapshot_20260804_231509/opt/kinetics-gateway/venv/lib/python3.13/site-packages/httpcore2-2.9.1.dist-info/WHEEL
87	2026-07-26T00:10:13.0000000000	/mnt/ems-logs/backups/frdm_kinetics_running_snapshot_20260804_231509/opt/kinetics-gateway/venv/lib/python3.13/site-packages/httpx2-2.9.1.dist-info/WHEEL
87	2026-08-01T10:06:21.0000000000	/mnt/ems-logs/backups/frdm_kinetics_running_snapshot_20260804_231509/opt/kinetics-gateway/venv/lib/python3.13/site-packages/pygments-2.20.0.dist-info/WHEEL
870	2026-07-25T23:49:15.0000000000	/mnt/ems-logs/backups/frdm_kinetics_running_snapshot_20260804_231509/opt/kinetics-gateway/venv/lib/python3.13/site-packages/pip/_vendor/urllib3/contrib/emscripten/__init__.py
8710	2026-08-01T10:06:00.0000000000	/mnt/ems-logs/backups/frdm_kinetics_running_snapshot_20260804_231509/opt/kinetics-gateway/venv/lib/python3.13/site-packages/pip/_vendor/rich/__pycache__/columns.cpython-313.pyc
8711	2026-07-25T23:49:15.0000000000	/mnt/ems-logs/backups/frdm_kinetics_running_snapshot_20260804_231509/opt/kinetics-gateway/venv/lib/python3.13/site-packages/pip/_internal/metadata/importlib/_dists.py
8711	2026-08-01T09:57:26.0000000000	/mnt/ems-logs/backups/frdm_kinetics_running_snapshot_20260804_231509/opt/kinetics-gateway/venv/lib/python3.13/site-packages/pydantic/plugin/__pycache__/__init__.cpython-313.pyc
8729	2026-08-01T10:06:01.0000000000	/mnt/ems-logs/backups/frdm_kinetics_running_snapshot_20260804_231509/opt/kinetics-gateway/venv/lib/python3.13/site-packages/pip/_internal/utils/__pycache__/subprocess.cpython-313.pyc
8730	2026-08-01T10:06:44.0000000000	/mnt/ems-logs/backups/frdm_kinetics_running_snapshot_20260804_231509/opt/kinetics-gateway/venv/lib/python3.13/site-packages/anyio/abc/__pycache__/_tasks.cpython-313-pytest-8.4.2.pyc
874	2026-07-25T23:49:15.0000000000	/mnt/ems-logs/backups/frdm_kinetics_running_snapshot_20260804_231509/opt/kinetics-gateway/venv/lib/python3.13/site-packages/pip/__main__.py
8742	2026-08-01T10:06:25.0000000000	/mnt/ems-logs/backups/frdm_kinetics_running_snapshot_20260804_231509/opt/kinetics-gateway/venv/lib/python3.13/site-packages/pygments/lexers/__pycache__/fortran.cpython-313.pyc
8750	2026-08-01T10:06:21.0000000000	/mnt/ems-logs/backups/frdm_kinetics_running_snapshot_20260804_231509/opt/kinetics-gateway/venv/lib/python3.13/site-packages/pygments/lexers/prql.py
8757	2026-08-01T00:40:27.0000000000	/mnt/ems-logs/backups/frdm_kinetics_running_snapshot_20260804_231509/opt/kinetics-gateway/backend/app/protocols/__pycache__/modbus_tcp.cpython-313.pyc
877	2026-08-01T10:06:21.0000000000	/mnt/ems-logs/backups/frdm_kinetics_running_snapshot_20260804_231509/opt/kinetics-gateway/venv/lib/python3.13/site-packages/pygments/lexers/gcodelexer.py
8786	2026-07-25T23:53:12.0000000000	/mnt/ems-logs/backups/frdm_kinetics_running_snapshot_20260804_231509/opt/kinetics-gateway/venv/lib/python3.13/site-packages/starlette/staticfiles.py
879	2026-08-01T10:06:08.0000000000	/mnt/ems-logs/backups/frdm_kinetics_running_snapshot_20260804_231509/opt/kinetics-gateway/venv/lib/python3.13/site-packages/pip/_vendor/idna/__pycache__/__init__.cpython-313.pyc
8790	2026-07-25T23:53:10.0000000000	/mnt/ems-logs/backups/frdm_kinetics_running_snapshot_20260804_231509/opt/kinetics-gateway/venv/lib/python3.13/site-packages/openpyxl/styles/stylesheet.py
881	2026-07-25T23:53:15.0000000000	/mnt/ems-logs/backups/frdm_kinetics_running_snapshot_20260804_231509/opt/kinetics-gateway/venv/lib/python3.13/site-packages/fastapi/security/__init__.py
882	2026-08-01T10:05:56.0000000000	/mnt/ems-logs/backups/frdm_kinetics_running_snapshot_20260804_231509/opt/kinetics-gateway/venv/lib/python3.13/site-packages/pip/__pycache__/__main__.cpython-313.pyc
88280	2026-08-01T09:57:25.0000000000	/mnt/ems-logs/backups/frdm_kinetics_running_snapshot_20260804_231509/opt/kinetics-gateway/venv/lib/python3.13/site-packages/fastapi/__pycache__/applications.cpython-313.pyc
8840	2026-08-01T10:06:23.0000000000	/mnt/ems-logs/backups/frdm_kinetics_running_snapshot_20260804_231509/opt/kinetics-gateway/venv/lib/python3.13/site-packages/pygments/lexers/__pycache__/_tsql_builtins.cpython-313.pyc
8847	2026-07-25T23:49:15.0000000000	/mnt/ems-logs/backups/frdm_kinetics_running_snapshot_20260804_231509/opt/kinetics-gateway/venv/lib/python3.13/site-packages/pip/_vendor/urllib3/util/ssltransport.py
8849	2026-08-01T10:06:31.0000000000	/mnt/ems-logs/backups/frdm_kinetics_running_snapshot_20260804_231509/opt/kinetics-gateway/venv/lib/python3.13/site-packages/_pytest/_io/terminalwriter.py
8857	2026-07-26T00:10:13.0000000000	/mnt/ems-logs/backups/frdm_kinetics_running_snapshot_20260804_231509/opt/kinetics-gateway/venv/lib/python3.13/site-packages/httpx2/_exceptions.py
8864	2026-07-26T00:10:13.0000000000	/mnt/ems-logs/backups/frdm_kinetics_running_snapshot_20260804_231509/opt/kinetics-gateway/venv/lib/python3.13/site-packages/httpx2/_config.py
8885	2026-07-25T23:53:13.0000000000	/mnt/ems-logs/backups/frdm_kinetics_running_snapshot_20260804_231509/opt/kinetics-gateway/venv/lib/python3.13/site-packages/pydantic/_internal/_mock_val_ser.py
889	2026-07-25T23:53:10.0000000000	/mnt/ems-logs/backups/frdm_kinetics_running_snapshot_20260804_231509/opt/kinetics-gateway/venv/lib/python3.13/site-packages/openpyxl/descriptors/container.py
889	2026-07-25T23:53:10.0000000000	/mnt/ems-logs/backups/frdm_kinetics_running_snapshot_20260804_231509/opt/kinetics-gateway/venv/lib/python3.13/site-packages/openpyxl/utils/exceptions.py
890	2026-07-25T23:49:15.0000000000	/mnt/ems-logs/backups/frdm_kinetics_running_snapshot_20260804_231509/opt/kinetics-gateway/venv/lib/python3.13/site-packages/pip/_vendor/rich/abc.py
8914	2026-07-25T23:49:15.0000000000	/mnt/ems-logs/backups/frdm_kinetics_running_snapshot_20260804_231509/opt/kinetics-gateway/venv/lib/python3.13/site-packages/pip/_vendor/resolvelib/providers.py
892	2026-07-25T23:53:07.0000000000	/mnt/ems-logs/backups/frdm_kinetics_running_snapshot_20260804_231509/opt/kinetics-gateway/venv/lib/python3.13/site-packages/uvloop/handles/tcp.pxd
8922	2026-07-25T23:53:10.0000000000	/mnt/ems-logs/backups/frdm_kinetics_running_snapshot_20260804_231509/opt/kinetics-gateway/venv/lib/python3.13/site-packages/openpyxl/cell/cell.py
8958	2026-08-01T09:57:24.0000000000	/mnt/ems-logs/backups/frdm_kinetics_running_snapshot_20260804_231509/opt/kinetics-gateway/venv/lib/python3.13/site-packages/anyio/__pycache__/lowlevel.cpython-313.pyc
8960	2026-07-25T23:49:15.0000000000	/mnt/ems-logs/backups/frdm_kinetics_running_snapshot_20260804_231509/opt/kinetics-gateway/venv/lib/python3.13/site-packages/pip/_vendor/urllib3/contrib/emscripten/connection.py
897	2026-07-25T23:53:10.0000000000	/mnt/ems-logs/backups/frdm_kinetics_running_snapshot_20260804_231509/opt/kinetics-gateway/venv/lib/python3.13/site-packages/openpyxl/chart/updown_bars.py
8971	2026-07-25T23:53:06.0000000000	/mnt/ems-logs/backups/frdm_kinetics_running_snapshot_20260804_231509/opt/kinetics-gateway/venv/lib/python3.13/site-packages/websockets/asyncio/async_timeout.py
8983	2026-07-25T23:49:15.0000000000	/mnt/ems-logs/backups/frdm_kinetics_running_snapshot_20260804_231509/opt/kinetics-gateway/venv/lib/python3.13/site-packages/pip/_internal/utils/subprocess.py
899	2026-08-01T10:06:21.0000000000	/mnt/ems-logs/backups/frdm_kinetics_running_snapshot_20260804_231509/opt/kinetics-gateway/venv/lib/python3.13/site-packages/pygments/lexers/agile.py
8991	2026-08-01T10:06:11.0000000000	/mnt/ems-logs/backups/frdm_kinetics_running_snapshot_20260804_231509/opt/kinetics-gateway/venv/lib/python3.13/site-packages/pip/_internal/cli/__pycache__/index_command.cpython-313.pyc
9	2026-07-25T23:53:10.0000000000	/mnt/ems-logs/backups/frdm_kinetics_running_snapshot_20260804_231509/opt/kinetics-gateway/venv/lib/python3.13/site-packages/openpyxl-3.1.5.dist-info/top_level.txt
90	2026-07-25T23:53:09.0000000000	/mnt/ems-logs/backups/frdm_kinetics_running_snapshot_20260804_231509/opt/kinetics-gateway/venv/lib/python3.13/site-packages/annotated_doc-0.0.4.dist-info/WHEEL
90	2026-07-25T23:53:10.0000000000	/mnt/ems-logs/backups/frdm_kinetics_running_snapshot_20260804_231509/opt/kinetics-gateway/venv/lib/python3.13/site-packages/openpyxl/packaging/__init__.py
90	2026-07-25T23:53:15.0000000000	/mnt/ems-logs/backups/frdm_kinetics_running_snapshot_20260804_231509/opt/kinetics-gateway/venv/lib/python3.13/site-packages/fastapi-0.140.0.dist-info/WHEEL
9004	2026-07-25T23:53:07.0000000000	/mnt/ems-logs/backups/frdm_kinetics_running_snapshot_20260804_231509/opt/kinetics-gateway/venv/lib/python3.13/site-packages/yaml/resolver.py
9010	2026-07-25T23:49:15.0000000000	/mnt/ems-logs/backups/frdm_kinetics_running_snapshot_20260804_231509/opt/kinetics-gateway/venv/lib/python3.13/site-packages/pip/_internal/wheel_builder.py
90108	2026-08-01T10:06:10.0000000000	/mnt/ems-logs/backups/frdm_kinetics_running_snapshot_20260804_231509/opt/kinetics-gateway/venv/lib/python3.13/site-packages/pip/_vendor/distlib/__pycache__/util.cpython-313.pyc
9013	2026-07-25T23:49:15.0000000000	/mnt/ems-logs/backups/frdm_kinetics_running_snapshot_20260804_231509/opt/kinetics-gateway/venv/lib/python3.13/site-packages/pip/_vendor/platformdirs/android.py
9031	2011-04-06T04:30:00.0000000000	/mnt/ems-logs/backups/frdm_kinetics_running_snapshot_20260804_231509/opt/kinetics-gateway/venv/bin/Activate.ps1
9052	2026-07-25T23:53:13.0000000000	/mnt/ems-logs/backups/frdm_kinetics_running_snapshot_20260804_231509/opt/kinetics-gateway/venv/lib/python3.13/site-packages/pydantic/_internal/_schema_gather.py
9054	2026-08-01T10:06:29.0000000000	/mnt/ems-logs/backups/frdm_kinetics_running_snapshot_20260804_231509/opt/kinetics-gateway/venv/lib/python3.13/site-packages/pygments/lexers/__pycache__/tact.cpython-313.pyc
9055	2026-08-01T09:57:24.0000000000	/mnt/ems-logs/backups/frdm_kinetics_running_snapshot_20260804_231509/opt/kinetics-gateway/venv/lib/python3.13/site-packages/anyio/_core/__pycache__/_contextmanagers.cpython-313.pyc
9072	2026-08-01T10:06:44.0000000000	/mnt/ems-logs/backups/frdm_kinetics_running_snapshot_20260804_231509/opt/kinetics-gateway/venv/lib/python3.13/site-packages/anyio/__pycache__/lowlevel.cpython-313-pytest-8.4.2.pyc
91	2026-07-25T23:53:07.0000000000	/mnt/ems-logs/backups/frdm_kinetics_running_snapshot_20260804_231509/opt/kinetics-gateway/venv/lib/python3.13/site-packages/pyjwt-2.13.0.dist-info/WHEEL
91	2026-07-25T23:53:07.0000000000	/mnt/ems-logs/backups/frdm_kinetics_running_snapshot_20260804_231509/opt/kinetics-gateway/venv/lib/python3.13/site-packages/python_dotenv-1.2.2.dist-info/WHEEL
91	2026-07-25T23:53:08.0000000000	/mnt/ems-logs/backups/frdm_kinetics_running_snapshot_20260804_231509/opt/kinetics-gateway/venv/lib/python3.13/site-packages/et_xmlfile-2.0.0.dist-info/WHEEL
91	2026-07-25T23:53:08.0000000000	/mnt/ems-logs/backups/frdm_kinetics_running_snapshot_20260804_231509/opt/kinetics-gateway/venv/lib/python3.13/site-packages/h11-0.16.0.dist-info/WHEEL
91	2026-07-25T23:53:11.0000000000	/mnt/ems-logs/backups/frdm_kinetics_running_snapshot_20260804_231509/opt/kinetics-gateway/venv/lib/python3.13/site-packages/anyio-4.14.2.dist-info/WHEEL
91	2026-08-01T10:06:30.0000000000	/mnt/ems-logs/backups/frdm_kinetics_running_snapshot_20260804_231509/opt/kinetics-gateway/venv/lib/python3.13/site-packages/pluggy-1.6.0.dist-info/WHEEL
91	2026-08-01T10:06:31.0000000000	/mnt/ems-logs/backups/frdm_kinetics_running_snapshot_20260804_231509/opt/kinetics-gateway/venv/lib/python3.13/site-packages/iniconfig-2.3.0.dist-info/WHEEL
91	2026-08-01T10:06:31.0000000000	/mnt/ems-logs/backups/frdm_kinetics_running_snapshot_20260804_231509/opt/kinetics-gateway/venv/lib/python3.13/site-packages/pytest-8.4.2.dist-info/WHEEL
910	2026-08-01T10:06:09.0000000000	/mnt/ems-logs/backups/frdm_kinetics_running_snapshot_20260804_231509/opt/kinetics-gateway/venv/lib/python3.13/site-packages/pip/_vendor/cachecontrol/__pycache__/__init__.cpython-313.pyc
9102	2026-07-25T23:53:10.0000000000	/mnt/ems-logs/backups/frdm_kinetics_running_snapshot_20260804_231509/opt/kinetics-gateway/venv/lib/python3.13/site-packages/openpyxl/worksheet/dimensions.py
912	2026-08-01T09:57:24.0000000000	/mnt/ems-logs/backups/frdm_kinetics_running_snapshot_20260804_231509/opt/kinetics-gateway/venv/lib/python3.13/site-packages/anyio/_core/__pycache__/_resources.cpython-313.pyc
9122	2026-08-01T10:06:22.0000000000	/mnt/ems-logs/backups/frdm_kinetics_running_snapshot_20260804_231509/opt/kinetics-gateway/venv/lib/python3.13/site-packages/pygments/formatters/__pycache__/svg.cpython-313.pyc
9130	2026-07-27T09:05:59.0000000000	/mnt/ems-logs/backups/frdm_kinetics_running_snapshot_20260804_231509/opt/kinetics-gateway/venv/lib/python3.13/site-packages/serial/urlhandler/protocol_spy.py
91338	2026-07-28T12:13:12.0000000000	/mnt/ems-logs/backups/frdm_kinetics_running_snapshot_20260804_231509/opt/kinetics-gateway/backups/v2_5_1_individual_rack_bcu_20260728_102714/app/services/bms_pcs_control.py
9142	2026-07-25T23:49:15.0000000000	/mnt/ems-logs/backups/frdm_kinetics_running_snapshot_20260804_231509/opt/kinetics-gateway/venv/lib/python3.13/site-packages/pip/_internal/commands/cache.py
915	2026-07-25T23:57:02.0000000000	/mnt/ems-logs/backups/frdm_kinetics_running_snapshot_20260804_231509/opt/kinetics-gateway/venv/bin/activate.csh
916	2026-08-01T10:06:21.0000000000	/mnt/ems-logs/backups/frdm_kinetics_running_snapshot_20260804_231509/opt/kinetics-gateway/venv/lib/python3.13/site-packages/pygments/lexers/web.py
916	2026-08-03T19:57:34.3684907280	/mnt/ems-logs/backups/frdm_kinetics_running_snapshot_20260804_231509/systemd/bess-seven-day-v302.service
91648	2026-07-25T23:49:15.0000000000	/mnt/ems-logs/backups/frdm_kinetics_running_snapshot_20260804_231509/opt/kinetics-gateway/venv/lib/python3.13/site-packages/pip/_vendor/distlib/w32.exe
9167	2026-08-01T10:08:09.0000000000	/mnt/ems-logs/backups/frdm_kinetics_running_snapshot_20260804_231509/opt/kinetics-gateway/backend/tests/__pycache__/test_mock_service.cpython-313-pytest-8.4.2.pyc
9190	2026-07-27T09:05:59.0000000000	/mnt/ems-logs/backups/frdm_kinetics_running_snapshot_20260804_231509/opt/kinetics-gateway/venv/lib/python3.13/site-packages/serial/serialcli.py
920	2026-07-25T23:53:10.0000000000	/mnt/ems-logs/backups/frdm_kinetics_running_snapshot_20260804_231509/opt/kinetics-gateway/venv/lib/python3.13/site-packages/openpyxl/packaging/interface.py
9222	2026-07-25T23:49:15.0000000000	/mnt/ems-logs/backups/frdm_kinetics_running_snapshot_20260804_231509/opt/kinetics-gateway/venv/lib/python3.13/site-packages/pip/_vendor/README.rst
9234	2026-08-01T10:01:22.0000000000	/mnt/ems-logs/backups/frdm_kinetics_running_snapshot_20260804_231509/opt/kinetics-gateway/venv/lib/python3.13/site-packages/pydantic/v1/__pycache__/error_wrappers.cpython-313.pyc
9248	2026-08-01T10:05:58.0000000000	/mnt/ems-logs/backups/frdm_kinetics_running_snapshot_20260804_231509/opt/kinetics-gateway/venv/lib/python3.13/site-packages/pip/_vendor/rich/__pycache__/containers.cpython-313.pyc
9254	2026-08-01T10:05:59.0000000000	/mnt/ems-logs/backups/frdm_kinetics_running_snapshot_20260804_231509/opt/kinetics-gateway/venv/lib/python3.13/site-packages/pip/_vendor/rich/__pycache__/ansi.cpython-313.pyc
9273	2026-08-01T09:57:25.0000000000	/mnt/ems-logs/backups/frdm_kinetics_running_snapshot_20260804_231509/opt/kinetics-gateway/venv/lib/python3.13/site-packages/anyio/_core/__pycache__/_subprocesses.cpython-313.pyc
928	2026-08-01T10:06:21.0000000000	/mnt/ems-logs/backups/frdm_kinetics_running_snapshot_20260804_231509/opt/kinetics-gateway/venv/lib/python3.13/site-packages/pygments/lexers/xorg.py
9281	2026-07-25T23:49:15.0000000000	/mnt/ems-logs/backups/frdm_kinetics_running_snapshot_20260804_231509/opt/kinetics-gateway/venv/lib/python3.13/site-packages/pip/_vendor/platformdirs/api.py
9288	2026-07-25T23:53:10.0000000000	/mnt/ems-logs/backups/frdm_kinetics_running_snapshot_20260804_231509/opt/kinetics-gateway/venv/lib/python3.13/site-packages/openpyxl/formatting/rule.py
929	2026-07-25T23:49:15.0000000000	/mnt/ems-logs/backups/frdm_kinetics_running_snapshot_20260804_231509/opt/kinetics-gateway/venv/lib/python3.13/site-packages/pip/_internal/distributions/installed.py
9292	2026-08-01T10:06:24.0000000000	/mnt/ems-logs/backups/frdm_kinetics_running_snapshot_20260804_231509/opt/kinetics-gateway/venv/lib/python3.13/site-packages/pygments/lexers/__pycache__/archetype.cpython-313.pyc
93	2026-07-25T23:49:15.0000000000	/mnt/ems-logs/backups/frdm_kinetics_running_snapshot_20260804_231509/opt/kinetics-gateway/venv/lib/python3.13/site-packages/pip/_vendor/urllib3/py.typed
9300	2026-08-01T10:06:21.0000000000	/mnt/ems-logs/backups/frdm_kinetics_running_snapshot_20260804_231509/opt/kinetics-gateway/venv/lib/python3.13/site-packages/pygments/lexers/mosel.py
9307	2026-07-25T23:49:15.0000000000	/mnt/ems-logs/backups/frdm_kinetics_running_snapshot_20260804_231509/opt/kinetics-gateway/venv/lib/python3.13/site-packages/pip/_internal/utils/temp_dir.py
9319	2026-07-27T09:05:59.0000000000	/mnt/ems-logs/backups/frdm_kinetics_running_snapshot_20260804_231509/opt/kinetics-gateway/venv/lib/python3.13/site-packages/serial/threaded/__init__.py
933	2026-07-25T23:53:07.0000000000	/mnt/ems-logs/backups/frdm_kinetics_running_snapshot_20260804_231509/opt/kinetics-gateway/venv/lib/python3.13/site-packages/uvloop/handles/pipe.pxd
9354	2026-08-01T10:06:17.0000000000	/mnt/ems-logs/backups/frdm_kinetics_running_snapshot_20260804_231509/opt/kinetics-gateway/venv/lib/python3.13/site-packages/pip/_vendor/resolvelib/__pycache__/providers.cpython-313.pyc
9358	2026-07-25T23:49:15.0000000000	/mnt/ems-logs/backups/frdm_kinetics_running_snapshot_20260804_231509/opt/kinetics-gateway/venv/lib/python3.13/site-packages/pip/_internal/utils/pylock.py
9360	2026-08-01T10:06:22.0000000000	/mnt/ems-logs/backups/frdm_kinetics_running_snapshot_20260804_231509/opt/kinetics-gateway/venv/lib/python3.13/site-packages/pygments/lexers/__pycache__/_css_builtins.cpython-313.pyc
9374	2026-07-25T23:53:07.0000000000	/mnt/ems-logs/backups/frdm_kinetics_running_snapshot_20260804_231509/opt/kinetics-gateway/venv/lib/python3.13/site-packages/jwt/jwks_client.py
9374	2026-07-26T00:10:12.0000000000	/mnt/ems-logs/backups/frdm_kinetics_running_snapshot_20260804_231509/opt/kinetics-gateway/venv/lib/python3.13/site-packages/httpcore2/_synchronization.py
9386	2026-08-01T10:06:31.0000000000	/mnt/ems-logs/backups/frdm_kinetics_running_snapshot_20260804_231509/opt/kinetics-gateway/venv/lib/python3.13/site-packages/_pytest/helpconfig.py
9387	2026-08-01T10:06:45.0000000000	/mnt/ems-logs/backups/frdm_kinetics_running_snapshot_20260804_231509/opt/kinetics-gateway/venv/lib/python3.13/site-packages/anyio/_core/__pycache__/_subprocesses.cpython-313-pytest-8.4.2.pyc
94	2026-07-25T23:49:15.0000000000	/mnt/ems-logs/backups/frdm_kinetics_running_snapshot_20260804_231509/opt/kinetics-gateway/venv/lib/python3.13/site-packages/pip/_vendor/certifi/__init__.py
9401	2026-07-25T23:53:09.0000000000	/mnt/ems-logs/backups/frdm_kinetics_running_snapshot_20260804_231509/opt/kinetics-gateway/venv/lib/python3.13/site-packages/typing_inspection/typing_objects.pyi
94184	2026-08-01T10:06:23.0000000000	/mnt/ems-logs/backups/frdm_kinetics_running_snapshot_20260804_231509/opt/kinetics-gateway/venv/lib/python3.13/site-packages/pygments/lexers/__pycache__/_lilypond_builtins.cpython-313.pyc
94326	2026-08-01T09:57:27.0000000000	/mnt/ems-logs/backups/frdm_kinetics_running_snapshot_20260804_231509/opt/kinetics-gateway/venv/lib/python3.13/site-packages/pydantic/__pycache__/types.cpython-313.pyc
9435	2026-07-25T23:53:10.0000000000	/mnt/ems-logs/backups/frdm_kinetics_running_snapshot_20260804_231509/opt/kinetics-gateway/venv/lib/python3.13/site-packages/openpyxl/drawing/effect.py
944	2026-07-25T23:49:15.0000000000	/mnt/ems-logs/backups/frdm_kinetics_running_snapshot_20260804_231509/opt/kinetics-gateway/venv/lib/python3.13/site-packages/pip/_internal/models/direct_url.py
9451	2026-07-25T23:49:15.0000000000	/mnt/ems-logs/backups/frdm_kinetics_running_snapshot_20260804_231509/opt/kinetics-gateway/venv/lib/python3.13/site-packages/pip/_vendor/rich/tree.py
9459	2026-08-01T10:06:21.0000000000	/mnt/ems-logs/backups/frdm_kinetics_running_snapshot_20260804_231509/opt/kinetics-gateway/venv/lib/python3.13/site-packages/pygments/lexers/sas.py
9474	2026-08-01T10:07:22.0000000000	/mnt/ems-logs/backups/frdm_kinetics_running_snapshot_20260804_231509/opt/kinetics-gateway/venv/lib/python3.13/site-packages/httpx2/__pycache__/_utils.cpython-313.pyc
9507	2026-07-25T23:49:15.0000000000	/mnt/ems-logs/backups/frdm_kinetics_running_snapshot_20260804_231509/opt/kinetics-gateway/venv/lib/python3.13/site-packages/pip/_vendor/urllib3/contrib/emscripten/response.py
9507	2026-08-01T10:05:57.0000000000	/mnt/ems-logs/backups/frdm_kinetics_running_snapshot_20260804_231509/opt/kinetics-gateway/venv/lib/python3.13/site-packages/pip/_internal/cli/__pycache__/autocompletion.cpython-313.pyc
953	2026-08-01T10:06:11.0000000000	/mnt/ems-logs/backups/frdm_kinetics_running_snapshot_20260804_231509/opt/kinetics-gateway/venv/lib/python3.13/site-packages/pip/_vendor/distro/__pycache__/__init__.cpython-313.pyc
9534	2026-08-01T10:06:32.0000000000	/mnt/ems-logs/backups/frdm_kinetics_running_snapshot_20260804_231509/opt/kinetics-gateway/venv/lib/python3.13/site-packages/_pytest/config/__pycache__/findpaths.cpython-313.pyc
955	2026-08-01T10:06:11.0000000000	/mnt/ems-logs/backups/frdm_kinetics_running_snapshot_20260804_231509/opt/kinetics-gateway/venv/lib/python3.13/site-packages/pip/_internal/distributions/__pycache__/__init__.cpython-313.pyc
9553	2026-07-25T23:53:07.0000000000	/mnt/ems-logs/backups/frdm_kinetics_running_snapshot_20260804_231509/opt/kinetics-gateway/venv/lib/python3.13/site-packages/uvloop/handles/basetransport.pyx
9559	2026-07-25T23:49:15.0000000000	/mnt/ems-logs/backups/frdm_kinetics_running_snapshot_20260804_231509/opt/kinetics-gateway/venv/lib/python3.13/site-packages/pip/_vendor/packaging/_manylinux.py
9559	2026-08-01T10:06:30.0000000000	/mnt/ems-logs/backups/frdm_kinetics_running_snapshot_20260804_231509/opt/kinetics-gateway/venv/lib/python3.13/site-packages/packaging/_manylinux.py
9564	2026-07-26T00:10:13.0000000000	/mnt/ems-logs/backups/frdm_kinetics_running_snapshot_20260804_231509/opt/kinetics-gateway/venv/lib/python3.13/site-packages/httpx2/_multipart.py
957	2026-07-27T13:17:02.0000000000	/mnt/ems-logs/backups/frdm_kinetics_running_snapshot_20260804_231509/opt/kinetics-gateway/backend/configs/control_sequence_pair1_template.json
957	2026-07-27T13:17:02.0000000000	/mnt/ems-logs/backups/frdm_kinetics_running_snapshot_20260804_231509/opt/kinetics-gateway/staging/v3_0_0_20260731T161022Z/backend/configs/control_sequence_pair1_template.json
9572	2026-07-25T23:53:10.0000000000	/mnt/ems-logs/backups/frdm_kinetics_running_snapshot_20260804_231509/opt/kinetics-gateway/venv/lib/python3.13/site-packages/openpyxl/writer/excel.py
9579	2026-07-25T23:49:15.0000000000	/mnt/ems-logs/backups/frdm_kinetics_running_snapshot_20260804_231509/opt/kinetics-gateway/venv/lib/python3.13/site-packages/pip/_internal/cli/base_command.py
9579	2026-08-01T09:57:29.0000000000	/mnt/ems-logs/backups/frdm_kinetics_running_snapshot_20260804_231509/opt/kinetics-gateway/venv/lib/python3.13/site-packages/jwt/__pycache__/jwks_client.cpython-313.pyc
958	2026-07-25T23:56:52.0000000000	/mnt/ems-logs/backups/frdm_kinetics_running_snapshot_20260804_231509/opt/kinetics-gateway/backend/tests/test_codec.py
958	2026-07-25T23:56:52.0000000000	/mnt/ems-logs/backups/frdm_kinetics_running_snapshot_20260804_231509/opt/kinetics-gateway/staging/v3_0_0_20260731T161022Z/backend/tests/test_codec.py
958	2026-08-01T10:06:21.0000000000	/mnt/ems-logs/backups/frdm_kinetics_running_snapshot_20260804_231509/opt/kinetics-gateway/venv/lib/python3.13/site-packages/pygments/lexers/_luau_builtins.py
9586	2026-07-25T23:49:15.0000000000	/mnt/ems-logs/backups/frdm_kinetics_running_snapshot_20260804_231509/opt/kinetics-gateway/venv/lib/python3.13/site-packages/pip/_vendor/rich/highlighter.py
961	2026-07-25T23:53:07.0000000000	/mnt/ems-logs/backups/frdm_kinetics_running_snapshot_20260804_231509/opt/kinetics-gateway/venv/lib/python3.13/site-packages/jwt/jwk_set_cache.py
9622	2026-08-01T09:57:24.0000000000	/mnt/ems-logs/backups/frdm_kinetics_running_snapshot_20260804_231509/opt/kinetics-gateway/venv/lib/python3.13/site-packages/anyio/abc/__pycache__/_streams.cpython-313.pyc
9656	2026-07-25T23:49:15.0000000000	/mnt/ems-logs/backups/frdm_kinetics_running_snapshot_20260804_231509/opt/kinetics-gateway/venv/lib/python3.13/site-packages/pip/_vendor/rich/_inspect.py
9658	2026-08-01T10:06:21.0000000000	/mnt/ems-logs/backups/frdm_kinetics_running_snapshot_20260804_231509/opt/kinetics-gateway/venv/lib/python3.13/site-packages/pygments/lexers/felix.py
9670	2026-08-01T10:01:23.0000000000	/mnt/ems-logs/backups/frdm_kinetics_running_snapshot_20260804_231509/opt/kinetics-gateway/venv/lib/python3.13/site-packages/websockets/__pycache__/datastructures.cpython-313.pyc
9688	2026-08-01T10:06:24.0000000000	/mnt/ems-logs/backups/frdm_kinetics_running_snapshot_20260804_231509/opt/kinetics-gateway/venv/lib/python3.13/site-packages/pygments/lexers/__pycache__/arturo.cpython-313.pyc
9689	2026-08-01T10:05:58.0000000000	/mnt/ems-logs/backups/frdm_kinetics_running_snapshot_20260804_231509/opt/kinetics-gateway/venv/lib/python3.13/site-packages/pip/_vendor/rich/__pycache__/default_styles.cpython-313.pyc
9715	2026-08-01T10:05:57.0000000000	/mnt/ems-logs/backups/frdm_kinetics_running_snapshot_20260804_231509/opt/kinetics-gateway/venv/lib/python3.13/site-packages/pip/_vendor/rich/__pycache__/markup.cpython-313.pyc
9736	2026-08-01T10:06:44.0000000000	/mnt/ems-logs/backups/frdm_kinetics_running_snapshot_20260804_231509/opt/kinetics-gateway/venv/lib/python3.13/site-packages/anyio/abc/__pycache__/_streams.cpython-313-pytest-8.4.2.pyc
9755	2026-08-01T10:06:21.0000000000	/mnt/ems-logs/backups/frdm_kinetics_running_snapshot_20260804_231509/opt/kinetics-gateway/venv/lib/python3.13/site-packages/pygments/lexers/lilypond.py
97553	2026-08-01T10:06:22.0000000000	/mnt/ems-logs/backups/frdm_kinetics_running_snapshot_20260804_231509/opt/kinetics-gateway/venv/lib/python3.13/site-packages/pygments/lexers/__pycache__/_cocoa_builtins.cpython-313.pyc
97792	2026-07-25T23:49:15.0000000000	/mnt/ems-logs/backups/frdm_kinetics_running_snapshot_20260804_231509/opt/kinetics-gateway/venv/lib/python3.13/site-packages/pip/_vendor/distlib/t32.exe
9793	2026-07-25T23:53:15.0000000000	/mnt/ems-logs/backups/frdm_kinetics_running_snapshot_20260804_231509/opt/kinetics-gateway/venv/lib/python3.13/site-packages/fastapi/security/api_key.py
98	2026-07-25T23:53:06.0000000000	/mnt/ems-logs/backups/frdm_kinetics_running_snapshot_20260804_231509/opt/kinetics-gateway/venv/lib/python3.13/site-packages/websockets/extensions/__init__.py
981	2026-07-25T23:49:15.0000000000	/mnt/ems-logs/backups/frdm_kinetics_running_snapshot_20260804_231509/opt/kinetics-gateway/venv/lib/python3.13/site-packages/pip/_vendor/distro/__init__.py
9810	2026-08-01T10:06:24.0000000000	/mnt/ems-logs/backups/frdm_kinetics_running_snapshot_20260804_231509/opt/kinetics-gateway/venv/lib/python3.13/site-packages/pygments/lexers/__pycache__/dylan.cpython-313.pyc
9824	2026-08-01T10:06:25.0000000000	/mnt/ems-logs/backups/frdm_kinetics_running_snapshot_20260804_231509/opt/kinetics-gateway/venv/lib/python3.13/site-packages/pygments/lexers/__pycache__/esoteric.cpython-313.pyc
9845	2026-08-01T10:06:08.0000000000	/mnt/ems-logs/backups/frdm_kinetics_running_snapshot_20260804_231509/opt/kinetics-gateway/venv/lib/python3.13/site-packages/pip/_internal/__pycache__/self_outdated_check.cpython-313.pyc
9848	2026-07-25T23:49:15.0000000000	/mnt/ems-logs/backups/frdm_kinetics_running_snapshot_20260804_231509/opt/kinetics-gateway/venv/lib/python3.13/site-packages/pip/_vendor/packaging/utils.py
9848	2026-07-25T23:53:11.0000000000	/mnt/ems-logs/backups/frdm_kinetics_running_snapshot_20260804_231509/opt/kinetics-gateway/venv/lib/python3.13/site-packages/anyio/to_process.py
9848	2026-08-01T10:06:30.0000000000	/mnt/ems-logs/backups/frdm_kinetics_running_snapshot_20260804_231509/opt/kinetics-gateway/venv/lib/python3.13/site-packages/packaging/utils.py
9849	2026-07-26T21:32:06.0000000000	/mnt/ems-logs/backups/frdm_kinetics_running_snapshot_20260804_231509/opt/kinetics-gateway/backend/app/protocols/modbus_rtu.py
9849	2026-07-26T21:32:06.0000000000	/mnt/ems-logs/backups/frdm_kinetics_running_snapshot_20260804_231509/opt/kinetics-gateway/staging/v3_0_0_20260731T161022Z/backend/app/protocols/modbus_rtu.py
985	2026-08-01T10:06:34.0000000000	/mnt/ems-logs/backups/frdm_kinetics_running_snapshot_20260804_231509/opt/kinetics-gateway/venv/lib/python3.13/site-packages/_pytest/__pycache__/tracemalloc.cpython-313.pyc
9852	2026-08-01T09:57:27.0000000000	/mnt/ems-logs/backups/frdm_kinetics_running_snapshot_20260804_231509/opt/kinetics-gateway/venv/lib/python3.13/site-packages/fastapi/_compat/__pycache__/shared.cpython-313.pyc
9854	2026-07-25T23:49:15.0000000000	/mnt/ems-logs/backups/frdm_kinetics_running_snapshot_20260804_231509/opt/kinetics-gateway/venv/lib/python3.13/site-packages/pip/_internal/operations/freeze.py
9867	2026-08-01T10:06:26.0000000000	/mnt/ems-logs/backups/frdm_kinetics_running_snapshot_20260804_231509/opt/kinetics-gateway/venv/lib/python3.13/site-packages/pygments/lexers/__pycache__/kuin.cpython-313.pyc
9885	2026-08-01T10:06:31.0000000000	/mnt/ems-logs/backups/frdm_kinetics_running_snapshot_20260804_231509/opt/kinetics-gateway/venv/lib/python3.13/site-packages/_pytest/mark/__init__.py
989	2026-07-25T23:49:15.0000000000	/mnt/ems-logs/backups/frdm_kinetics_running_snapshot_20260804_231509/opt/kinetics-gateway/venv/lib/python3.13/site-packages/pip-26.1.2.dist-info/licenses/src/pip/_vendor/certifi/LICENSE
989	2026-07-25T23:49:15.0000000000	/mnt/ems-logs/backups/frdm_kinetics_running_snapshot_20260804_231509/opt/kinetics-gateway/venv/lib/python3.13/site-packages/pip/_vendor/certifi/LICENSE
989	2026-07-31T15:09:27.0000000000	/mnt/ems-logs/backups/frdm_kinetics_running_snapshot_20260804_231509/opt/kinetics-gateway/staging/v3_0_0_20260731T161022Z/backend/tests/test_pair_bau_endpoints.py
989	2026-07-31T21:44:51.0000000000	/mnt/ems-logs/backups/frdm_kinetics_running_snapshot_20260804_231509/opt/kinetics-gateway/backups/v3_0_0_incremental_before_20260731T161610Z/tests/test_pair_bau_endpoints.py
989	2026-07-31T21:46:10.0000000000	/mnt/ems-logs/backups/frdm_kinetics_running_snapshot_20260804_231509/opt/kinetics-gateway/backend/tests/test_pair_bau_endpoints.py
9892	2026-08-01T10:06:34.0000000000	/mnt/ems-logs/backups/frdm_kinetics_running_snapshot_20260804_231509/opt/kinetics-gateway/venv/lib/python3.13/site-packages/_pytest/__pycache__/stepwise.cpython-313.pyc
9898	2026-08-01T10:06:17.0000000000	/mnt/ems-logs/backups/frdm_kinetics_running_snapshot_20260804_231509/opt/kinetics-gateway/venv/lib/python3.13/site-packages/pip/_internal/resolution/resolvelib/__pycache__/base.cpython-313.pyc
9923	2026-08-01T10:06:21.0000000000	/mnt/ems-logs/backups/frdm_kinetics_running_snapshot_20260804_231509/opt/kinetics-gateway/venv/lib/python3.13/site-packages/pygments/lexers/d.py
9931	2026-07-25T23:49:15.0000000000	/mnt/ems-logs/backups/frdm_kinetics_running_snapshot_20260804_231509/opt/kinetics-gateway/venv/lib/python3.13/site-packages/pip/_vendor/urllib3/_request_methods.py
9952	2026-07-25T23:49:15.0000000000	/mnt/ems-logs/backups/frdm_kinetics_running_snapshot_20260804_231509/opt/kinetics-gateway/venv/lib/python3.13/site-packages/pip/_vendor/urllib3/exceptions.py
996	2026-07-25T23:53:08.0000000000	/mnt/ems-logs/backups/frdm_kinetics_running_snapshot_20260804_231509/opt/kinetics-gateway/venv/lib/python3.13/site-packages/click/_utils.py
9962	2026-08-01T10:06:08.0000000000	/mnt/ems-logs/backups/frdm_kinetics_running_snapshot_20260804_231509/opt/kinetics-gateway/venv/lib/python3.13/site-packages/pip/_vendor/urllib3/__pycache__/_request_methods.cpython-313.pyc
9971	2026-08-01T10:05:58.0000000000	/mnt/ems-logs/backups/frdm_kinetics_running_snapshot_20260804_231509/opt/kinetics-gateway/venv/lib/python3.13/site-packages/pip/_vendor/rich/__pycache__/highlighter.cpython-313.pyc
