event_id,source_id,bess_id,dominant_state,start_utc,end_utc,duration_sec,row_count,max_score,top_categories,top_reason,max_pcs_phase_voltage_imbalance,max_pcs_phase_current_imbalance,max_pcs_dc_current_vs_bms_current_delta,max_pcs_dc_voltage_vs_bms_voltage_delta,max_bms_cell_voltage_spread,max_bms_temperature_spread,max_pcs_fault_flag_count,max_bms_fault_flag_count
1,external_ems_1,bess_1,warning,2026-08-10T13:31:31.053372+00:00,2026-08-10T13:31:33.053572+00:00,2.0,3,0.6458,data_quality,Telemetry quality is not good,0.6,0.8,0.0,0.0,1.0,1.7,0.0,0.0
2,external_ems_1,bess_1,warning,2026-08-10T17:24:54.285934+00:00,2026-08-10T17:24:54.285934+00:00,0.0,1,0.3819,pcs_phase_current_imbalance;pcs_bms_current_mismatch,PCS phase current imbalance high: 24.0; PCS DC current and BMS current mismatch: 21.8,0.6,24.0,21.8,1.2,2.0,1.6,0.0,0.0
3,external_ems_1,bess_1,warning,2026-08-10T18:48:52.285339+00:00,2026-08-10T18:48:52.285339+00:00,0.0,1,0.4751,pcs_phase_current_imbalance,PCS phase current imbalance high: 28.0,0.2,28.0,0.5,0.6,2.0,1.5,0.0,0.0
4,external_ems_1,bess_1,warning,2026-08-10T19:22:58.295782+00:00,2026-08-10T19:22:58.295782+00:00,0.0,1,0.392,pcs_phase_current_imbalance,PCS phase current imbalance high: 24.5,1.0,24.5,5.6,0.3,3.0,1.6,0.0,0.0
5,external_ems_1,bess_1,warning,2026-08-10T21:24:37.296242+00:00,2026-08-10T21:24:37.296242+00:00,0.0,1,0.3682,pcs_phase_current_imbalance,PCS phase current imbalance high: 23.5,1.1,23.5,18.0,0.2,3.0,1.5,0.0,0.0
6,external_ems_2,bess_2,warning,2026-08-10T13:31:31.053372+00:00,2026-08-10T13:31:35.055322+00:00,4.002,5,0.6458,data_quality,Telemetry quality is not good,0.3,2.1,0.0,0.0,0.0,0.0,0.0,0.0
7,external_ems_1,bess_1,warning,2026-08-11T20:42:59.618670+00:00,2026-08-11T20:42:59.618670+00:00,0.0,1,0.3801,pcs_phase_current_imbalance,PCS phase current imbalance high: 24.0,0.6,24.0,17.5,1.3,1.0,1.6,0.0,0.0
8,external_ems_2,bess_2,warning,2026-08-12T05:34:19.618577+00:00,2026-08-12T05:34:24.619207+00:00,5.001,6,0.4323,pcs_phase_current_imbalance,PCS phase current imbalance high: 26.2,1.0,26.2,13.3,1.3,2.0,1.0,0.0,0.0
9,external_ems_2,bess_2,warning,2026-08-12T06:28:53.630006+00:00,2026-08-12T06:28:54.618693+00:00,0.989,2,0.3681,pcs_phase_current_imbalance;pcs_bms_current_mismatch,PCS phase current imbalance high: 8.6; PCS DC current and BMS current mismatch: 42.9,1.1,8.6,42.9,3.8,2.0,1.1,0.0,0.0
10,external_ems_1,bess_1,warning,2026-08-12T06:28:37.618580+00:00,2026-08-12T06:29:48.619261+00:00,71.001,27,0.6579,pcs_bms_current_mismatch;pcs_phase_current_imbalance;pcs_bms_voltage_mismatch,PCS phase current imbalance high: 24.7,1.2,25.3,75.8,7.4,4.0,2.0,0.0,0.0
11,external_ems_1,bess_1,warning,2026-08-12T21:58:52.618582+00:00,2026-08-12T21:58:52.618582+00:00,0.0,1,0.3611,pcs_phase_current_imbalance,PCS phase current imbalance high: 23.2,0.2,23.2,0.2,0.2,1.0,1.5,0.0,0.0
12,external_ems_2,bess_2,warning,2026-08-12T06:29:43.618944+00:00,2026-08-12T06:29:49.618575+00:00,6.0,7,0.6947,pcs_phase_current_imbalance;pcs_bms_current_mismatch;pcs_bms_voltage_mismatch,PCS phase current imbalance high: 23.9; PCS DC voltage and BMS voltage mismatch: 9.2; PCS DC current and BMS current mismatch: 60.2,1.0,23.9,60.2,9.2,2.0,1.2,0.0,0.0
13,external_ems_2,bess_2,warning,2026-08-13T08:08:58.630124+00:00,2026-08-13T08:09:37.629401+00:00,38.999,20,0.6566,pcs_phase_current_imbalance;pcs_bms_current_mismatch;pcs_bms_voltage_mismatch,PCS phase current imbalance high: 25.1; PCS DC current and BMS current mismatch: 54.0,1.6,25.1,60.3,7.2,3.0,1.1,0.0,0.0
14,external_ems_1,bess_1,warning,2026-08-13T08:08:10.629190+00:00,2026-08-13T08:09:38.618612+00:00,87.989,35,0.6414,pcs_phase_current_imbalance;pcs_bms_current_mismatch,PCS phase current imbalance high: 23.0,1.6,27.2,64.2,2.7,5.0,1.9,0.0,0.0
15,external_ems_2,bess_2,warning,2026-08-13T08:11:39.618704+00:00,2026-08-13T08:11:42.628817+00:00,3.01,4,0.6549,pcs_phase_current_imbalance;pcs_bms_current_mismatch,PCS phase current imbalance high: 16.8; PCS DC current and BMS current mismatch: 65.1,1.2,16.8,65.1,4.1,1.0,1.2,0.0,0.0
16,external_ems_1,bess_1,warning,2026-08-13T08:11:40.628815+00:00,2026-08-13T08:11:41.618560+00:00,0.99,2,0.6428,pcs_bms_current_mismatch;pcs_bms_voltage_mismatch,PCS DC voltage and BMS voltage mismatch: 5.2; PCS DC current and BMS current mismatch: 72.1,0.6,1.8,72.1,5.2,2.0,1.8,0.0,0.0
17,external_ems_1,bess_1,warning,2026-08-13T08:13:43.618675+00:00,2026-08-13T08:13:46.618577+00:00,3.0,4,0.3745,pcs_phase_current_imbalance;pcs_bms_current_mismatch,PCS phase current imbalance high: 20.1; PCS DC current and BMS current mismatch: 42.2,0.5,20.1,42.2,1.8,1.0,1.9,0.0,0.0
18,external_ems_2,bess_2,warning,2026-08-13T08:13:37.618756+00:00,2026-08-13T08:13:45.618925+00:00,8.0,4,0.6233,pcs_bms_current_mismatch;pcs_phase_current_imbalance;pcs_bms_voltage_mismatch,PCS phase current imbalance high: 9.2; PCS DC current and BMS current mismatch: 44.1,0.6,9.2,58.7,5.4,2.0,1.3,0.0,0.0
19,external_ems_2,bess_2,warning,2026-08-13T08:16:03.629975+00:00,2026-08-13T08:16:04.618626+00:00,0.989,2,0.3535,pcs_phase_current_imbalance;pcs_bms_current_mismatch,PCS phase current imbalance high: 12.7; PCS DC current and BMS current mismatch: 41.6,0.8,12.7,41.6,1.2,1.0,1.2,0.0,0.0
20,external_ems_2,bess_2,warning,2026-08-13T08:16:34.629132+00:00,2026-08-13T08:16:35.618799+00:00,0.99,2,0.5628,pcs_bms_current_mismatch,PCS DC current and BMS current mismatch: 55.1,0.4,5.4,55.1,1.3,2.0,1.1,0.0,0.0
21,external_ems_1,bess_1,warning,2026-08-13T08:15:41.618599+00:00,2026-08-13T08:16:05.618598+00:00,24.0,8,0.6414,pcs_bms_current_mismatch,PCS DC current and BMS current mismatch: 63.4,1.0,4.4,67.5,2.1,3.0,1.9,0.0,0.0
22,external_ems_2,bess_2,warning,2026-08-13T08:18:15.629687+00:00,2026-08-13T08:18:20.618574+00:00,4.989,6,0.3874,pcs_phase_current_imbalance;pcs_bms_current_mismatch,PCS phase current imbalance high: 8.6; PCS DC current and BMS current mismatch: 44.1,1.3,8.6,44.1,0.8,2.0,1.1,0.0,0.0
23,external_ems_1,bess_1,warning,2026-08-13T08:20:50.618570+00:00,2026-08-13T08:20:55.618584+00:00,5.0,6,0.6526,pcs_phase_current_imbalance;pcs_bms_current_mismatch,PCS phase current imbalance high: 50.6; PCS DC current and BMS current mismatch: 30.8,0.4,50.6,30.8,1.4,3.0,1.9,0.0,0.0
24,external_ems_1,bess_1,warning,2026-08-13T08:21:54.629387+00:00,2026-08-13T08:21:59.618598+00:00,4.989,6,0.3516,pcs_phase_current_imbalance,PCS phase current imbalance high: 22.8,1.0,22.8,11.2,0.2,3.0,1.9,0.0,0.0
25,external_ems_2,bess_2,warning,2026-08-13T08:21:50.629616+00:00,2026-08-13T08:21:51.618585+00:00,0.989,2,0.392,pcs_phase_current_imbalance;pcs_bms_current_mismatch,PCS phase current imbalance high: 12.7; PCS DC current and BMS current mismatch: 44.0,1.8,12.7,44.0,2.7,2.0,1.1,0.0,0.0
26,external_ems_2,bess_2,warning,2026-08-13T08:24:10.619172+00:00,2026-08-13T08:24:21.619112+00:00,11.0,10,0.4142,pcs_phase_current_imbalance;pcs_bms_current_mismatch,PCS phase current imbalance high: 24.3,0.8,24.3,45.6,2.9,2.0,1.1,0.0,0.0
27,external_ems_1,bess_1,warning,2026-08-13T08:23:16.628928+00:00,2026-08-13T08:24:50.618570+00:00,93.99,41,0.6241,pcs_phase_current_imbalance;pcs_bms_current_mismatch,PCS phase current imbalance high: 25.3,1.4,26.6,58.3,3.1,4.0,2.0,0.0,0.0
28,external_ems_2,bess_2,warning,2026-08-13T08:25:40.629251+00:00,2026-08-13T08:25:44.628888+00:00,4.0,5,0.5917,pcs_bms_current_mismatch,PCS DC current and BMS current mismatch: 56.9,1.3,6.6,56.9,1.9,2.0,1.2,0.0,0.0
29,external_ems_1,bess_1,warning,2026-08-13T08:25:48.629427+00:00,2026-08-13T08:25:49.619522+00:00,0.99,2,0.6173,pcs_bms_current_mismatch,PCS DC current and BMS current mismatch: 58.5,1.1,7.0,58.5,2.6,3.0,1.9,0.0,0.0
30,external_ems_1,bess_1,warning,2026-08-13T08:26:38.618571+00:00,2026-08-13T08:26:44.618621+00:00,6.0,7,0.4143,pcs_phase_current_imbalance;pcs_bms_current_mismatch,PCS phase current imbalance high: 24.1; PCS DC current and BMS current mismatch: 22.7,0.9,24.1,44.3,0.8,4.0,1.9,0.0,0.0
31,external_ems_2,bess_2,warning,2026-08-13T08:26:29.618579+00:00,2026-08-13T08:26:34.618633+00:00,5.0,6,0.6414,pcs_phase_current_imbalance,PCS phase current imbalance high: 37.8,1.1,37.8,12.3,0.8,2.0,1.3,0.0,0.0
32,external_ems_1,bess_1,warning,2026-08-13T08:27:51.619366+00:00,2026-08-13T08:27:54.618612+00:00,2.999,4,0.4071,pcs_phase_current_imbalance;pcs_bms_current_mismatch,PCS phase current imbalance high: 10.0; PCS DC current and BMS current mismatch: 45.2,0.6,10.0,45.2,1.1,3.0,1.9,0.0,0.0
33,external_ems_1,bess_1,warning,2026-08-13T08:46:47.629695+00:00,2026-08-13T08:46:47.629695+00:00,0.0,1,0.468,pcs_phase_current_imbalance,PCS phase current imbalance high: 27.7,0.7,27.7,9.4,1.0,2.0,2.2,0.0,0.0
34,external_ems_1,bess_1,warning,2026-08-13T15:25:41.618942+00:00,2026-08-13T15:25:41.618942+00:00,0.0,1,0.3753,pcs_phase_current_imbalance,PCS phase current imbalance high: 23.8,0.6,23.8,18.6,1.0,1.0,1.5,0.0,0.0
35,external_ems_2,bess_2,warning,2026-08-13T08:28:44.618581+00:00,2026-08-13T08:28:47.619287+00:00,3.001,4,0.3935,pcs_phase_current_imbalance;pcs_bms_current_mismatch,PCS phase current imbalance high: 10.5; PCS DC current and BMS current mismatch: 44.3,1.4,10.5,44.3,2.1,2.0,1.3,0.0,0.0
36,external_ems_1,bess_1,warning,2026-08-14T04:00:24.618580+00:00,2026-08-14T04:00:33.618581+00:00,9.0,8,0.3784,pcs_bms_current_mismatch;pcs_phase_current_imbalance,PCS phase current imbalance high: 22.7; PCS DC current and BMS current mismatch: 36.9,0.8,22.7,43.6,3.6,2.0,1.6,0.0,0.0
37,external_ems_2,bess_2,warning,2026-08-14T04:02:00.618743+00:00,2026-08-14T04:02:01.630336+00:00,1.012,2,0.3538,pcs_phase_current_imbalance;pcs_bms_current_mismatch,PCS phase current imbalance high: 11.8; PCS DC current and BMS current mismatch: 41.7,1.0,11.8,41.7,0.3,2.0,0.7,0.0,0.0
38,external_ems_2,bess_2,warning,2026-08-14T04:02:53.618932+00:00,2026-08-14T04:03:09.628802+00:00,16.01,10,0.3784,pcs_bms_current_mismatch,PCS DC current and BMS current mismatch: 43.6,0.6,5.8,43.6,1.9,3.0,0.8,0.0,0.0
39,external_ems_2,bess_2,warning,2026-08-14T04:04:45.629776+00:00,2026-08-14T04:04:51.618574+00:00,5.989,7,0.5246,pcs_bms_current_mismatch;pcs_phase_current_imbalance,PCS phase current imbalance high: 13.4; PCS DC current and BMS current mismatch: 52.2,1.9,13.4,52.2,2.5,3.0,0.8,0.0,0.0
40,external_ems_1,bess_1,warning,2026-08-14T04:02:29.628777+00:00,2026-08-14T04:04:09.618681+00:00,99.99,31,0.4681,pcs_phase_current_imbalance;pcs_bms_current_mismatch,PCS phase current imbalance high: 24.1,0.9,24.8,47.6,1.5,3.0,1.6,0.0,0.0
41,external_ems_2,bess_2,warning,2026-08-14T04:05:36.619846+00:00,2026-08-14T04:05:37.618642+00:00,0.999,2,0.4658,pcs_phase_current_imbalance;pcs_bms_current_mismatch,PCS phase current imbalance high: 14.8; PCS DC current and BMS current mismatch: 48.4,2.2,14.8,48.4,1.1,2.0,0.7,0.0,0.0
42,external_ems_2,bess_2,warning,2026-08-14T04:07:23.618560+00:00,2026-08-14T04:07:29.618573+00:00,6.0,7,0.5728,pcs_phase_current_imbalance;pcs_bms_current_mismatch,PCS phase current imbalance high: 12.4; PCS DC current and BMS current mismatch: 55.3,1.0,12.4,55.3,1.1,2.0,0.8,0.0,0.0
43,external_ems_1,bess_1,warning,2026-08-14T04:06:36.629100+00:00,2026-08-14T04:06:42.618953+00:00,5.99,7,0.4015,pcs_phase_current_imbalance,PCS phase current imbalance high: 24.9,1.4,24.9,6.6,0.3,2.0,1.6,0.0,0.0
44,external_ems_2,bess_2,warning,2026-08-14T04:08:52.629114+00:00,2026-08-14T04:08:53.618561+00:00,0.989,2,0.3608,pcs_bms_current_mismatch,PCS DC current and BMS current mismatch: 42.5,0.8,8.0,42.5,2.3,3.0,0.8,0.0,0.0
45,external_ems_1,bess_1,warning,2026-08-14T04:09:04.628687+00:00,2026-08-14T04:10:36.628856+00:00,92.0,21,0.6418,pcs_bms_current_mismatch;pcs_phase_current_imbalance,PCS phase current imbalance high: 9.0; PCS DC current and BMS current mismatch: 53.7,1.0,21.0,62.4,2.1,3.0,1.7,0.0,0.0
46,external_ems_1,bess_1,warning,2026-08-14T04:11:21.629139+00:00,2026-08-14T04:12:11.618574+00:00,49.989,25,0.6004,pcs_phase_current_imbalance;pcs_bms_current_mismatch,PCS phase current imbalance high: 26.1,1.3,26.1,57.3,1.3,3.0,1.6,0.0,0.0
47,external_ems_1,bess_1,warning,2026-08-14T04:12:44.628957+00:00,2026-08-14T04:12:49.618566+00:00,4.99,6,0.5366,pcs_phase_current_imbalance;pcs_bms_current_mismatch,PCS phase current imbalance high: 22.3; PCS DC current and BMS current mismatch: 52.1,0.6,22.3,52.1,1.3,3.0,1.6,0.0,0.0
48,external_ems_2,bess_2,warning,2026-08-14T04:09:37.629063+00:00,2026-08-14T04:09:42.618569+00:00,4.99,6,0.6414,pcs_bms_current_mismatch,PCS DC current and BMS current mismatch: 42.6,1.2,7.5,70.1,3.2,2.0,0.8,0.0,0.0
49,external_ems_1,bess_1,warning,2026-08-14T04:13:43.618587+00:00,2026-08-14T04:14:12.629277+00:00,29.011,7,0.6414,pcs_phase_current_imbalance;pcs_bms_current_mismatch,PCS phase current imbalance high: 19.2; PCS DC current and BMS current mismatch: 48.6,0.7,71.1,48.6,2.4,2.0,1.7,0.0,0.0
50,external_ems_2,bess_2,warning,2026-08-14T04:14:47.628921+00:00,2026-08-14T04:15:58.629854+00:00,71.001,17,0.5824,pcs_phase_current_imbalance;pcs_bms_current_mismatch,PCS phase current imbalance high: 23.3,1.0,23.3,56.1,4.4,3.0,1.0,0.0,0.0
51,external_ems_1,bess_1,warning,2026-08-14T04:14:51.629918+00:00,2026-08-14T04:14:56.618612+00:00,4.989,6,0.6357,pcs_phase_current_imbalance;pcs_bms_current_mismatch,PCS phase current imbalance high: 29.4; PCS DC current and BMS current mismatch: 30.7,1.1,29.4,57.6,4.1,1.0,1.6,0.0,0.0
52,external_ems_1,bess_1,warning,2026-08-14T04:17:04.629649+00:00,2026-08-14T04:17:09.618642+00:00,4.989,6,0.5811,pcs_phase_current_imbalance;pcs_bms_current_mismatch,PCS phase current imbalance high: 31.8; PCS DC current and BMS current mismatch: 35.2,0.9,31.8,35.2,0.8,3.0,1.7,0.0,0.0
53,external_ems_1,bess_1,warning,2026-08-14T04:18:20.630646+00:00,2026-08-14T04:18:25.618566+00:00,4.988,6,0.3748,pcs_phase_current_imbalance;pcs_bms_current_mismatch,PCS phase current imbalance high: 23.6,0.6,23.6,24.1,1.5,2.0,1.7,0.0,0.0
54,external_ems_2,bess_2,warning,2026-08-14T04:17:01.618563+00:00,2026-08-14T04:17:12.618577+00:00,11.0,8,0.6414,pcs_bms_current_mismatch;pcs_phase_current_imbalance,PCS DC current and BMS current mismatch: 62.9,1.2,13.4,62.9,3.0,3.0,1.0,0.0,0.0
55,external_ems_1,bess_1,warning,2026-08-14T04:35:33.629148+00:00,2026-08-14T04:35:52.629145+00:00,19.0,12,0.4971,pcs_phase_current_imbalance;pcs_bms_current_mismatch,PCS phase current imbalance high: 23.0,1.2,23.0,51.0,1.3,4.0,1.7,0.0,0.0
56,external_ems_1,bess_1,warning,2026-08-14T04:44:14.629718+00:00,2026-08-14T04:44:32.628871+00:00,17.999,12,0.5535,pcs_phase_current_imbalance;pcs_bms_current_mismatch,PCS phase current imbalance high: 31.3,0.9,31.3,47.5,3.0,3.0,1.8,0.0,0.0
57,external_ems_1,bess_1,warning,2026-08-14T04:47:05.628752+00:00,2026-08-14T04:47:11.629418+00:00,6.001,7,0.4166,pcs_phase_current_imbalance;pcs_bms_current_mismatch,PCS phase current imbalance high: 24.5,0.9,24.5,43.8,0.1,2.0,1.8,0.0,0.0
58,external_ems_1,bess_1,warning,2026-08-14T04:48:21.619127+00:00,2026-08-14T04:48:33.618593+00:00,11.999,13,0.6489,pcs_phase_current_imbalance;pcs_bms_current_mismatch,PCS phase current imbalance high: 12.9; PCS DC current and BMS current mismatch: 43.9,0.9,17.1,69.4,4.3,3.0,1.7,0.0,0.0
59,external_ems_2,bess_2,warning,2026-08-14T04:44:11.618582+00:00,2026-08-14T04:44:16.628665+00:00,5.01,6,0.6414,pcs_bms_current_mismatch,PCS DC current and BMS current mismatch: 62.0,1.4,6.5,65.7,3.5,1.0,0.9,0.0,0.0
60,external_ems_2,bess_2,warning,2026-08-14T04:52:18.618586+00:00,2026-08-14T04:52:19.629003+00:00,1.01,2,0.3937,pcs_phase_current_imbalance;pcs_bms_current_mismatch,PCS phase current imbalance high: 13.8; PCS DC current and BMS current mismatch: 44.0,1.6,13.8,44.0,0.0,3.0,1.0,0.0,0.0
61,external_ems_1,bess_1,warning,2026-08-14T04:50:09.618571+00:00,2026-08-14T04:50:14.618572+00:00,5.0,6,0.4276,pcs_phase_current_imbalance,PCS phase current imbalance high: 26.0,2.1,26.0,4.0,1.0,3.0,1.8,0.0,0.0
62,external_ems_1,bess_1,warning,2026-08-14T04:53:53.618577+00:00,2026-08-14T04:54:34.628712+00:00,41.01,17,0.4148,pcs_phase_current_imbalance;pcs_bms_current_mismatch,PCS phase current imbalance high: 13.8; PCS DC current and BMS current mismatch: 44.4,1.1,25.4,44.4,1.7,3.0,1.8,0.0,0.0
63,external_ems_2,bess_2,warning,2026-08-14T04:53:22.629183+00:00,2026-08-14T04:53:23.618593+00:00,0.989,2,0.4233,pcs_phase_current_imbalance;pcs_bms_current_mismatch,PCS phase current imbalance high: 11.1; PCS DC current and BMS current mismatch: 46.1,1.4,11.1,46.1,0.9,3.0,1.1,0.0,0.0
64,external_ems_2,bess_2,warning,2026-08-14T04:55:16.618585+00:00,2026-08-14T04:55:17.618570+00:00,1.0,2,0.4083,pcs_phase_current_imbalance;pcs_bms_current_mismatch,PCS phase current imbalance high: 16.0; PCS DC current and BMS current mismatch: 44.7,1.4,16.0,44.7,1.2,2.0,1.0,0.0,0.0
65,external_ems_1,bess_1,warning,2026-08-14T04:55:07.618573+00:00,2026-08-14T04:55:12.618603+00:00,5.0,6,0.6248,pcs_phase_current_imbalance,PCS phase current imbalance high: 34.3,0.5,34.3,15.4,0.5,2.0,1.7,0.0,0.0
66,external_ems_1,bess_1,warning,2026-08-14T04:56:42.629866+00:00,2026-08-14T04:57:02.618591+00:00,19.989,15,0.5676,pcs_bms_current_mismatch;pcs_phase_current_imbalance,PCS phase current imbalance high: 25.2; PCS DC current and BMS current mismatch: 48.1,0.6,25.2,55.4,3.3,4.0,1.8,0.0,0.0
67,external_ems_2,bess_2,warning,2026-08-14T04:56:21.618580+00:00,2026-08-14T04:57:22.618567+00:00,61.0,18,0.6414,pcs_bms_current_mismatch;pcs_phase_current_imbalance,PCS phase current imbalance high: 11.6; PCS DC current and BMS current mismatch: 45.5,1.6,11.6,63.7,4.7,3.0,1.0,0.0,0.0
68,external_ems_1,bess_1,warning,2026-08-14T04:57:45.618581+00:00,2026-08-14T04:58:31.618584+00:00,46.0,12,0.5464,pcs_phase_current_imbalance;pcs_bms_current_mismatch,PCS phase current imbalance high: 15.1; PCS DC current and BMS current mismatch: 44.8,2.2,16.4,53.4,4.2,4.0,1.8,0.0,0.0
69,external_ems_2,bess_2,warning,2026-08-14T04:58:28.630083+00:00,2026-08-14T04:58:32.618573+00:00,3.988,5,0.503,pcs_phase_current_imbalance;pcs_bms_current_mismatch,PCS phase current imbalance high: 17.1; PCS DC current and BMS current mismatch: 50.5,1.0,17.1,50.5,3.7,2.0,1.0,0.0,0.0
70,external_ems_1,bess_1,warning,2026-08-14T04:59:20.618580+00:00,2026-08-14T04:59:25.618565+00:00,5.0,6,0.3682,pcs_phase_current_imbalance;pcs_bms_current_mismatch,PCS phase current imbalance high: 20.2; PCS DC current and BMS current mismatch: 41.3,0.9,20.2,41.8,0.8,3.0,1.8,0.0,0.0
71,external_ems_1,bess_1,warning,2026-08-14T05:00:39.618578+00:00,2026-08-14T05:01:13.618582+00:00,34.0,20,0.4062,pcs_phase_current_imbalance;pcs_bms_current_mismatch,PCS phase current imbalance high: 25.1,1.6,25.1,43.4,2.2,4.0,1.8,0.0,0.0
72,external_ems_2,bess_2,warning,2026-08-14T04:59:55.618563+00:00,2026-08-14T05:00:00.618576+00:00,5.0,6,0.3848,pcs_phase_current_imbalance,PCS phase current imbalance high: 24.2,1.6,24.2,16.1,3.4,3.0,1.0,0.0,0.0
73,external_ems_1,bess_1,warning,2026-08-14T05:05:53.629923+00:00,2026-08-14T05:05:54.618579+00:00,0.989,2,0.388,pcs_phase_current_imbalance;pcs_bms_current_mismatch,PCS phase current imbalance high: 11.1; PCS DC current and BMS current mismatch: 43.9,0.4,11.1,43.9,2.7,3.0,1.8,0.0,0.0
74,external_ems_2,bess_2,warning,2026-08-14T05:17:33.629152+00:00,2026-08-14T05:17:33.629152+00:00,0.0,1,0.6414,pcs_phase_current_imbalance,PCS phase current imbalance high: 43.0,2.2,43.0,5.2,2.0,3.0,1.0,0.0,0.0
75,external_ems_1,bess_1,warning,2026-08-14T05:18:15.629300+00:00,2026-08-14T05:18:54.618584+00:00,38.989,14,0.5003,pcs_phase_current_imbalance;pcs_bms_current_mismatch,PCS phase current imbalance high: 23.5; PCS DC current and BMS current mismatch: 40.0,1.9,23.5,50.8,3.1,5.0,1.9,0.0,0.0
76,external_ems_2,bess_2,warning,2026-08-14T05:18:17.618709+00:00,2026-08-14T05:18:42.618570+00:00,25.0,7,0.4429,pcs_phase_current_imbalance;pcs_bms_current_mismatch,PCS phase current imbalance high: 14.5; PCS DC current and BMS current mismatch: 47.0,2.4,18.8,47.0,1.7,4.0,1.0,0.0,0.0
77,external_ems_2,bess_2,warning,2026-08-14T05:19:27.618575+00:00,2026-08-14T05:19:28.628843+00:00,1.01,2,0.6169,pcs_bms_current_mismatch;pcs_bms_voltage_mismatch,PCS DC voltage and BMS voltage mismatch: 6.8; PCS DC current and BMS current mismatch: 57.7,2.6,2.8,57.7,6.8,4.0,1.1,0.0,0.0
78,external_ems_1,bess_1,warning,2026-08-14T05:19:26.618574+00:00,2026-08-14T05:19:29.618584+00:00,3.0,4,0.3673,pcs_phase_current_imbalance;pcs_bms_current_mismatch;pcs_bms_voltage_mismatch,PCS phase current imbalance high: 12.9; PCS DC voltage and BMS voltage mismatch: 7.8; PCS DC current and BMS current mismatch: 24.3,1.4,12.9,24.3,7.8,4.0,1.8,0.0,0.0
79,external_ems_1,bess_1,warning,2026-08-14T05:22:33.629494+00:00,2026-08-14T05:23:29.618561+00:00,55.989,33,0.6495,pcs_phase_current_imbalance;pcs_bms_current_mismatch,PCS phase current imbalance high: 24.0,1.2,24.4,59.6,3.6,5.0,2.0,0.0,0.0
80,external_ems_1,bess_1,warning,2026-08-14T05:24:02.629676+00:00,2026-08-14T05:24:19.628677+00:00,16.999,12,0.4233,pcs_bms_current_mismatch;pcs_phase_current_imbalance,PCS DC current and BMS current mismatch: 44.7,1.3,24.2,46.4,2.2,5.0,1.9,0.0,0.0
81,external_ems_2,bess_2,warning,2026-08-14T05:22:17.628867+00:00,2026-08-14T05:23:01.618577+00:00,43.99,19,0.6414,pcs_phase_current_imbalance;pcs_bms_current_mismatch,PCS phase current imbalance high: 23.9,1.5,97.1,57.9,3.6,3.0,1.0,0.0,0.0
82,external_ems_1,bess_1,warning,2026-08-14T05:26:46.629337+00:00,2026-08-14T05:26:47.618582+00:00,0.989,2,0.6074,pcs_phase_current_imbalance;pcs_bms_current_mismatch,PCS phase current imbalance high: 9.9; PCS DC current and BMS current mismatch: 57.7,0.5,9.9,57.7,0.3,6.0,2.0,0.0,0.0
83,external_ems_2,bess_2,warning,2026-08-14T05:27:14.618566+00:00,2026-08-14T05:27:20.618684+00:00,6.0,7,0.5054,pcs_phase_current_imbalance;pcs_bms_current_mismatch,PCS phase current imbalance high: 28.7; PCS DC current and BMS current mismatch: 33.2,1.1,28.7,33.2,1.4,3.0,1.1,0.0,0.0
84,external_ems_2,bess_2,warning,2026-08-14T05:28:32.618764+00:00,2026-08-14T05:28:35.618687+00:00,3.0,4,0.3656,pcs_bms_current_mismatch,PCS DC current and BMS current mismatch: 42.8,0.6,6.7,42.8,3.1,3.0,1.1,0.0,0.0
85,external_ems_2,bess_2,warning,2026-08-14T05:30:45.618623+00:00,2026-08-14T05:30:48.618575+00:00,3.0,4,0.6476,pcs_bms_current_mismatch;pcs_bms_voltage_mismatch,PCS DC voltage and BMS voltage mismatch: 5.9; PCS DC current and BMS current mismatch: 61.7,0.7,0.9,61.7,5.9,3.0,1.1,0.0,0.0
86,external_ems_2,bess_2,warning,2026-08-14T05:32:55.618617+00:00,2026-08-14T05:32:56.629483+00:00,1.011,2,0.669,pcs_bms_current_mismatch;pcs_bms_voltage_mismatch,PCS DC voltage and BMS voltage mismatch: 9.0; PCS DC current and BMS current mismatch: 79.5,4.6,5.3,79.5,9.0,2.0,1.1,0.0,0.0
87,external_ems_2,bess_2,warning,2026-08-14T05:34:56.628673+00:00,2026-08-14T05:34:57.618569+00:00,0.99,2,0.6572,pcs_bms_current_mismatch;pcs_bms_voltage_mismatch,PCS DC voltage and BMS voltage mismatch: 7.3; PCS DC current and BMS current mismatch: 67.5,3.2,3.1,67.5,7.3,4.0,1.1,0.0,0.0
88,external_ems_2,bess_2,warning,2026-08-14T05:36:45.618571+00:00,2026-08-14T05:36:49.618576+00:00,4.0,5,0.5169,pcs_phase_voltage_imbalance;pcs_phase_current_imbalance;pcs_bms_current_mismatch;pcs_bms_voltage_mismatch,PCS phase voltage imbalance high: 7.1; PCS phase current imbalance high: 10.9; PCS DC voltage and BMS voltage mismatch: 5.1; PCS DC current and BMS current mismatch: 51.7,7.1,10.9,51.7,5.1,2.0,1.1,0.0,0.0
89,external_ems_2,bess_2,warning,2026-08-14T05:38:51.618726+00:00,2026-08-14T05:38:52.629745+00:00,1.011,2,0.4424,pcs_phase_voltage_imbalance;pcs_bms_current_mismatch;pcs_bms_voltage_mismatch,PCS phase voltage imbalance high: 6.0; PCS DC voltage and BMS voltage mismatch: 5.2; PCS DC current and BMS current mismatch: 47.4,6.0,6.2,47.4,5.2,2.0,1.2,0.0,0.0
90,external_ems_2,bess_2,warning,2026-08-14T05:40:45.618584+00:00,2026-08-14T05:40:51.618691+00:00,6.0,7,0.6621,pcs_bms_current_mismatch;pcs_bms_voltage_mismatch,PCS DC voltage and BMS voltage mismatch: 8.0; PCS DC current and BMS current mismatch: 80.3,0.8,3.6,80.3,8.0,2.0,1.1,0.0,0.0
91,external_ems_2,bess_2,warning,2026-08-14T05:42:41.628689+00:00,2026-08-14T05:42:47.618888+00:00,5.99,7,0.599,pcs_bms_current_mismatch;pcs_bms_voltage_mismatch,PCS DC current and BMS current mismatch: 42.5,2.2,2.9,57.1,5.6,2.0,1.2,0.0,0.0
92,external_ems_2,bess_2,warning,2026-08-14T05:44:40.629365+00:00,2026-08-14T05:44:45.618582+00:00,4.989,6,0.6566,pcs_bms_current_mismatch;pcs_bms_voltage_mismatch,PCS DC voltage and BMS voltage mismatch: 7.2; PCS DC current and BMS current mismatch: 71.6,0.4,0.3,71.6,7.2,2.0,1.2,0.0,0.0
93,external_ems_2,bess_2,warning,2026-08-14T05:46:36.618570+00:00,2026-08-14T05:46:41.629054+00:00,5.01,6,0.6503,pcs_bms_current_mismatch;pcs_bms_voltage_mismatch,PCS DC voltage and BMS voltage mismatch: 6.3; PCS DC current and BMS current mismatch: 61.4,0.5,2.3,61.4,6.3,2.0,1.2,0.0,0.0
94,external_ems_2,bess_2,warning,2026-08-14T05:48:34.618578+00:00,2026-08-14T05:48:42.618588+00:00,8.0,4,0.5438,pcs_bms_current_mismatch;pcs_bms_voltage_mismatch,PCS DC voltage and BMS voltage mismatch: 5.4; PCS DC current and BMS current mismatch: 52.1,0.4,1.5,53.7,5.5,2.0,1.2,0.0,0.0
95,external_ems_2,bess_2,warning,2026-08-14T05:52:36.618813+00:00,2026-08-14T05:52:39.618580+00:00,3.0,4,0.5752,pcs_bms_current_mismatch;pcs_bms_voltage_mismatch,PCS DC voltage and BMS voltage mismatch: 5.4; PCS DC current and BMS current mismatch: 55.7,1.5,3.7,55.7,5.4,1.0,1.1,0.0,0.0
96,external_ems_2,bess_2,warning,2026-08-14T05:54:30.629193+00:00,2026-08-14T05:54:35.618583+00:00,4.989,6,0.6621,pcs_bms_current_mismatch;pcs_bms_voltage_mismatch,PCS DC current and BMS current mismatch: 42.4,1.9,5.0,83.6,8.0,2.0,1.2,0.0,0.0
97,external_ems_2,bess_2,warning,2026-08-14T06:00:23.618665+00:00,2026-08-14T06:00:41.619013+00:00,18.0,6,0.6538,pcs_bms_current_mismatch;pcs_bms_voltage_mismatch,PCS DC voltage and BMS voltage mismatch: 5.3; PCS DC current and BMS current mismatch: 47.6,0.4,1.6,61.0,6.8,2.0,1.3,0.0,0.0
98,external_ems_2,bess_2,warning,2026-08-14T06:04:08.618573+00:00,2026-08-14T06:04:09.618578+00:00,1.0,2,0.6648,pcs_bms_current_mismatch;pcs_bms_voltage_mismatch,PCS DC voltage and BMS voltage mismatch: 8.4; PCS DC current and BMS current mismatch: 80.3,0.3,1.7,80.3,8.4,3.0,1.3,0.0,0.0
99,external_ems_2,bess_2,warning,2026-08-14T06:06:08.618648+00:00,2026-08-14T06:06:09.618574+00:00,1.0,2,0.6538,pcs_bms_current_mismatch;pcs_bms_voltage_mismatch,PCS DC voltage and BMS voltage mismatch: 6.8; PCS DC current and BMS current mismatch: 66.0,0.5,1.7,66.0,6.8,2.0,1.3,0.0,0.0
100,external_ems_2,bess_2,warning,2026-08-14T06:12:02.619370+00:00,2026-08-14T06:12:03.618574+00:00,0.999,2,0.6695,pcs_phase_voltage_imbalance;pcs_bms_current_mismatch;pcs_bms_voltage_mismatch,PCS phase voltage imbalance high: 5.3; PCS DC voltage and BMS voltage mismatch: 9.0; PCS DC current and BMS current mismatch: 86.9,5.3,7.2,86.9,9.0,2.0,1.3,0.0,0.0
101,external_ems_2,bess_2,warning,2026-08-14T06:13:56.629707+00:00,2026-08-14T06:14:01.618578+00:00,4.989,6,0.6429,pcs_phase_current_imbalance;pcs_bms_current_mismatch,PCS phase current imbalance high: 9.0; PCS DC current and BMS current mismatch: 63.2,2.2,9.0,63.2,4.9,2.0,1.3,0.0,0.0
102,external_ems_2,bess_2,warning,2026-08-14T06:18:04.629104+00:00,2026-08-14T06:18:08.618560+00:00,3.989,5,0.651,pcs_phase_voltage_imbalance;pcs_bms_current_mismatch;pcs_bms_voltage_mismatch,PCS phase voltage imbalance high: 5.1; PCS DC voltage and BMS voltage mismatch: 5.7; PCS DC current and BMS current mismatch: 63.2,7.9,7.6,63.2,5.7,2.0,1.3,0.0,0.0
103,external_ems_2,bess_2,warning,2026-08-14T06:19:58.628801+00:00,2026-08-14T06:20:03.629083+00:00,5.0,6,0.6586,pcs_bms_current_mismatch;pcs_bms_voltage_mismatch,PCS DC voltage and BMS voltage mismatch: 6.1; PCS DC current and BMS current mismatch: 53.8,2.1,4.7,81.0,7.5,2.0,1.3,0.0,0.0
104,external_ems_2,bess_2,warning,2026-08-14T06:32:31.618574+00:00,2026-08-14T06:32:35.618862+00:00,4.0,5,0.5085,pcs_bms_current_mismatch;pcs_bms_voltage_mismatch,PCS DC voltage and BMS voltage mismatch: 5.5; PCS DC current and BMS current mismatch: 51.5,0.6,2.3,51.5,5.5,3.0,1.4,0.0,0.0
105,external_ems_2,bess_2,warning,2026-08-14T06:37:10.618580+00:00,2026-08-14T06:37:13.618582+00:00,3.0,4,0.4939,pcs_bms_current_mismatch,PCS DC current and BMS current mismatch: 50.8,0.4,0.9,50.8,4.0,2.0,1.3,0.0,0.0
106,external_ems_2,bess_2,warning,2026-08-14T06:39:04.618562+00:00,2026-08-14T06:39:07.629112+00:00,3.011,4,0.402,pcs_bms_current_mismatch;pcs_bms_voltage_mismatch,PCS DC voltage and BMS voltage mismatch: 5.4; PCS DC current and BMS current mismatch: 44.9,0.8,1.6,44.9,5.4,2.0,1.3,0.0,0.0
107,external_ems_2,bess_2,warning,2026-08-14T07:08:47.618576+00:00,2026-08-14T07:08:50.618576+00:00,3.0,4,0.3768,pcs_bms_current_mismatch,PCS DC current and BMS current mismatch: 43.5,2.0,4.0,43.5,4.4,3.0,1.4,0.0,0.0
108,external_ems_2,bess_2,warning,2026-08-14T07:10:47.618577+00:00,2026-08-14T07:10:50.630306+00:00,3.012,4,0.6538,pcs_bms_current_mismatch;pcs_bms_voltage_mismatch,PCS DC voltage and BMS voltage mismatch: 6.8; PCS DC current and BMS current mismatch: 74.6,0.4,2.0,74.6,6.8,4.0,1.5,0.0,0.0
109,external_ems_2,bess_2,warning,2026-08-14T07:12:41.618559+00:00,2026-08-14T07:12:44.618596+00:00,3.0,4,0.3688,pcs_bms_current_mismatch,PCS DC current and BMS current mismatch: 43.0,0.2,2.1,43.0,4.6,5.0,1.5,0.0,0.0
110,external_ems_2,bess_2,warning,2026-08-14T07:14:46.618597+00:00,2026-08-14T07:14:47.629900+00:00,1.011,2,0.5947,pcs_bms_current_mismatch;pcs_bms_voltage_mismatch,PCS DC voltage and BMS voltage mismatch: 6.6; PCS DC current and BMS current mismatch: 56.4,0.4,1.9,56.4,6.6,6.0,1.5,0.0,0.0
111,external_ems_1,bess_1,warning,2026-08-14T05:28:21.618634+00:00,2026-08-14T05:28:26.618636+00:00,5.0,6,0.4637,pcs_phase_current_imbalance;pcs_bms_current_mismatch,PCS phase current imbalance high: 14.5; PCS DC current and BMS current mismatch: 46.6,0.7,14.5,48.3,0.7,6.0,2.0,0.0,0.0
112,external_ems_2,bess_2,warning,2026-08-14T07:22:33.629171+00:00,2026-08-14T07:22:39.618802+00:00,5.99,7,0.6635,pcs_bms_current_mismatch;pcs_bms_voltage_mismatch;bms_cell_voltage_spread,BMS cell voltage spread high: 10.0; PCS DC voltage and BMS voltage mismatch: 6.5; PCS DC current and BMS current mismatch: 60.4,0.4,0.7,60.4,6.5,10.0,1.5,0.0,0.0
113,external_ems_2,bess_2,warning,2026-08-14T08:02:54.618586+00:00,2026-08-14T08:02:55.630132+00:00,1.012,2,0.5479,pcs_bms_current_mismatch;pcs_bms_voltage_mismatch,PCS DC voltage and BMS voltage mismatch: 5.4; PCS DC current and BMS current mismatch: 54.0,3.8,2.2,54.0,5.4,2.0,1.4,0.0,0.0
114,external_ems_2,bess_2,warning,2026-08-14T08:06:48.618574+00:00,2026-08-14T08:06:53.618731+00:00,5.0,6,0.6634,pcs_bms_current_mismatch;pcs_bms_voltage_mismatch,PCS DC voltage and BMS voltage mismatch: 8.2; PCS DC current and BMS current mismatch: 82.5,0.3,0.7,82.5,8.2,2.0,1.5,0.0,0.0
115,external_ems_1,bess_1,warning,2026-08-14T07:45:53.618580+00:00,2026-08-14T07:45:58.618697+00:00,5.0,6,0.3515,pcs_phase_voltage_imbalance,PCS phase voltage imbalance high: 18.7,18.7,0.2,0.2,2.8,1.0,2.0,0.0,0.0
116,external_ems_2,bess_2,warning,2026-08-14T09:55:30.618580+00:00,2026-08-14T09:55:31.629100+00:00,1.011,2,0.4281,pcs_bms_current_mismatch,PCS DC current and BMS current mismatch: 46.7,3.9,1.3,46.7,2.9,1.0,1.5,0.0,0.0
117,external_ems_2,bess_2,warning,2026-08-14T10:11:32.618573+00:00,2026-08-14T10:11:33.629275+00:00,1.011,2,0.6614,pcs_bms_current_mismatch;pcs_bms_voltage_mismatch,PCS DC voltage and BMS voltage mismatch: 7.9; PCS DC current and BMS current mismatch: 73.6,0.3,3.0,73.6,7.9,1.0,1.4,0.0,0.0
118,external_ems_2,bess_2,warning,2026-08-14T10:13:25.618582+00:00,2026-08-14T10:13:26.618568+00:00,1.0,2,0.3576,pcs_bms_current_mismatch,PCS DC current and BMS current mismatch: 42.3,0.9,0.3,42.3,4.7,2.0,1.5,0.0,0.0
119,external_ems_1,bess_1,warning,2026-08-14T10:09:47.618663+00:00,2026-08-14T10:09:47.618663+00:00,0.0,1,0.4079,pcs_phase_voltage_imbalance,PCS phase voltage imbalance high: 20.9,20.9,0.2,0.2,2.7,1.0,2.0,0.0,0.0
120,external_ems_2,bess_2,warning,2026-08-14T10:15:21.618700+00:00,2026-08-14T10:15:24.618558+00:00,3.0,4,0.4554,pcs_bms_current_mismatch,PCS DC current and BMS current mismatch: 48.4,0.6,2.6,48.4,4.6,2.0,1.5,0.0,0.0
121,external_ems_2,bess_2,warning,2026-08-14T11:22:10.619319+00:00,2026-08-14T11:22:10.619319+00:00,0.0,1,0.3643,pcs_phase_voltage_imbalance,PCS phase voltage imbalance high: 19.2,19.2,0.4,8.3,0.5,1.0,1.5,0.0,0.0
122,external_ems_2,bess_2,warning,2026-08-14T11:25:27.628918+00:00,2026-08-14T11:25:32.629309+00:00,5.0,6,0.4287,pcs_phase_voltage_imbalance;pcs_bms_current_mismatch,PCS phase voltage imbalance high: 21.5,21.5,2.5,25.2,2.4,2.0,1.5,0.0,0.0
123,external_ems_1,bess_1,warning,2026-08-14T11:07:31.629536+00:00,2026-08-14T11:07:31.629536+00:00,0.0,1,0.4028,pcs_phase_voltage_imbalance,PCS phase voltage imbalance high: 20.7,20.7,0.2,0.1,2.9,1.0,2.2,0.0,0.0
124,external_ems_2,bess_2,warning,2026-08-14T12:23:36.629265+00:00,2026-08-14T12:23:41.629594+00:00,5.0,6,0.364,pcs_bms_current_mismatch,PCS DC current and BMS current mismatch: 42.7,0.6,1.9,42.7,3.7,1.0,1.5,0.0,0.0
125,external_ems_2,bess_2,warning,2026-08-14T20:35:05.618586+00:00,2026-08-14T20:35:10.618983+00:00,5.0,6,0.5241,pcs_phase_current_imbalance;pcs_bms_current_mismatch,PCS phase current imbalance high: 29.6,2.2,29.6,30.6,2.8,8.0,0.9,0.0,0.0
126,external_ems_2,bess_2,warning,2026-08-14T23:01:09.618566+00:00,2026-08-14T23:01:09.618566+00:00,0.0,1,0.3777,pcs_phase_current_imbalance,PCS phase current imbalance high: 23.9,0.3,23.9,2.0,0.7,1.0,0.9,0.0,0.0
127,external_ems_2,bess_2,warning,2026-08-15T03:14:26.618583+00:00,2026-08-15T03:14:27.628788+00:00,1.01,2,0.6455,pcs_bms_current_mismatch;pcs_bms_voltage_mismatch,PCS DC voltage and BMS voltage mismatch: 5.6; PCS DC current and BMS current mismatch: 62.2,0.3,1.6,62.2,5.6,3.0,0.9,0.0,0.0
128,external_ems_2,bess_2,warning,2026-08-15T03:16:21.619617+00:00,2026-08-15T03:16:56.618684+00:00,34.999,9,0.6517,pcs_bms_current_mismatch;pcs_phase_voltage_imbalance;pcs_bms_voltage_mismatch,PCS phase voltage imbalance high: 18.1; PCS DC current and BMS current mismatch: 41.2,18.1,0.9,60.4,6.5,2.0,0.8,0.0,0.0
129,external_ems_2,bess_2,warning,2026-08-15T03:20:16.618612+00:00,2026-08-15T03:20:19.618589+00:00,3.0,4,0.3544,pcs_bms_current_mismatch,PCS DC current and BMS current mismatch: 42.1,0.4,0.1,42.1,3.1,2.0,0.8,0.0,0.0
130,external_ems_2,bess_2,warning,2026-08-15T03:35:58.629581+00:00,2026-08-15T03:35:59.618574+00:00,0.989,2,0.5019,pcs_bms_current_mismatch;pcs_bms_voltage_mismatch,PCS DC voltage and BMS voltage mismatch: 5.7; PCS DC current and BMS current mismatch: 51.0,0.6,1.6,51.0,5.7,2.0,0.9,0.0,0.0
131,external_ems_2,bess_2,warning,2026-08-15T03:37:58.628662+00:00,2026-08-15T03:37:59.618593+00:00,0.99,2,0.6517,pcs_bms_current_mismatch;pcs_bms_voltage_mismatch,PCS DC voltage and BMS voltage mismatch: 6.5; PCS DC current and BMS current mismatch: 63.5,0.2,2.1,63.5,6.5,3.0,0.9,0.0,0.0
132,external_ems_2,bess_2,warning,2026-08-15T03:39:58.628765+00:00,2026-08-15T03:40:00.618581+00:00,1.99,3,0.6176,pcs_bms_current_mismatch;pcs_bms_voltage_mismatch,PCS DC voltage and BMS voltage mismatch: 5.5; PCS DC current and BMS current mismatch: 58.3,0.5,1.9,58.3,5.5,3.0,0.9,0.0,0.0
133,external_ems_2,bess_2,warning,2026-08-15T03:43:53.629402+00:00,2026-08-15T03:43:59.618578+00:00,5.989,7,0.6082,pcs_bms_current_mismatch;pcs_bms_voltage_mismatch,PCS DC voltage and BMS voltage mismatch: 6.0; PCS DC current and BMS current mismatch: 57.5,0.4,1.0,57.5,6.0,1.0,0.9,0.0,0.0
134,external_ems_2,bess_2,warning,2026-08-15T03:45:49.619324+00:00,2026-08-15T03:45:55.618569+00:00,5.999,7,0.6703,pcs_bms_current_mismatch;pcs_bms_voltage_mismatch,PCS DC voltage and BMS voltage mismatch: 7.2; PCS DC current and BMS current mismatch: 55.0,0.4,2.2,89.4,9.2,2.0,0.9,0.0,0.0
135,external_ems_2,bess_2,warning,2026-08-15T03:47:48.629710+00:00,2026-08-15T03:47:53.618570+00:00,4.989,6,0.6566,pcs_bms_current_mismatch;pcs_bms_voltage_mismatch,PCS DC voltage and BMS voltage mismatch: 6.5; PCS DC current and BMS current mismatch: 63.6,0.5,0.3,66.7,7.2,1.0,0.8,0.0,0.0
136,external_ems_2,bess_2,warning,2026-08-15T03:49:43.618602+00:00,2026-08-15T03:49:53.629523+00:00,10.011,9,0.4696,pcs_bms_current_mismatch;pcs_bms_voltage_mismatch,PCS DC voltage and BMS voltage mismatch: 5.2; PCS DC current and BMS current mismatch: 49.2,0.8,1.7,49.2,5.2,2.0,0.8,0.0,0.0
137,external_ems_2,bess_2,warning,2026-08-15T03:57:36.618590+00:00,2026-08-15T03:57:37.618595+00:00,1.0,2,0.6703,pcs_phase_voltage_imbalance;pcs_bms_current_mismatch;pcs_bms_voltage_mismatch,PCS phase voltage imbalance high: 6.2; PCS DC voltage and BMS voltage mismatch: 8.9; PCS DC current and BMS current mismatch: 82.3,6.2,7.4,82.3,8.9,1.0,0.9,0.0,0.0
138,external_ems_2,bess_2,warning,2026-08-15T03:59:31.618582+00:00,2026-08-15T03:59:36.629012+00:00,5.01,6,0.6538,pcs_bms_current_mismatch;pcs_bms_voltage_mismatch,PCS DC voltage and BMS voltage mismatch: 5.8; PCS DC current and BMS current mismatch: 59.8,1.8,7.1,65.4,6.8,2.0,0.9,0.0,0.0
139,external_ems_2,bess_2,warning,2026-08-15T04:01:34.618605+00:00,2026-08-15T04:01:37.618567+00:00,3.0,4,0.5828,pcs_bms_current_mismatch;pcs_bms_voltage_mismatch,PCS DC voltage and BMS voltage mismatch: 5.8; PCS DC current and BMS current mismatch: 56.0,1.5,3.9,56.0,5.8,1.0,1.0,0.0,0.0
140,external_ems_2,bess_2,warning,2026-08-15T04:03:33.618581+00:00,2026-08-15T04:03:34.629883+00:00,1.011,2,0.6662,pcs_bms_current_mismatch;pcs_bms_voltage_mismatch,PCS DC voltage and BMS voltage mismatch: 8.6; PCS DC current and BMS current mismatch: 79.2,0.4,2.0,79.2,8.6,2.0,1.0,0.0,0.0
141,external_ems_2,bess_2,warning,2026-08-15T04:05:27.629226+00:00,2026-08-15T04:05:32.629004+00:00,5.0,6,0.495,pcs_bms_current_mismatch;pcs_bms_voltage_mismatch,PCS DC voltage and BMS voltage mismatch: 6.1; PCS DC current and BMS current mismatch: 50.4,0.6,0.8,50.4,6.1,2.0,1.0,0.0,0.0
142,external_ems_2,bess_2,warning,2026-08-15T04:07:28.630249+00:00,2026-08-15T04:07:29.619774+00:00,0.99,2,0.6662,pcs_bms_current_mismatch;pcs_bms_voltage_mismatch,PCS DC voltage and BMS voltage mismatch: 8.6; PCS DC current and BMS current mismatch: 79.9,0.8,2.9,79.9,8.6,2.0,1.0,0.0,0.0
143,external_ems_2,bess_2,warning,2026-08-15T04:13:16.618642+00:00,2026-08-15T04:13:22.619169+00:00,6.001,7,0.5697,pcs_bms_current_mismatch;pcs_bms_voltage_mismatch,PCS DC current and BMS current mismatch: 45.1,0.1,0.5,55.1,6.0,2.0,1.0,0.0,0.0
144,external_ems_2,bess_2,warning,2026-08-15T04:15:12.618571+00:00,2026-08-15T04:15:22.618565+00:00,10.0,9,0.6448,pcs_bms_current_mismatch;pcs_bms_voltage_mismatch,PCS DC current and BMS current mismatch: 43.3,0.5,0.9,67.6,5.5,2.0,1.0,0.0,0.0
145,external_ems_2,bess_2,warning,2026-08-15T04:17:11.629670+00:00,2026-08-15T04:17:19.629684+00:00,8.0,4,0.6148,pcs_bms_current_mismatch;pcs_bms_voltage_mismatch,PCS DC current and BMS current mismatch: 42.6,0.4,1.6,57.7,6.5,2.0,1.0,0.0,0.0
146,external_ems_2,bess_2,warning,2026-08-15T04:19:12.618580+00:00,2026-08-15T04:19:17.618753+00:00,5.0,6,0.6414,pcs_bms_current_mismatch,PCS DC current and BMS current mismatch: 64.2,0.5,1.5,64.2,2.5,2.0,1.0,0.0,0.0
147,external_ems_2,bess_2,warning,2026-08-15T04:21:12.629106+00:00,2026-08-15T04:21:13.618589+00:00,0.989,2,0.3656,pcs_bms_current_mismatch,PCS DC current and BMS current mismatch: 42.8,0.6,1.6,42.8,5.0,2.0,1.0,0.0,0.0
148,external_ems_2,bess_2,warning,2026-08-15T04:25:05.618564+00:00,2026-08-15T04:25:06.628673+00:00,1.01,2,0.3928,pcs_bms_current_mismatch,PCS DC current and BMS current mismatch: 44.5,0.9,1.6,44.5,4.7,2.0,1.0,0.0,0.0
149,external_ems_2,bess_2,warning,2026-08-15T04:27:01.618570+00:00,2026-08-15T04:27:07.618588+00:00,6.0,7,0.6552,pcs_bms_current_mismatch;pcs_bms_voltage_mismatch;pcs_phase_current_imbalance,PCS DC voltage and BMS voltage mismatch: 5.3; PCS DC current and BMS current mismatch: 43.4,0.4,18.4,63.6,7.0,2.0,1.0,0.0,0.0
150,external_ems_2,bess_2,warning,2026-08-15T04:29:01.619005+00:00,2026-08-15T04:29:04.618662+00:00,3.0,4,0.3934,pcs_bms_voltage_mismatch,PCS DC voltage and BMS voltage mismatch: 8.1,0.5,1.9,11.6,8.1,2.0,1.0,0.0,0.0
151,external_ems_2,bess_2,warning,2026-08-15T04:30:55.618575+00:00,2026-08-15T04:30:58.618562+00:00,3.0,4,0.4174,pcs_bms_current_mismatch;pcs_bms_voltage_mismatch,PCS DC voltage and BMS voltage mismatch: 5.3; PCS DC current and BMS current mismatch: 45.9,0.2,1.2,45.9,5.3,2.0,1.0,0.0,0.0
152,external_ems_2,bess_2,warning,2026-08-15T04:31:46.629263+00:00,2026-08-15T04:31:49.629019+00:00,3.0,4,0.5275,pcs_bms_current_mismatch,PCS DC current and BMS current mismatch: 52.9,0.4,1.2,52.9,5.0,1.0,1.1,0.0,0.0
153,external_ems_2,bess_2,warning,2026-08-15T04:33:44.618658+00:00,2026-08-15T04:33:45.618581+00:00,1.0,2,0.6593,pcs_bms_current_mismatch;pcs_bms_voltage_mismatch,PCS DC voltage and BMS voltage mismatch: 7.6; PCS DC current and BMS current mismatch: 72.0,0.4,1.4,72.0,7.6,2.0,1.1,0.0,0.0
154,external_ems_2,bess_2,warning,2026-08-15T04:35:38.629693+00:00,2026-08-15T04:35:43.628773+00:00,4.999,6,0.6141,pcs_bms_current_mismatch,PCS DC current and BMS current mismatch: 58.0,0.4,0.7,58.3,4.8,2.0,1.1,0.0,0.0
155,external_ems_2,bess_2,warning,2026-08-15T04:37:34.618577+00:00,2026-08-15T04:37:44.618629+00:00,10.0,9,0.6469,pcs_bms_current_mismatch;pcs_bms_voltage_mismatch,PCS DC voltage and BMS voltage mismatch: 6.3; PCS DC current and BMS current mismatch: 57.4,0.5,1.5,66.2,6.3,2.0,1.1,0.0,0.0
156,external_ems_2,bess_2,warning,2026-08-15T04:43:29.618580+00:00,2026-08-15T04:43:32.618586+00:00,3.0,4,0.3576,pcs_bms_current_mismatch,PCS DC current and BMS current mismatch: 42.3,0.6,1.0,42.3,4.9,1.0,1.1,0.0,0.0
157,external_ems_2,bess_2,warning,2026-08-15T04:45:29.618760+00:00,2026-08-15T04:45:34.619211+00:00,5.0,6,0.6503,pcs_bms_current_mismatch;pcs_bms_voltage_mismatch,PCS DC current and BMS current mismatch: 45.6,4.3,5.4,61.8,6.3,3.0,1.1,0.0,0.0
158,external_ems_2,bess_2,warning,2026-08-15T04:47:27.618586+00:00,2026-08-15T04:47:32.618583+00:00,5.0,6,0.6648,pcs_bms_current_mismatch;pcs_bms_voltage_mismatch,PCS DC voltage and BMS voltage mismatch: 8.4; PCS DC current and BMS current mismatch: 78.0,1.1,3.1,78.0,8.4,2.0,1.1,0.0,0.0
159,external_ems_2,bess_2,warning,2026-08-15T04:49:23.618560+00:00,2026-08-15T04:49:28.629497+00:00,5.011,6,0.6593,pcs_bms_current_mismatch;pcs_bms_voltage_mismatch,PCS DC voltage and BMS voltage mismatch: 7.6; PCS DC current and BMS current mismatch: 70.5,2.6,2.6,70.5,7.6,1.0,1.2,0.0,0.0
160,external_ems_2,bess_2,warning,2026-08-15T04:51:22.618568+00:00,2026-08-15T04:51:29.618588+00:00,7.0,3,0.5085,pcs_bms_current_mismatch;pcs_bms_voltage_mismatch,PCS DC voltage and BMS voltage mismatch: 5.5; PCS DC current and BMS current mismatch: 51.5,1.3,4.0,51.5,5.5,3.0,1.2,0.0,0.0
161,external_ems_2,bess_2,warning,2026-08-15T04:53:22.619117+00:00,2026-08-15T04:53:27.618582+00:00,4.999,6,0.6205,pcs_bms_current_mismatch,PCS DC current and BMS current mismatch: 58.7,0.4,0.6,58.7,2.3,1.0,1.2,0.0,0.0
162,external_ems_2,bess_2,warning,2026-08-15T04:55:22.628678+00:00,2026-08-15T04:55:22.628678+00:00,0.0,1,0.3669,pcs_phase_voltage_imbalance,PCS phase voltage imbalance high: 19.3,19.3,4.3,7.4,1.0,2.0,1.3,0.0,0.0
163,external_ems_2,bess_2,warning,2026-08-15T04:57:18.618570+00:00,2026-08-15T04:57:22.618788+00:00,4.0,5,0.356,pcs_bms_current_mismatch,PCS DC current and BMS current mismatch: 42.2,1.7,4.9,42.2,3.9,1.0,1.3,0.0,0.0
164,external_ems_2,bess_2,warning,2026-08-15T05:01:04.618568+00:00,2026-08-15T05:01:04.618568+00:00,0.0,1,0.4418,pcs_phase_current_imbalance,PCS phase current imbalance high: 26.6,1.6,26.6,4.4,0.9,2.0,1.3,0.0,0.0
165,external_ems_2,bess_2,warning,2026-08-15T05:05:30.618660+00:00,2026-08-15T05:05:31.629562+00:00,1.011,2,0.5131,pcs_bms_current_mismatch;pcs_bms_voltage_mismatch,PCS DC voltage and BMS voltage mismatch: 5.7; PCS DC current and BMS current mismatch: 51.7,0.4,1.6,51.7,5.7,1.0,1.3,0.0,0.0
166,external_ems_2,bess_2,warning,2026-08-15T05:07:30.629633+00:00,2026-08-15T05:07:31.618860+00:00,0.989,2,0.6545,pcs_bms_current_mismatch;pcs_bms_voltage_mismatch,PCS DC voltage and BMS voltage mismatch: 6.9; PCS DC current and BMS current mismatch: 65.5,0.4,1.6,65.5,6.9,3.0,1.3,0.0,0.0
167,external_ems_1,bess_1,warning,2026-08-14T12:29:28.618567+00:00,2026-08-14T12:29:28.618567+00:00,0.0,1,0.3797,pcs_phase_voltage_imbalance,PCS phase voltage imbalance high: 19.8,19.8,0.2,0.0,2.6,1.0,2.0,0.0,0.0
168,external_ems_2,bess_2,warning,2026-08-15T05:09:19.618572+00:00,2026-08-15T05:09:29.618555+00:00,10.0,9,0.6004,pcs_bms_current_mismatch;pcs_bms_voltage_mismatch,PCS DC voltage and BMS voltage mismatch: 5.9; PCS DC current and BMS current mismatch: 56.8,0.4,3.4,57.1,5.9,1.0,1.3,0.0,0.0
169,external_ems_2,bess_2,warning,2026-08-15T05:17:18.618587+00:00,2026-08-15T05:17:19.630025+00:00,1.011,2,0.6621,pcs_bms_current_mismatch;pcs_bms_voltage_mismatch,PCS DC voltage and BMS voltage mismatch: 8.0; PCS DC current and BMS current mismatch: 75.5,0.2,2.2,75.5,8.0,2.0,1.3,0.0,0.0
170,external_ems_2,bess_2,warning,2026-08-15T05:19:13.619068+00:00,2026-08-15T05:19:17.619256+00:00,4.0,5,0.6545,pcs_bms_current_mismatch;pcs_bms_voltage_mismatch,PCS DC voltage and BMS voltage mismatch: 5.9; PCS DC current and BMS current mismatch: 55.7,0.1,0.4,62.2,6.9,2.0,1.3,0.0,0.0
171,external_ems_2,bess_2,warning,2026-08-15T05:25:03.618570+00:00,2026-08-15T05:25:06.618596+00:00,3.0,4,0.6503,pcs_bms_current_mismatch;pcs_bms_voltage_mismatch,PCS DC voltage and BMS voltage mismatch: 6.3; PCS DC current and BMS current mismatch: 64.1,0.3,0.3,64.1,6.3,1.0,1.3,0.0,0.0
172,external_ems_2,bess_2,warning,2026-08-15T05:31:27.618573+00:00,2026-08-15T05:31:28.629766+00:00,1.011,2,0.671,pcs_bms_current_mismatch;pcs_bms_voltage_mismatch,PCS DC voltage and BMS voltage mismatch: 9.3; PCS DC current and BMS current mismatch: 82.1,0.3,2.1,82.1,9.3,2.0,1.3,0.0,0.0
173,external_ems_2,bess_2,warning,2026-08-15T05:33:21.618999+00:00,2026-08-15T05:33:22.629767+00:00,1.011,2,0.6517,pcs_bms_current_mismatch;pcs_bms_voltage_mismatch,PCS DC voltage and BMS voltage mismatch: 6.5; PCS DC current and BMS current mismatch: 61.1,0.5,0.5,61.1,6.5,2.0,1.4,0.0,0.0
174,external_ems_2,bess_2,warning,2026-08-15T05:33:53.618657+00:00,2026-08-15T05:33:54.629089+00:00,1.01,2,0.5555,pcs_bms_current_mismatch;pcs_bms_voltage_mismatch,PCS DC voltage and BMS voltage mismatch: 5.8; PCS DC current and BMS current mismatch: 54.3,0.3,1.7,54.3,5.8,2.0,1.4,0.0,0.0
175,external_ems_2,bess_2,warning,2026-08-15T05:35:49.618621+00:00,2026-08-15T05:35:54.618567+00:00,5.0,6,0.6559,pcs_bms_current_mismatch;pcs_bms_voltage_mismatch,PCS DC voltage and BMS voltage mismatch: 7.0; PCS DC current and BMS current mismatch: 59.8,0.5,1.6,66.5,7.1,2.0,1.4,0.0,0.0
176,external_ems_2,bess_2,warning,2026-08-15T05:37:47.618868+00:00,2026-08-15T05:37:48.629529+00:00,1.011,2,0.6068,pcs_bms_current_mismatch;pcs_bms_voltage_mismatch,PCS DC voltage and BMS voltage mismatch: 5.8; PCS DC current and BMS current mismatch: 57.5,1.0,2.5,57.5,5.8,2.0,1.4,0.0,0.0
177,external_ems_2,bess_2,warning,2026-08-15T05:41:06.630204+00:00,2026-08-15T05:41:10.618554+00:00,3.988,5,0.6655,pcs_bms_current_mismatch;pcs_bms_voltage_mismatch,PCS DC voltage and BMS voltage mismatch: 8.5; PCS DC current and BMS current mismatch: 85.9,1.1,3.7,85.9,8.5,1.0,1.3,0.0,0.0
178,external_ems_2,bess_2,warning,2026-08-15T05:43:01.618583+00:00,2026-08-15T05:43:04.619065+00:00,3.0,4,0.6419,pcs_bms_current_mismatch;pcs_bms_voltage_mismatch,PCS DC voltage and BMS voltage mismatch: 8.1; PCS DC current and BMS current mismatch: 58.7,2.5,2.0,58.7,8.1,2.0,1.5,0.0,0.0
179,external_ems_2,bess_2,warning,2026-08-15T05:46:56.618795+00:00,2026-08-15T05:46:59.618585+00:00,3.0,4,0.5626,pcs_bms_current_mismatch;pcs_bms_voltage_mismatch,PCS DC voltage and BMS voltage mismatch: 5.2; PCS DC current and BMS current mismatch: 55.0,0.5,0.5,55.0,5.2,2.0,1.5,0.0,0.0
180,external_ems_2,bess_2,warning,2026-08-15T05:48:54.618569+00:00,2026-08-15T05:48:55.628716+00:00,1.01,2,0.6517,pcs_bms_current_mismatch;pcs_bms_voltage_mismatch,PCS DC voltage and BMS voltage mismatch: 6.5; PCS DC current and BMS current mismatch: 60.1,0.1,2.1,60.1,6.5,2.0,1.6,0.0,0.0
181,external_ems_2,bess_2,warning,2026-08-15T05:52:55.619854+00:00,2026-08-15T05:53:02.618676+00:00,6.999,4,0.6524,pcs_bms_current_mismatch;pcs_bms_voltage_mismatch,PCS DC voltage and BMS voltage mismatch: 6.6; PCS DC current and BMS current mismatch: 66.0,4.6,7.1,66.0,6.6,2.0,1.6,0.0,0.0
182,external_ems_2,bess_2,warning,2026-08-15T05:54:49.629462+00:00,2026-08-15T05:54:54.618555+00:00,4.989,6,0.651,pcs_bms_current_mismatch;pcs_bms_voltage_mismatch,PCS DC voltage and BMS voltage mismatch: 6.4; PCS DC current and BMS current mismatch: 65.4,0.8,3.5,65.4,6.4,2.0,1.6,0.0,0.0
183,external_ems_1,bess_1,warning,2026-08-15T05:17:15.618572+00:00,2026-08-15T05:17:39.618870+00:00,24.0,25,0.669,pcs_fault_or_alarm,PCS fault or alarm flags active: 2.0,0.8,0.3,0.1,2.8,1.0,1.9,2.0,0.0
184,external_ems_2,bess_2,warning,2026-08-15T05:56:44.629367+00:00,2026-08-15T05:56:50.618588+00:00,5.989,7,0.545,pcs_bms_current_mismatch;pcs_bms_voltage_mismatch,PCS DC voltage and BMS voltage mismatch: 5.9; PCS DC current and BMS current mismatch: 53.6,2.1,4.1,53.6,5.9,2.0,1.5,0.0,0.0
185,external_ems_2,bess_2,warning,2026-08-15T05:58:43.618573+00:00,2026-08-15T05:58:50.630100+00:00,7.012,4,0.6545,pcs_bms_current_mismatch;pcs_bms_voltage_mismatch,PCS DC current and BMS current mismatch: 42.3,2.4,3.7,62.7,6.9,2.0,1.5,0.0,0.0
186,external_ems_2,bess_2,warning,2026-08-15T06:00:45.618582+00:00,2026-08-15T06:00:50.618571+00:00,5.0,6,0.6683,pcs_bms_current_mismatch;pcs_bms_voltage_mismatch,PCS DC voltage and BMS voltage mismatch: 7.2; PCS DC current and BMS current mismatch: 52.4,0.5,2.4,74.3,8.9,2.0,1.5,0.0,0.0
187,external_ems_2,bess_2,warning,2026-08-15T06:04:43.618570+00:00,2026-08-15T06:04:44.618574+00:00,1.0,2,0.5757,pcs_bms_current_mismatch;pcs_bms_voltage_mismatch,PCS DC voltage and BMS voltage mismatch: 6.4; PCS DC current and BMS current mismatch: 55.3,0.3,1.5,55.3,6.4,1.0,1.5,0.0,0.0
188,external_ems_2,bess_2,warning,2026-08-15T06:08:37.618523+00:00,2026-08-15T06:08:38.628841+00:00,1.01,2,0.432,pcs_bms_current_mismatch;pcs_bms_voltage_mismatch,PCS DC voltage and BMS voltage mismatch: 5.8; PCS DC current and BMS current mismatch: 46.6,0.3,1.5,46.6,5.8,1.0,1.5,0.0,0.0
189,external_ems_2,bess_2,warning,2026-08-15T06:10:32.629509+00:00,2026-08-15T06:10:37.618576+00:00,4.989,6,0.6338,pcs_bms_current_mismatch;pcs_bms_voltage_mismatch,PCS DC current and BMS current mismatch: 49.8,0.4,0.6,59.1,6.0,2.0,1.5,0.0,0.0
190,external_ems_2,bess_2,warning,2026-08-15T06:12:27.619285+00:00,2026-08-15T06:12:39.618568+00:00,11.999,7,0.6614,pcs_bms_current_mismatch;pcs_bms_voltage_mismatch,PCS DC voltage and BMS voltage mismatch: 5.1; PCS DC current and BMS current mismatch: 50.1,0.4,1.7,70.4,7.9,2.0,1.5,0.0,0.0
191,external_ems_2,bess_2,warning,2026-08-15T06:14:32.618674+00:00,2026-08-15T06:14:37.618583+00:00,5.0,6,0.6586,pcs_bms_current_mismatch;pcs_bms_voltage_mismatch,PCS DC voltage and BMS voltage mismatch: 7.5; PCS DC current and BMS current mismatch: 80.5,0.2,0.2,80.5,7.5,1.0,1.5,0.0,0.0
192,external_ems_2,bess_2,warning,2026-08-15T06:16:28.618782+00:00,2026-08-15T06:16:34.618572+00:00,6.0,7,0.6572,pcs_bms_current_mismatch;pcs_bms_voltage_mismatch,PCS DC voltage and BMS voltage mismatch: 7.3; PCS DC current and BMS current mismatch: 66.2,0.3,2.3,72.9,7.3,2.0,1.5,0.0,0.0
193,external_ems_2,bess_2,warning,2026-08-15T06:18:26.618592+00:00,2026-08-15T06:18:34.629312+00:00,8.011,4,0.5388,pcs_bms_current_mismatch;pcs_bms_voltage_mismatch,PCS DC voltage and BMS voltage mismatch: 5.4; PCS DC current and BMS current mismatch: 46.5,0.5,1.5,53.6,5.4,3.0,1.5,0.0,0.0
194,external_ems_2,bess_2,warning,2026-08-15T06:20:33.628939+00:00,2026-08-15T06:20:34.618583+00:00,0.99,2,0.6738,pcs_bms_current_mismatch;pcs_bms_voltage_mismatch,PCS DC voltage and BMS voltage mismatch: 9.7; PCS DC current and BMS current mismatch: 89.2,0.4,3.0,89.2,9.7,3.0,1.5,0.0,0.0
195,external_ems_2,bess_2,warning,2026-08-15T06:24:22.627283+00:00,2026-08-15T06:24:27.630826+00:00,5.004,6,0.6144,pcs_bms_current_mismatch;pcs_bms_voltage_mismatch,PCS DC voltage and BMS voltage mismatch: 5.1; PCS DC current and BMS current mismatch: 43.2,0.4,2.0,57.8,6.2,1.0,1.5,0.0,0.0
196,external_ems_2,bess_2,warning,2026-08-15T06:28:19.618575+00:00,2026-08-15T06:28:25.628669+00:00,6.01,7,0.6497,pcs_bms_current_mismatch;pcs_bms_voltage_mismatch,PCS DC voltage and BMS voltage mismatch: 6.2; PCS DC current and BMS current mismatch: 70.0,1.6,4.9,70.0,6.2,2.0,1.5,0.0,0.0
197,external_ems_2,bess_2,warning,2026-08-15T06:30:22.618603+00:00,2026-08-15T06:30:25.618941+00:00,3.0,4,0.6545,pcs_bms_current_mismatch;pcs_bms_voltage_mismatch,PCS DC voltage and BMS voltage mismatch: 6.9; PCS DC current and BMS current mismatch: 67.4,0.9,2.7,67.4,6.9,1.0,1.6,0.0,0.0
198,external_ems_2,bess_2,warning,2026-08-15T06:34:16.618717+00:00,2026-08-15T06:34:19.628897+00:00,3.01,4,0.4891,pcs_bms_current_mismatch,PCS DC current and BMS current mismatch: 50.5,0.7,4.0,50.5,4.3,2.0,1.7,0.0,0.0
199,external_ems_2,bess_2,warning,2026-08-15T06:36:10.618607+00:00,2026-08-15T06:36:13.618642+00:00,3.0,4,0.4281,pcs_bms_current_mismatch,PCS DC current and BMS current mismatch: 46.7,1.0,1.5,46.7,4.3,2.0,1.7,0.0,0.0
200,external_ems_2,bess_2,warning,2026-08-15T06:38:10.629128+00:00,2026-08-15T06:38:13.618576+00:00,2.989,4,0.4698,pcs_bms_current_mismatch,PCS DC current and BMS current mismatch: 49.3,0.4,0.6,49.3,4.6,2.0,1.8,0.0,0.0
201,external_ems_2,bess_2,warning,2026-08-15T06:40:08.631072+00:00,2026-08-15T06:40:13.628685+00:00,4.998,6,0.6045,pcs_bms_current_mismatch,PCS DC current and BMS current mismatch: 57.7,0.3,0.2,57.7,0.3,2.0,1.7,0.0,0.0
202,external_ems_2,bess_2,warning,2026-08-15T06:42:03.618574+00:00,2026-08-15T06:42:13.619080+00:00,10.001,9,0.5202,pcs_bms_current_mismatch;pcs_bms_voltage_mismatch,PCS DC voltage and BMS voltage mismatch: 5.8; PCS DC current and BMS current mismatch: 52.1,1.0,1.4,52.1,5.8,2.0,1.7,0.0,0.0
203,external_ems_2,bess_2,warning,2026-08-15T06:44:08.618591+00:00,2026-08-15T06:44:09.618572+00:00,1.0,2,0.6497,pcs_bms_current_mismatch;pcs_bms_voltage_mismatch,PCS DC voltage and BMS voltage mismatch: 6.9; PCS DC current and BMS current mismatch: 59.7,5.0,3.4,59.7,6.9,2.0,1.7,0.0,0.0
204,external_ems_2,bess_2,warning,2026-08-15T06:48:03.629731+00:00,2026-08-15T06:48:07.629048+00:00,3.999,5,0.6593,pcs_bms_current_mismatch;pcs_bms_voltage_mismatch,PCS DC voltage and BMS voltage mismatch: 7.6; PCS DC current and BMS current mismatch: 74.0,0.7,3.2,74.0,7.6,2.0,1.7,0.0,0.0
205,external_ems_2,bess_2,warning,2026-08-15T06:49:57.618860+00:00,2026-08-15T06:50:03.618596+00:00,6.0,7,0.5757,pcs_bms_current_mismatch;pcs_bms_voltage_mismatch,PCS DC voltage and BMS voltage mismatch: 5.8; PCS DC current and BMS current mismatch: 49.7,2.5,3.2,55.6,5.8,3.0,1.7,0.0,0.0
206,external_ems_2,bess_2,warning,2026-08-15T06:51:56.618584+00:00,2026-08-15T06:52:01.629180+00:00,5.011,6,0.6517,pcs_bms_current_mismatch;pcs_bms_voltage_mismatch,PCS DC voltage and BMS voltage mismatch: 6.5; PCS DC current and BMS current mismatch: 64.9,0.2,0.2,64.9,6.5,2.0,1.7,0.0,0.0
207,external_ems_2,bess_2,warning,2026-08-15T06:53:51.630032+00:00,2026-08-15T06:54:01.618842+00:00,9.989,9,0.6641,pcs_bms_current_mismatch;pcs_bms_voltage_mismatch,PCS DC voltage and BMS voltage mismatch: 8.3; PCS DC current and BMS current mismatch: 69.4,0.3,2.1,69.4,8.3,1.0,1.7,0.0,0.0
208,external_ems_2,bess_2,warning,2026-08-15T06:57:50.618571+00:00,2026-08-15T06:57:56.618624+00:00,6.0,7,0.5058,pcs_bms_current_mismatch;pcs_bms_voltage_mismatch,PCS DC current and BMS current mismatch: 47.1,0.3,0.5,51.2,5.8,2.0,1.8,0.0,0.0
209,external_ems_2,bess_2,warning,2026-08-15T07:01:51.618791+00:00,2026-08-15T07:01:52.618562+00:00,1.0,2,0.6731,pcs_bms_current_mismatch;pcs_bms_voltage_mismatch,PCS DC voltage and BMS voltage mismatch: 9.6; PCS DC current and BMS current mismatch: 92.8,0.2,2.4,92.8,9.6,2.0,1.8,0.0,0.0
210,external_ems_2,bess_2,warning,2026-08-15T07:05:45.629204+00:00,2026-08-15T07:05:46.618564+00:00,0.989,2,0.6607,pcs_bms_current_mismatch;pcs_bms_voltage_mismatch,PCS DC voltage and BMS voltage mismatch: 7.8; PCS DC current and BMS current mismatch: 79.1,0.2,2.1,79.1,7.8,2.0,1.7,0.0,0.0
211,external_ems_2,bess_2,warning,2026-08-15T07:07:39.618577+00:00,2026-08-15T07:07:47.618764+00:00,8.0,4,0.4474,pcs_bms_current_mismatch,PCS DC current and BMS current mismatch: 45.3,0.3,2.1,47.9,5.0,2.0,1.8,0.0,0.0
212,external_ems_2,bess_2,warning,2026-08-15T07:11:36.618573+00:00,2026-08-15T07:11:40.629225+00:00,4.011,5,0.4258,pcs_bms_current_mismatch;pcs_bms_voltage_mismatch,PCS DC voltage and BMS voltage mismatch: 5.6; PCS DC current and BMS current mismatch: 46.3,0.9,1.6,46.3,5.6,2.0,1.8,0.0,0.0
213,external_ems_2,bess_2,warning,2026-08-15T07:49:15.629266+00:00,2026-08-15T07:49:16.618596+00:00,0.989,2,0.4403,pcs_bms_current_mismatch;pcs_bms_voltage_mismatch,PCS DC voltage and BMS voltage mismatch: 5.6; PCS DC current and BMS current mismatch: 47.2,0.4,2.1,47.2,5.6,2.0,1.8,0.0,0.0
214,external_ems_2,bess_2,warning,2026-08-15T07:53:16.629018+00:00,2026-08-15T07:53:17.618567+00:00,0.99,2,0.6538,pcs_bms_current_mismatch;pcs_bms_voltage_mismatch,PCS DC voltage and BMS voltage mismatch: 6.8; PCS DC current and BMS current mismatch: 63.8,0.4,1.8,63.8,6.8,3.0,1.8,0.0,0.0
215,external_ems_2,bess_2,warning,2026-08-15T08:05:49.618767+00:00,2026-08-15T08:05:50.629427+00:00,1.011,2,0.6531,pcs_bms_current_mismatch;pcs_bms_voltage_mismatch,PCS DC voltage and BMS voltage mismatch: 6.7; PCS DC current and BMS current mismatch: 62.2,1.9,1.8,62.2,6.7,2.0,1.8,0.0,0.0
216,external_ems_2,bess_2,warning,2026-08-15T08:07:44.618562+00:00,2026-08-15T08:07:48.619081+00:00,4.001,5,0.5026,pcs_bms_current_mismatch;pcs_bms_voltage_mismatch,PCS DC voltage and BMS voltage mismatch: 5.1; PCS DC current and BMS current mismatch: 51.3,0.4,0.3,51.3,5.1,1.0,1.8,0.0,0.0
217,external_ems_2,bess_2,warning,2026-08-15T08:09:38.618955+00:00,2026-08-15T08:09:41.618653+00:00,3.0,4,0.4009,pcs_bms_current_mismatch,PCS DC current and BMS current mismatch: 45.0,0.5,2.5,45.0,4.3,2.0,1.9,0.0,0.0
218,external_ems_2,bess_2,warning,2026-08-15T08:58:40.618581+00:00,2026-08-15T08:58:43.618579+00:00,3.0,4,0.6593,pcs_bms_current_mismatch;pcs_bms_voltage_mismatch,PCS DC voltage and BMS voltage mismatch: 7.6; PCS DC current and BMS current mismatch: 77.6,0.2,0.3,77.6,7.6,4.0,1.6,0.0,0.0
219,external_ems_2,bess_2,warning,2026-08-15T09:02:15.618580+00:00,2026-08-15T09:02:18.618723+00:00,3.0,4,0.4153,pcs_bms_current_mismatch,PCS DC current and BMS current mismatch: 45.9,0.4,0.7,45.9,3.6,4.0,1.6,0.0,0.0
220,external_ems_2,bess_2,warning,2026-08-15T09:04:15.618583+00:00,2026-08-15T09:04:18.618575+00:00,3.0,4,0.6462,pcs_bms_current_mismatch;pcs_bms_voltage_mismatch,PCS DC voltage and BMS voltage mismatch: 5.7; PCS DC current and BMS current mismatch: 68.8,0.5,0.2,68.8,5.7,3.0,1.6,0.0,0.0
221,external_ems_2,bess_2,warning,2026-08-15T09:06:09.618838+00:00,2026-08-15T09:06:13.629428+00:00,4.011,5,0.5731,pcs_bms_current_mismatch;pcs_bms_voltage_mismatch,PCS DC voltage and BMS voltage mismatch: 5.8; PCS DC current and BMS current mismatch: 55.4,2.2,1.9,55.4,5.8,3.0,1.6,0.0,0.0
222,external_ems_2,bess_2,warning,2026-08-15T09:08:14.628708+00:00,2026-08-15T09:08:15.618609+00:00,0.99,2,0.6006,pcs_bms_current_mismatch;pcs_bms_voltage_mismatch,PCS DC voltage and BMS voltage mismatch: 5.6; PCS DC current and BMS current mismatch: 57.2,4.4,4.0,57.2,5.6,5.0,1.6,0.0,0.0
223,external_ems_2,bess_2,warning,2026-08-15T09:10:08.618576+00:00,2026-08-15T09:10:13.629412+00:00,5.011,6,0.4409,pcs_bms_current_mismatch;pcs_bms_voltage_mismatch,PCS DC current and BMS current mismatch: 47.5,0.9,3.3,47.5,5.1,3.0,1.6,0.0,0.0
224,external_ems_2,bess_2,warning,2026-08-15T09:12:08.628683+00:00,2026-08-15T09:12:13.618562+00:00,4.99,6,0.6237,pcs_bms_current_mismatch,PCS DC current and BMS current mismatch: 58.9,1.0,2.9,58.9,3.4,3.0,1.6,0.0,0.0
225,external_ems_2,bess_2,warning,2026-08-15T09:14:03.619015+00:00,2026-08-15T09:14:09.618647+00:00,6.0,7,0.6607,pcs_bms_current_mismatch;pcs_bms_voltage_mismatch,PCS DC current and BMS current mismatch: 46.5,1.3,2.3,74.7,7.8,3.0,1.7,0.0,0.0
226,external_ems_2,bess_2,warning,2026-08-15T09:16:02.629706+00:00,2026-08-15T09:16:09.619370+00:00,6.99,4,0.6497,pcs_bms_current_mismatch;pcs_bms_voltage_mismatch,PCS DC current and BMS current mismatch: 46.1,4.6,4.2,60.1,6.2,3.0,1.7,0.0,0.0
227,external_ems_2,bess_2,warning,2026-08-15T09:19:57.618935+00:00,2026-08-15T09:20:03.618574+00:00,6.0,7,0.3631,pcs_bms_current_mismatch;pcs_bms_voltage_mismatch,PCS DC voltage and BMS voltage mismatch: 5.1; PCS DC current and BMS current mismatch: 42.6,2.7,2.2,42.6,5.1,2.0,1.7,0.0,0.0
228,external_ems_2,bess_2,warning,2026-08-15T09:21:58.618572+00:00,2026-08-15T09:22:03.618565+00:00,5.0,6,0.6531,pcs_bms_current_mismatch;pcs_bms_voltage_mismatch,PCS DC voltage and BMS voltage mismatch: 5.3; PCS DC current and BMS current mismatch: 50.0,1.4,4.1,62.6,6.7,3.0,1.6,0.0,0.0
229,external_ems_2,bess_2,warning,2026-08-15T09:23:58.628700+00:00,2026-08-15T09:24:01.618878+00:00,2.99,4,0.6517,pcs_bms_current_mismatch;pcs_bms_voltage_mismatch,PCS DC voltage and BMS voltage mismatch: 6.5; PCS DC current and BMS current mismatch: 71.8,0.7,0.9,71.8,6.5,4.0,1.6,0.0,0.0
230,external_ems_2,bess_2,warning,2026-08-15T09:25:52.618582+00:00,2026-08-15T09:26:08.618584+00:00,16.0,8,0.4558,pcs_bms_current_mismatch;pcs_bms_voltage_mismatch,PCS DC voltage and BMS voltage mismatch: 5.3; PCS DC current and BMS current mismatch: 48.3,0.6,3.1,48.3,5.3,2.0,1.6,0.0,0.0
231,external_ems_2,bess_2,warning,2026-08-15T09:28:03.628739+00:00,2026-08-15T09:28:04.618575+00:00,0.99,2,0.4169,pcs_bms_current_mismatch,PCS DC current and BMS current mismatch: 46.0,0.4,1.6,46.0,4.9,2.0,1.6,0.0,0.0
232,external_ems_2,bess_2,warning,2026-08-15T09:32:42.618577+00:00,2026-08-15T09:32:54.618568+00:00,12.0,13,0.3902,pcs_phase_voltage_imbalance;pcs_phase_current_imbalance,PCS phase voltage imbalance high: 5.4; PCS phase current imbalance high: 24.4,5.9,24.4,8.0,1.5,3.0,1.6,0.0,0.0
233,external_ems_2,bess_2,warning,2026-08-15T09:42:47.618653+00:00,2026-08-15T09:42:50.618571+00:00,3.0,4,0.3944,pcs_bms_current_mismatch,PCS DC current and BMS current mismatch: 44.6,0.2,0.5,44.6,3.4,6.0,1.8,0.0,0.0
234,external_ems_2,bess_2,warning,2026-08-15T09:44:45.619452+00:00,2026-08-15T09:44:46.619217+00:00,1.0,2,0.4382,pcs_bms_current_mismatch;pcs_bms_voltage_mismatch,PCS DC voltage and BMS voltage mismatch: 5.3; PCS DC current and BMS current mismatch: 47.2,0.1,2.2,47.2,5.3,7.0,1.8,0.0,0.0
235,external_ems_1,bess_1,warning,2026-08-15T05:58:39.629049+00:00,2026-08-15T05:58:39.629049+00:00,0.0,1,0.4284,pcs_phase_voltage_imbalance,PCS phase voltage imbalance high: 21.7,21.7,0.2,0.1,3.2,1.0,1.9,0.0,0.0
236,external_ems_1,bess_1,warning,2026-08-15T11:45:26.618584+00:00,2026-08-15T11:45:26.618584+00:00,0.0,1,0.3694,pcs_phase_voltage_imbalance,PCS phase voltage imbalance high: 19.4,19.4,0.3,0.0,2.8,1.0,2.0,0.0,0.0
237,external_ems_1,bess_1,warning,2026-08-15T12:00:32.629080+00:00,2026-08-15T12:00:32.629080+00:00,0.0,1,0.4567,pcs_phase_voltage_imbalance,PCS phase voltage imbalance high: 22.8,22.8,0.2,0.1,2.8,1.0,2.0,0.0,0.0
238,external_ems_2,bess_2,warning,2026-08-15T09:46:39.618593+00:00,2026-08-15T09:46:40.630357+00:00,1.012,2,0.4361,pcs_bms_current_mismatch,PCS DC current and BMS current mismatch: 47.2,0.5,0.3,47.2,4.2,7.0,1.8,0.0,0.0
239,external_ems_2,bess_2,warning,2026-08-15T14:28:13.629100+00:00,2026-08-15T14:28:13.629100+00:00,0.0,1,0.4941,pcs_phase_current_imbalance,PCS phase current imbalance high: 28.8,0.2,28.8,2.7,0.6,1.0,1.1,0.0,0.0
240,external_ems_1,bess_1,warning,2026-08-15T12:16:34.628678+00:00,2026-08-15T12:16:34.628678+00:00,0.0,1,0.3797,pcs_phase_voltage_imbalance,PCS phase voltage imbalance high: 19.8,19.8,0.2,0.3,2.8,1.0,2.0,0.0,0.0
241,external_ems_2,bess_2,warning,2026-08-15T15:42:46.618559+00:00,2026-08-15T15:42:46.618559+00:00,0.0,1,0.4585,pcs_phase_current_imbalance,PCS phase current imbalance high: 27.3,4.8,27.3,4.5,0.8,1.0,1.0,0.0,0.0
242,external_ems_2,bess_2,warning,2026-08-15T17:00:48.618576+00:00,2026-08-15T17:00:48.618576+00:00,0.0,1,0.4311,pcs_phase_current_imbalance;bms_cell_voltage_spread,PCS phase current imbalance high: 25.9; BMS cell voltage spread high: 9.0,0.3,25.9,9.1,2.1,9.0,1.0,0.0,0.0
243,external_ems_1,bess_1,warning,2026-08-15T15:43:21.629675+00:00,2026-08-15T15:43:21.629675+00:00,0.0,1,0.3797,pcs_phase_voltage_imbalance,PCS phase voltage imbalance high: 19.8,19.8,0.2,0.0,2.7,1.0,1.7,0.0,0.0
244,external_ems_2,bess_2,warning,2026-08-15T17:48:10.628704+00:00,2026-08-15T17:48:10.628704+00:00,0.0,1,0.5511,pcs_phase_current_imbalance,PCS phase current imbalance high: 31.2,0.6,31.2,12.8,2.6,2.0,1.0,0.0,0.0
245,external_ems_2,bess_2,warning,2026-08-15T23:09:05.629505+00:00,2026-08-15T23:09:05.629505+00:00,0.0,1,0.4513,pcs_phase_current_imbalance,PCS phase current imbalance high: 27.0,1.7,27.0,1.8,1.1,1.0,0.8,0.0,0.0
246,external_ems_2,bess_2,warning,2026-08-16T00:53:07.630208+00:00,2026-08-16T00:53:07.630208+00:00,0.0,1,0.3577,pcs_phase_current_imbalance;pcs_bms_current_mismatch,PCS phase current imbalance high: 23.0; PCS DC current and BMS current mismatch: 21.3,0.4,23.0,21.3,2.6,1.0,0.7,0.0,0.0
247,external_ems_2,bess_2,warning,2026-08-16T03:31:28.629495+00:00,2026-08-16T03:31:29.618579+00:00,0.989,2,0.3853,pcs_phase_voltage_imbalance;pcs_bms_current_mismatch,PCS phase voltage imbalance high: 5.3; PCS DC current and BMS current mismatch: 44.0,5.3,2.8,44.0,3.1,1.0,0.7,0.0,0.0
248,external_ems_2,bess_2,warning,2026-08-16T05:49:28.618729+00:00,2026-08-16T05:49:28.618729+00:00,0.0,1,0.5439,pcs_phase_voltage_imbalance,PCS phase voltage imbalance high: 26.2,26.2,3.0,9.7,2.1,1.0,0.9,0.0,0.0
249,external_ems_2,bess_2,warning,2026-08-16T06:01:57.628665+00:00,2026-08-16T06:02:00.618564+00:00,2.99,4,0.4025,pcs_bms_current_mismatch,PCS DC current and BMS current mismatch: 45.1,3.2,2.9,45.1,4.8,2.0,1.0,0.0,0.0
250,external_ems_2,bess_2,warning,2026-08-16T06:04:04.618582+00:00,2026-08-16T06:04:07.618570+00:00,3.0,4,0.6634,pcs_bms_current_mismatch;pcs_bms_voltage_mismatch,PCS DC voltage and BMS voltage mismatch: 8.2; PCS DC current and BMS current mismatch: 81.0,1.2,4.4,81.0,8.2,2.0,0.9,0.0,0.0
251,external_ems_2,bess_2,warning,2026-08-16T06:05:57.618751+00:00,2026-08-16T06:06:03.618572+00:00,6.0,7,0.6531,pcs_bms_current_mismatch;pcs_bms_voltage_mismatch,PCS DC voltage and BMS voltage mismatch: 6.7; PCS DC current and BMS current mismatch: 64.7,2.0,2.7,64.7,6.7,2.0,0.9,0.0,0.0
252,external_ems_2,bess_2,warning,2026-08-16T06:54:55.618574+00:00,2026-08-16T06:54:56.629143+00:00,1.011,2,0.6503,pcs_bms_current_mismatch;pcs_bms_voltage_mismatch,PCS DC voltage and BMS voltage mismatch: 6.3; PCS DC current and BMS current mismatch: 63.4,1.0,1.6,63.4,6.3,5.0,1.0,0.0,0.0
253,external_ems_2,bess_2,warning,2026-08-16T06:57:14.629388+00:00,2026-08-16T06:57:14.629388+00:00,0.0,1,0.4323,pcs_phase_current_imbalance,PCS phase current imbalance high: 26.2,0.5,26.2,1.6,1.2,5.0,1.0,0.0,0.0
254,external_ems_2,bess_2,warning,2026-08-16T07:02:46.618674+00:00,2026-08-16T07:02:49.618800+00:00,3.0,4,0.4698,pcs_bms_current_mismatch,PCS DC current and BMS current mismatch: 49.3,1.1,3.6,49.3,4.6,4.0,1.0,0.0,0.0
255,external_ems_2,bess_2,warning,2026-08-16T07:06:46.618600+00:00,2026-08-16T07:06:49.618640+00:00,3.0,4,0.5663,pcs_bms_current_mismatch;pcs_bms_voltage_mismatch,PCS DC voltage and BMS voltage mismatch: 5.5; PCS DC current and BMS current mismatch: 55.1,0.8,0.9,55.1,5.5,3.0,1.0,0.0,0.0
256,external_ems_2,bess_2,warning,2026-08-16T07:08:38.629893+00:00,2026-08-16T07:08:45.629463+00:00,7.0,4,0.6552,pcs_bms_current_mismatch;pcs_bms_voltage_mismatch,PCS DC current and BMS current mismatch: 51.2,0.6,2.9,60.7,7.0,4.0,1.1,0.0,0.0
257,external_ems_2,bess_2,warning,2026-08-16T07:12:34.628725+00:00,2026-08-16T07:12:39.619192+00:00,4.99,6,0.4265,pcs_bms_current_mismatch,PCS DC current and BMS current mismatch: 46.6,0.5,1.5,46.6,5.0,3.0,1.1,0.0,0.0
258,external_ems_2,bess_2,warning,2026-08-16T07:16:32.629763+00:00,2026-08-16T07:16:37.629194+00:00,4.999,6,0.6662,pcs_bms_current_mismatch;pcs_bms_voltage_mismatch,PCS DC voltage and BMS voltage mismatch: 8.6; PCS DC current and BMS current mismatch: 86.1,0.8,3.2,86.1,8.6,2.0,1.0,0.0,0.0
259,external_ems_2,bess_2,warning,2026-08-16T07:18:27.618575+00:00,2026-08-16T07:18:33.618911+00:00,6.0,7,0.6566,pcs_bms_current_mismatch;pcs_bms_voltage_mismatch,PCS DC voltage and BMS voltage mismatch: 7.2; PCS DC current and BMS current mismatch: 66.5,2.3,3.7,66.5,7.2,2.0,1.0,0.0,0.0
260,external_ems_2,bess_2,warning,2026-08-16T07:20:31.618574+00:00,2026-08-16T07:20:33.618565+00:00,2.0,3,0.4762,pcs_bms_current_mismatch,PCS DC current and BMS current mismatch: 49.7,1.8,1.6,49.7,5.0,3.0,1.0,0.0,0.0
261,external_ems_2,bess_2,warning,2026-08-16T07:24:25.618562+00:00,2026-08-16T07:24:31.618632+00:00,6.0,7,0.6538,pcs_bms_current_mismatch;pcs_bms_voltage_mismatch,PCS DC voltage and BMS voltage mismatch: 6.8; PCS DC current and BMS current mismatch: 64.2,2.2,6.0,64.2,6.8,3.0,1.0,0.0,0.0
262,external_ems_2,bess_2,warning,2026-08-16T07:26:21.618730+00:00,2026-08-16T07:26:27.630089+00:00,6.011,7,0.671,pcs_bms_current_mismatch;pcs_bms_voltage_mismatch,PCS DC voltage and BMS voltage mismatch: 6.2; PCS DC current and BMS current mismatch: 47.1,2.0,4.8,90.0,9.3,2.0,1.0,0.0,0.0
263,external_ems_2,bess_2,warning,2026-08-16T07:28:20.629942+00:00,2026-08-16T07:28:25.618558+00:00,4.989,6,0.6396,pcs_bms_current_mismatch;pcs_bms_voltage_mismatch,PCS DC voltage and BMS voltage mismatch: 6.6; PCS DC current and BMS current mismatch: 59.2,0.9,3.3,59.2,6.6,2.0,1.1,0.0,0.0
264,external_ems_2,bess_2,warning,2026-08-16T07:30:20.629406+00:00,2026-08-16T07:30:21.618576+00:00,0.989,2,0.6648,pcs_bms_current_mismatch;pcs_bms_voltage_mismatch,PCS DC voltage and BMS voltage mismatch: 8.4; PCS DC current and BMS current mismatch: 84.2,2.1,4.8,84.2,8.4,2.0,1.1,0.0,0.0
265,external_ems_2,bess_2,warning,2026-08-16T07:34:18.618562+00:00,2026-08-16T07:34:21.618717+00:00,3.0,4,0.5147,pcs_bms_current_mismatch,PCS DC current and BMS current mismatch: 52.1,0.5,0.6,52.1,3.6,2.0,1.2,0.0,0.0
266,external_ems_1,bess_1,warning,2026-08-15T18:22:52.629285+00:00,2026-08-15T18:22:52.629285+00:00,0.0,1,0.3925,pcs_phase_voltage_imbalance,PCS phase voltage imbalance high: 20.3,20.3,0.2,0.1,3.0,1.0,1.7,0.0,0.0
267,external_ems_2,bess_2,warning,2026-08-16T07:36:16.628674+00:00,2026-08-16T07:36:17.618858+00:00,0.99,2,0.4025,pcs_bms_current_mismatch,PCS DC current and BMS current mismatch: 45.1,0.7,1.7,45.1,4.1,2.0,1.3,0.0,0.0
268,external_ems_2,bess_2,warning,2026-08-16T07:40:06.619190+00:00,2026-08-16T07:40:12.629257+00:00,6.01,7,0.6538,pcs_bms_current_mismatch;pcs_bms_voltage_mismatch,PCS DC voltage and BMS voltage mismatch: 5.4; PCS DC current and BMS current mismatch: 44.6,0.4,2.2,64.5,6.8,2.0,1.3,0.0,0.0
269,external_ems_1,bess_1,warning,2026-08-16T07:36:19.628686+00:00,2026-08-16T07:36:25.618683+00:00,5.99,7,0.669,pcs_fault_or_alarm,PCS fault or alarm flags active: 2.0,0.0,0.2,0.0,3.0,2.0,1.8,2.0,0.0
270,external_ems_2,bess_2,warning,2026-08-16T07:44:04.628851+00:00,2026-08-16T07:44:12.619337+00:00,7.99,3,0.6639,pcs_bms_current_mismatch;pcs_bms_voltage_mismatch;pcs_phase_current_imbalance,PCS DC voltage and BMS voltage mismatch: 7.5; PCS DC current and BMS current mismatch: 68.7,0.6,51.6,68.7,7.5,2.0,1.2,0.0,0.0
271,external_ems_2,bess_2,warning,2026-08-16T07:46:07.618580+00:00,2026-08-16T07:46:10.618573+00:00,3.0,4,0.372,pcs_bms_current_mismatch,PCS DC current and BMS current mismatch: 43.2,0.2,0.3,43.2,4.6,2.0,1.2,0.0,0.0
272,external_ems_2,bess_2,warning,2026-08-16T07:50:05.618580+00:00,2026-08-16T07:50:06.629456+00:00,1.011,2,0.6676,pcs_bms_current_mismatch;pcs_bms_voltage_mismatch,PCS DC voltage and BMS voltage mismatch: 8.8; PCS DC current and BMS current mismatch: 79.6,0.5,1.9,79.6,8.8,2.0,1.2,0.0,0.0
273,external_ems_2,bess_2,warning,2026-08-16T07:51:58.628693+00:00,2026-08-16T07:52:04.618561+00:00,5.99,7,0.5165,pcs_bms_current_mismatch;pcs_bms_voltage_mismatch;pcs_phase_current_imbalance,PCS DC voltage and BMS voltage mismatch: 5.2; PCS DC current and BMS current mismatch: 44.9,0.6,28.6,44.9,5.2,2.0,1.2,0.0,0.0
274,external_ems_2,bess_2,warning,2026-08-16T07:54:01.618566+00:00,2026-08-16T07:54:04.618573+00:00,3.0,4,0.5356,pcs_bms_current_mismatch,PCS DC current and BMS current mismatch: 53.4,0.5,0.9,53.4,4.5,1.0,1.2,0.0,0.0
275,external_ems_2,bess_2,warning,2026-08-16T07:55:55.618580+00:00,2026-08-16T07:56:00.629240+00:00,5.011,6,0.6566,pcs_bms_current_mismatch;pcs_bms_voltage_mismatch,PCS DC voltage and BMS voltage mismatch: 6.4; PCS DC current and BMS current mismatch: 58.3,0.6,1.8,78.2,7.2,2.0,1.2,0.0,0.0
276,external_ems_2,bess_2,warning,2026-08-16T07:57:59.619208+00:00,2026-08-16T07:57:59.619208+00:00,0.0,1,0.4734,pcs_phase_current_imbalance;pcs_bms_current_mismatch,PCS phase current imbalance high: 27.2; PCS DC current and BMS current mismatch: 36.7,0.4,27.2,36.7,3.1,2.0,1.2,0.0,0.0
277,external_ems_2,bess_2,warning,2026-08-16T07:59:49.618573+00:00,2026-08-16T07:59:55.628756+00:00,6.01,7,0.4744,pcs_bms_current_mismatch;pcs_bms_voltage_mismatch,PCS DC current and BMS current mismatch: 47.2,0.5,2.0,49.2,5.9,2.0,1.2,0.0,0.0
278,external_ems_2,bess_2,warning,2026-08-16T08:03:44.618620+00:00,2026-08-16T08:03:55.618583+00:00,11.0,6,0.66,pcs_bms_current_mismatch;pcs_bms_voltage_mismatch,PCS DC voltage and BMS voltage mismatch: 5.7; PCS DC current and BMS current mismatch: 43.5,0.4,1.8,75.3,7.7,2.0,1.3,0.0,0.0
279,external_ems_2,bess_2,warning,2026-08-16T08:05:49.618573+00:00,2026-08-16T08:05:50.629142+00:00,1.011,2,0.3576,pcs_bms_current_mismatch,PCS DC current and BMS current mismatch: 42.3,1.5,4.6,42.3,4.6,2.0,1.3,0.0,0.0
280,external_ems_2,bess_2,warning,2026-08-16T08:08:20.618572+00:00,2026-08-16T08:08:21.618570+00:00,1.0,2,0.6759,pcs_bms_current_mismatch;pcs_bms_voltage_mismatch,PCS DC voltage and BMS voltage mismatch: 10.2; PCS DC current and BMS current mismatch: 84.3,4.2,5.7,84.3,10.2,2.0,1.3,0.0,0.0
281,external_ems_2,bess_2,warning,2026-08-16T08:10:15.618600+00:00,2026-08-16T08:10:34.619310+00:00,19.001,4,0.5169,pcs_bms_current_mismatch;pcs_bms_voltage_mismatch;pcs_phase_current_imbalance;pcs_phase_voltage_imbalance,PCS phase current imbalance high: 9.0; PCS DC voltage and BMS voltage mismatch: 5.1; PCS DC current and BMS current mismatch: 52.1,9.2,9.0,52.1,6.1,3.0,1.4,0.0,0.0
282,external_ems_2,bess_2,warning,2026-08-16T08:12:35.618574+00:00,2026-08-16T08:12:39.618586+00:00,4.0,5,0.5185,pcs_phase_current_imbalance;pcs_bms_current_mismatch,PCS phase current imbalance high: 8.4; PCS DC current and BMS current mismatch: 52.3,3.5,8.4,52.3,5.0,1.0,1.5,0.0,0.0
283,external_ems_2,bess_2,warning,2026-08-16T08:14:29.629070+00:00,2026-08-16T08:14:34.618693+00:00,4.99,6,0.66,pcs_bms_current_mismatch;pcs_bms_voltage_mismatch,PCS DC voltage and BMS voltage mismatch: 5.9; PCS DC current and BMS current mismatch: 52.8,2.0,4.8,78.1,7.7,2.0,1.5,0.0,0.0
284,external_ems_2,bess_2,warning,2026-08-16T08:18:23.619089+00:00,2026-08-16T08:18:35.619442+00:00,12.0,7,0.6683,pcs_bms_current_mismatch;pcs_bms_voltage_mismatch;pcs_phase_voltage_imbalance,PCS DC current and BMS current mismatch: 49.3,6.2,1.8,72.1,8.9,2.0,1.5,0.0,0.0
285,external_ems_2,bess_2,warning,2026-08-16T08:22:24.618583+00:00,2026-08-16T08:22:29.618584+00:00,5.0,6,0.6641,pcs_bms_current_mismatch;pcs_bms_voltage_mismatch,PCS DC voltage and BMS voltage mismatch: 6.8; PCS DC current and BMS current mismatch: 53.9,0.5,1.9,86.0,8.3,2.0,1.4,0.0,0.0
286,external_ems_2,bess_2,warning,2026-08-16T08:24:22.618565+00:00,2026-08-16T08:24:28.618562+00:00,6.0,7,0.6552,pcs_bms_current_mismatch;pcs_bms_voltage_mismatch,PCS DC voltage and BMS voltage mismatch: 7.0; PCS DC current and BMS current mismatch: 74.9,0.2,0.6,74.9,7.0,2.0,1.4,0.0,0.0
287,external_ems_2,bess_2,warning,2026-08-16T08:26:18.618578+00:00,2026-08-16T08:26:23.618583+00:00,5.0,6,0.6036,pcs_bms_current_mismatch;pcs_bms_voltage_mismatch,PCS DC voltage and BMS voltage mismatch: 6.9; PCS DC current and BMS current mismatch: 55.0,0.4,2.4,57.3,6.9,2.0,1.5,0.0,0.0
288,external_ems_2,bess_2,warning,2026-08-16T08:28:17.629095+00:00,2026-08-16T08:28:22.619091+00:00,4.99,6,0.6545,pcs_bms_current_mismatch;pcs_bms_voltage_mismatch,PCS DC voltage and BMS voltage mismatch: 6.9; PCS DC current and BMS current mismatch: 74.5,0.3,0.5,74.5,6.9,2.0,1.5,0.0,0.0
289,external_ems_2,bess_2,warning,2026-08-16T08:30:13.618603+00:00,2026-08-16T08:30:16.628672+00:00,3.01,4,0.4316,pcs_bms_current_mismatch;pcs_bms_voltage_mismatch,PCS DC voltage and BMS voltage mismatch: 5.5; PCS DC current and BMS current mismatch: 46.7,0.4,3.0,46.7,5.5,2.0,1.5,0.0,0.0
290,external_ems_2,bess_2,warning,2026-08-16T08:32:11.630144+00:00,2026-08-16T08:32:18.618583+00:00,6.988,4,0.6075,pcs_bms_current_mismatch;pcs_bms_voltage_mismatch,PCS DC voltage and BMS voltage mismatch: 5.1; PCS DC current and BMS current mismatch: 46.0,0.6,1.8,57.5,5.9,2.0,1.5,0.0,0.0
291,external_ems_2,bess_2,warning,2026-08-16T08:36:13.618633+00:00,2026-08-16T08:36:16.618572+00:00,3.0,4,0.5628,pcs_bms_current_mismatch,PCS DC current and BMS current mismatch: 55.1,0.4,0.8,55.1,4.5,2.0,1.5,0.0,0.0
292,external_ems_2,bess_2,warning,2026-08-16T08:38:06.618575+00:00,2026-08-16T08:38:12.628818+00:00,6.01,7,0.5642,pcs_bms_current_mismatch;pcs_bms_voltage_mismatch,PCS DC voltage and BMS voltage mismatch: 5.6; PCS DC current and BMS current mismatch: 42.9,0.4,2.0,54.5,6.6,1.0,1.4,0.0,0.0
293,external_ems_2,bess_2,warning,2026-08-16T08:42:04.618552+00:00,2026-08-16T08:42:05.629140+00:00,1.011,2,0.4087,pcs_bms_current_mismatch;pcs_bms_voltage_mismatch,PCS DC voltage and BMS voltage mismatch: 5.2; PCS DC current and BMS current mismatch: 45.4,0.2,2.5,45.4,5.2,2.0,1.4,0.0,0.0
294,external_ems_2,bess_2,warning,2026-08-16T08:46:01.628700+00:00,2026-08-16T08:46:04.618888+00:00,2.99,4,0.6469,pcs_bms_current_mismatch;pcs_bms_voltage_mismatch,PCS DC voltage and BMS voltage mismatch: 5.8; PCS DC current and BMS current mismatch: 64.2,0.8,0.7,64.2,5.8,1.0,1.4,0.0,0.0
295,external_ems_1,bess_1,warning,2026-08-16T07:46:01.619446+00:00,2026-08-16T07:46:01.619446+00:00,0.0,1,0.5875,pcs_phase_voltage_imbalance,PCS phase voltage imbalance high: 27.9,27.9,0.2,0.0,2.9,2.0,1.9,0.0,0.0
296,external_ems_2,bess_2,warning,2026-08-16T08:49:58.618580+00:00,2026-08-16T08:49:59.618565+00:00,1.0,2,0.3977,pcs_bms_current_mismatch,PCS DC current and BMS current mismatch: 44.8,0.5,1.6,44.8,4.9,2.0,1.5,0.0,0.0
297,external_ems_2,bess_2,warning,2026-08-16T09:23:07.618621+00:00,2026-08-16T09:23:10.618568+00:00,3.0,4,0.6313,pcs_bms_current_mismatch;pcs_bms_voltage_mismatch,PCS DC voltage and BMS voltage mismatch: 5.4; PCS DC current and BMS current mismatch: 59.2,0.5,0.7,59.2,5.4,6.0,1.5,0.0,0.0
298,external_ems_2,bess_2,warning,2026-08-16T10:58:27.618575+00:00,2026-08-16T10:58:28.630155+00:00,1.012,2,0.6683,pcs_bms_current_mismatch;pcs_bms_voltage_mismatch,PCS DC voltage and BMS voltage mismatch: 8.9; PCS DC current and BMS current mismatch: 68.5,0.3,2.0,68.5,8.9,2.0,1.2,0.0,0.0
299,external_ems_2,bess_2,warning,2026-08-16T11:00:21.619597+00:00,2026-08-16T11:00:26.618668+00:00,4.999,6,0.4634,pcs_bms_current_mismatch,PCS DC current and BMS current mismatch: 46.9,0.3,0.8,48.9,3.0,2.0,1.2,0.0,0.0
300,external_ems_1,bess_1,warning,2026-08-16T08:53:56.618568+00:00,2026-08-16T08:54:14.629319+00:00,18.011,19,0.669,pcs_fault_or_alarm,PCS fault or alarm flags active: 2.0,0.7,0.2,0.2,2.9,2.0,2.0,2.0,0.0
301,external_ems_2,bess_2,warning,2026-08-16T11:02:21.629757+00:00,2026-08-16T11:02:22.619135+00:00,0.989,2,0.6483,pcs_bms_current_mismatch;pcs_bms_voltage_mismatch,PCS DC voltage and BMS voltage mismatch: 6.0; PCS DC current and BMS current mismatch: 64.0,0.6,2.4,64.0,6.0,1.0,1.3,0.0,0.0
302,external_ems_1,bess_1,warning,2026-08-16T11:47:15.618838+00:00,2026-08-16T11:47:15.618838+00:00,0.0,1,0.3617,pcs_phase_voltage_imbalance,PCS phase voltage imbalance high: 19.1,19.1,0.2,0.0,2.9,1.0,1.8,0.0,0.0
303,external_ems_2,bess_2,warning,2026-08-16T15:08:38.618560+00:00,2026-08-16T15:08:38.618560+00:00,0.0,1,0.4822,pcs_phase_current_imbalance,PCS phase current imbalance high: 28.3,0.2,28.3,0.3,0.3,2.0,0.9,0.0,0.0
304,external_ems_2,bess_2,warning,2026-08-16T19:47:35.618821+00:00,2026-08-16T19:47:35.618821+00:00,0.0,1,0.373,pcs_phase_current_imbalance,PCS phase current imbalance high: 23.7,0.2,23.7,4.2,1.2,2.0,0.9,0.0,0.0
305,external_ems_2,bess_2,warning,2026-08-16T22:22:04.619315+00:00,2026-08-16T22:22:04.619315+00:00,0.0,1,0.4561,pcs_phase_current_imbalance,PCS phase current imbalance high: 27.2,0.5,27.2,2.1,0.8,1.0,0.8,0.0,0.0
306,external_ems_2,bess_2,warning,2026-08-17T01:11:49.618678+00:00,2026-08-17T01:11:49.618678+00:00,0.0,1,0.3562,pcs_phase_current_imbalance;pcs_bms_current_mismatch,PCS phase current imbalance high: 22.6; PCS DC current and BMS current mismatch: 29.1,0.2,22.6,29.1,2.9,1.0,0.7,0.0,0.0
307,external_ems_2,bess_2,warning,2026-08-17T02:28:55.618582+00:00,2026-08-17T02:28:56.629672+00:00,1.011,2,0.3624,pcs_bms_current_mismatch,PCS DC current and BMS current mismatch: 42.6,1.7,3.0,42.6,3.4,1.0,0.8,0.0,0.0
308,external_ems_2,bess_2,warning,2026-08-17T02:35:42.629472+00:00,2026-08-17T02:35:43.618591+00:00,0.989,2,0.3704,pcs_bms_current_mismatch,PCS DC current and BMS current mismatch: 43.1,0.4,3.0,43.1,3.4,2.0,0.9,0.0,0.0
309,external_ems_2,bess_2,warning,2026-08-17T03:04:09.629012+00:00,2026-08-17T03:04:09.629012+00:00,0.0,1,0.4266,pcs_phase_voltage_imbalance;pcs_bms_current_mismatch,PCS phase voltage imbalance high: 21.2; PCS DC current and BMS current mismatch: 30.6,21.2,1.5,30.6,4.0,1.0,0.7,0.0,0.0
310,external_ems_2,bess_2,warning,2026-08-17T03:29:18.629372+00:00,2026-08-17T03:29:19.619024+00:00,0.99,2,0.6731,pcs_bms_current_mismatch;pcs_bms_voltage_mismatch,PCS DC voltage and BMS voltage mismatch: 9.6; PCS DC current and BMS current mismatch: 79.6,2.0,4.2,79.6,9.6,2.0,0.8,0.0,0.0
311,external_ems_2,bess_2,warning,2026-08-17T03:31:12.618632+00:00,2026-08-17T03:31:13.618566+00:00,1.0,2,0.465,pcs_bms_current_mismatch,PCS DC current and BMS current mismatch: 49.0,1.3,3.9,49.0,4.8,2.0,0.9,0.0,0.0
312,external_ems_2,bess_2,warning,2026-08-17T03:34:34.618710+00:00,2026-08-17T03:34:35.629379+00:00,1.011,2,0.6538,pcs_bms_current_mismatch;pcs_bms_voltage_mismatch,PCS DC voltage and BMS voltage mismatch: 6.8; PCS DC current and BMS current mismatch: 63.4,0.5,1.5,63.4,6.8,2.0,0.8,0.0,0.0
313,external_ems_1,bess_1,warning,2026-08-16T19:06:51.618578+00:00,2026-08-16T19:06:51.618578+00:00,0.0,1,0.3515,pcs_phase_voltage_imbalance,PCS phase voltage imbalance high: 18.7,18.7,0.2,0.0,2.9,1.0,1.6,0.0,0.0
314,external_ems_2,bess_2,warning,2026-08-17T03:36:47.628707+00:00,2026-08-17T03:36:48.618834+00:00,0.99,2,0.4361,pcs_bms_current_mismatch,PCS DC current and BMS current mismatch: 47.2,0.6,1.6,47.2,4.8,2.0,0.9,0.0,0.0
315,external_ems_2,bess_2,warning,2026-08-17T03:38:47.618579+00:00,2026-08-17T03:39:05.618579+00:00,18.0,19,0.669,pcs_fault_or_alarm,PCS fault or alarm flags active: 2.0,0.1,0.1,0.1,1.6,1.0,1.0,2.0,0.0
316,external_ems_2,bess_2,warning,2026-08-17T05:17:24.618596+00:00,2026-08-17T05:17:29.618582+00:00,5.0,6,0.6602,pcs_phase_current_imbalance;pcs_bms_current_mismatch;pcs_bms_voltage_mismatch,PCS phase current imbalance high: 8.6; PCS DC voltage and BMS voltage mismatch: 7.6; PCS DC current and BMS current mismatch: 76.3,2.6,8.6,76.3,7.6,2.0,1.0,0.0,0.0
317,external_ems_2,bess_2,warning,2026-08-17T05:18:02.619746+00:00,2026-08-17T05:18:07.618581+00:00,4.999,6,0.4312,pcs_phase_voltage_imbalance;pcs_phase_current_imbalance,PCS phase voltage imbalance high: 8.6; PCS phase current imbalance high: 25.9,8.6,25.9,17.1,1.2,3.0,1.0,0.0,0.0
318,external_ems_2,bess_2,warning,2026-08-17T05:19:19.618574+00:00,2026-08-17T05:19:24.618578+00:00,5.0,6,0.6055,pcs_phase_voltage_imbalance;pcs_bms_current_mismatch;pcs_phase_current_imbalance;pcs_bms_voltage_mismatch,PCS phase voltage imbalance high: 6.1; PCS phase current imbalance high: 9.1; PCS DC voltage and BMS voltage mismatch: 5.8; PCS DC current and BMS current mismatch: 57.2,6.1,9.1,57.2,5.8,1.0,0.9,0.0,0.0
319,external_ems_2,bess_2,warning,2026-08-17T05:21:23.618828+00:00,2026-08-17T05:21:24.618577+00:00,1.0,2,0.6106,pcs_phase_voltage_imbalance;pcs_bms_current_mismatch;pcs_bms_voltage_mismatch,PCS phase voltage imbalance high: 7.0; PCS DC voltage and BMS voltage mismatch: 6.1; PCS DC current and BMS current mismatch: 57.4,7.0,5.2,57.4,6.1,3.0,1.0,0.0,0.0
320,external_ems_2,bess_2,warning,2026-08-17T05:27:17.618569+00:00,2026-08-17T05:27:18.629619+00:00,1.011,2,0.6559,pcs_bms_current_mismatch;pcs_bms_voltage_mismatch,PCS DC voltage and BMS voltage mismatch: 7.1; PCS DC current and BMS current mismatch: 61.0,0.4,2.0,61.0,7.1,2.0,1.0,0.0,0.0
321,external_ems_2,bess_2,warning,2026-08-17T05:41:12.618571+00:00,2026-08-17T05:41:13.629717+00:00,1.011,2,0.6522,pcs_phase_voltage_imbalance;pcs_bms_current_mismatch;pcs_bms_voltage_mismatch,PCS phase voltage imbalance high: 5.3; PCS DC voltage and BMS voltage mismatch: 6.5; PCS DC current and BMS current mismatch: 63.3,5.3,2.9,63.3,6.5,2.0,0.9,0.0,0.0
322,external_ems_2,bess_2,warning,2026-08-17T05:45:11.630435+00:00,2026-08-17T05:45:12.618580+00:00,0.988,2,0.6648,pcs_bms_current_mismatch;pcs_bms_voltage_mismatch,PCS DC voltage and BMS voltage mismatch: 8.4; PCS DC current and BMS current mismatch: 79.1,1.8,4.4,79.1,8.4,2.0,1.0,0.0,0.0
323,external_ems_2,bess_2,warning,2026-08-17T05:49:00.629149+00:00,2026-08-17T05:49:10.618575+00:00,9.989,9,0.594,pcs_bms_current_mismatch;pcs_bms_voltage_mismatch,PCS DC voltage and BMS voltage mismatch: 5.1; PCS DC current and BMS current mismatch: 57.0,0.5,1.7,57.0,5.7,2.0,1.2,0.0,0.0
324,external_ems_2,bess_2,warning,2026-08-17T05:53:00.618580+00:00,2026-08-17T05:53:06.618619+00:00,6.0,7,0.6531,pcs_bms_current_mismatch;pcs_bms_voltage_mismatch,PCS DC current and BMS current mismatch: 45.8,0.9,1.5,63.4,6.7,3.0,1.1,0.0,0.0
325,external_ems_2,bess_2,warning,2026-08-17T05:54:59.618813+00:00,2026-08-17T05:55:04.618573+00:00,5.0,6,0.6607,pcs_bms_current_mismatch;pcs_bms_voltage_mismatch,PCS DC voltage and BMS voltage mismatch: 7.8; PCS DC current and BMS current mismatch: 80.8,0.2,0.4,80.8,7.8,2.0,1.0,0.0,0.0
326,external_ems_2,bess_2,warning,2026-08-17T05:58:54.619128+00:00,2026-08-17T05:58:57.629217+00:00,3.01,4,0.4826,pcs_bms_current_mismatch,PCS DC current and BMS current mismatch: 50.1,0.2,0.4,50.1,4.9,2.0,1.1,0.0,0.0
327,external_ems_2,bess_2,warning,2026-08-17T06:00:48.618603+00:00,2026-08-17T06:00:51.629137+00:00,3.011,4,0.4437,pcs_bms_current_mismatch;pcs_bms_voltage_mismatch,PCS DC voltage and BMS voltage mismatch: 5.4; PCS DC current and BMS current mismatch: 47.5,0.3,1.7,47.5,5.4,2.0,1.1,0.0,0.0
328,external_ems_2,bess_2,warning,2026-08-17T06:02:54.618999+00:00,2026-08-17T06:02:57.619050+00:00,3.0,4,0.6469,pcs_bms_current_mismatch;pcs_bms_voltage_mismatch,PCS DC voltage and BMS voltage mismatch: 5.8; PCS DC current and BMS current mismatch: 63.3,0.4,0.9,63.3,5.8,2.0,1.1,0.0,0.0
329,external_ems_2,bess_2,warning,2026-08-17T06:04:47.618564+00:00,2026-08-17T06:04:53.618533+00:00,6.0,7,0.3864,pcs_bms_current_mismatch,PCS DC current and BMS current mismatch: 43.0,0.5,1.8,44.1,4.7,1.0,1.0,0.0,0.0
330,external_ems_2,bess_2,warning,2026-08-17T06:08:47.624726+00:00,2026-08-17T06:08:50.629000+00:00,3.004,4,0.6572,pcs_bms_current_mismatch;pcs_bms_voltage_mismatch,PCS DC voltage and BMS voltage mismatch: 7.3; PCS DC current and BMS current mismatch: 67.2,0.2,0.5,67.2,7.3,2.0,1.1,0.0,0.0
331,external_ems_2,bess_2,warning,2026-08-17T06:10:00.618623+00:00,2026-08-17T06:10:00.618623+00:00,0.0,1,0.4775,pcs_phase_current_imbalance,PCS phase current imbalance high: 28.1,0.5,28.1,2.7,1.4,2.0,1.1,0.0,0.0
332,external_ems_2,bess_2,warning,2026-08-17T06:10:40.618566+00:00,2026-08-17T06:10:44.618578+00:00,4.0,5,0.5669,pcs_bms_current_mismatch;pcs_bms_voltage_mismatch,PCS DC voltage and BMS voltage mismatch: 5.6; PCS DC current and BMS current mismatch: 55.1,0.3,3.0,55.1,5.6,2.0,1.1,0.0,0.0
333,external_ems_2,bess_2,warning,2026-08-17T06:12:46.618581+00:00,2026-08-17T06:12:49.618585+00:00,3.0,4,0.6414,pcs_bms_current_mismatch,PCS DC current and BMS current mismatch: 68.2,2.8,5.8,68.2,0.2,1.0,1.1,0.0,0.0
334,external_ems_2,bess_2,warning,2026-08-17T06:14:39.630822+00:00,2026-08-17T06:14:45.618576+00:00,5.988,7,0.6634,pcs_bms_current_mismatch;pcs_bms_voltage_mismatch,PCS DC current and BMS current mismatch: 44.2,1.8,3.8,70.9,8.2,2.0,1.1,0.0,0.0
335,external_ems_2,bess_2,warning,2026-08-17T06:20:32.618568+00:00,2026-08-17T06:20:37.629071+00:00,5.011,6,0.6621,pcs_bms_current_mismatch;pcs_bms_voltage_mismatch,PCS DC voltage and BMS voltage mismatch: 8.0; PCS DC current and BMS current mismatch: 72.3,4.2,3.7,72.3,8.0,2.0,1.3,0.0,0.0
336,external_ems_2,bess_2,warning,2026-08-17T06:22:30.629352+00:00,2026-08-17T06:22:38.619624+00:00,7.99,4,0.553,pcs_bms_current_mismatch;pcs_bms_voltage_mismatch,PCS DC voltage and BMS voltage mismatch: 5.3; PCS DC current and BMS current mismatch: 42.7,1.4,3.0,54.1,5.9,3.0,1.2,0.0,0.0
337,external_ems_2,bess_2,warning,2026-08-17T06:24:32.618808+00:00,2026-08-17T06:24:35.619060+00:00,3.0,4,0.3944,pcs_bms_current_mismatch,PCS DC current and BMS current mismatch: 44.6,1.3,3.7,44.6,3.5,1.0,1.2,0.0,0.0
338,external_ems_2,bess_2,warning,2026-08-17T06:26:32.628867+00:00,2026-08-17T06:26:35.618598+00:00,2.99,4,0.6476,pcs_bms_current_mismatch;pcs_bms_voltage_mismatch,PCS DC voltage and BMS voltage mismatch: 5.9; PCS DC current and BMS current mismatch: 65.6,0.1,0.7,65.6,5.9,2.0,1.2,0.0,0.0
339,external_ems_2,bess_2,warning,2026-08-17T06:28:30.618578+00:00,2026-08-17T06:28:31.618564+00:00,1.0,2,0.6628,pcs_bms_current_mismatch;pcs_bms_voltage_mismatch,PCS DC voltage and BMS voltage mismatch: 8.1; PCS DC current and BMS current mismatch: 75.6,0.2,2.3,75.6,8.1,2.0,1.3,0.0,0.0
340,external_ems_2,bess_2,warning,2026-08-17T06:38:17.618712+00:00,2026-08-17T06:38:18.618576+00:00,1.0,2,0.4393,pcs_bms_current_mismatch,PCS DC current and BMS current mismatch: 47.4,0.2,1.6,47.4,5.0,1.0,1.3,0.0,0.0
341,external_ems_2,bess_2,warning,2026-08-17T06:40:17.618582+00:00,2026-08-17T06:40:18.629095+00:00,1.011,2,0.4233,pcs_bms_current_mismatch,PCS DC current and BMS current mismatch: 46.4,0.3,1.6,46.4,4.4,2.0,1.3,0.0,0.0
342,external_ems_2,bess_2,warning,2026-08-17T06:42:17.618582+00:00,2026-08-17T06:42:18.629864+00:00,1.011,2,0.6662,pcs_bms_current_mismatch;pcs_bms_voltage_mismatch,PCS DC voltage and BMS voltage mismatch: 8.6; PCS DC current and BMS current mismatch: 82.3,0.1,2.2,82.3,8.6,2.0,1.3,0.0,0.0
343,external_ems_2,bess_2,warning,2026-08-17T06:44:11.619203+00:00,2026-08-17T06:44:12.629644+00:00,1.01,2,0.651,pcs_bms_current_mismatch;pcs_bms_voltage_mismatch,PCS DC voltage and BMS voltage mismatch: 6.4; PCS DC current and BMS current mismatch: 60.5,0.2,0.6,60.5,6.4,2.0,1.3,0.0,0.0
344,external_ems_1,bess_1,warning,2026-08-17T03:38:44.629576+00:00,2026-08-17T03:38:50.619323+00:00,5.99,7,0.669,pcs_fault_or_alarm,PCS fault or alarm flags active: 2.0,3.2,0.2,0.1,2.7,1.0,1.5,2.0,0.0
345,external_ems_1,bess_1,warning,2026-08-17T07:27:01.618565+00:00,2026-08-17T07:27:01.618565+00:00,0.0,1,0.5593,pcs_phase_voltage_imbalance,PCS phase voltage imbalance high: 26.8,26.8,0.2,0.1,2.8,1.0,2.0,0.0,0.0
346,external_ems_2,bess_2,warning,2026-08-17T07:27:00.619118+00:00,2026-08-17T07:27:04.618581+00:00,3.999,5,0.6531,pcs_bms_current_mismatch;pcs_bms_voltage_mismatch,PCS DC voltage and BMS voltage mismatch: 6.7; PCS DC current and BMS current mismatch: 64.8,0.4,1.1,64.8,6.7,2.0,1.3,0.0,0.0
347,external_ems_2,bess_2,warning,2026-08-17T07:32:51.618575+00:00,2026-08-17T07:32:56.629337+00:00,5.011,6,0.6559,pcs_bms_current_mismatch;pcs_bms_voltage_mismatch,PCS DC voltage and BMS voltage mismatch: 6.5; PCS DC current and BMS current mismatch: 65.0,0.4,0.7,65.0,7.1,2.0,1.4,0.0,0.0
348,external_ems_2,bess_2,warning,2026-08-17T07:34:46.619030+00:00,2026-08-17T07:34:50.618577+00:00,4.0,5,0.6178,pcs_bms_current_mismatch;pcs_bms_voltage_mismatch,PCS DC voltage and BMS voltage mismatch: 6.0; PCS DC current and BMS current mismatch: 58.1,0.4,1.7,58.1,6.0,2.0,1.4,0.0,0.0
349,external_ems_2,bess_2,warning,2026-08-17T07:35:37.618570+00:00,2026-08-17T07:35:40.618583+00:00,3.0,4,0.4513,pcs_bms_current_mismatch;pcs_bms_voltage_mismatch,PCS DC voltage and BMS voltage mismatch: 5.1; PCS DC current and BMS current mismatch: 48.1,0.2,1.3,48.1,5.1,2.0,1.3,0.0,0.0
350,external_ems_2,bess_2,warning,2026-08-17T07:41:28.618562+00:00,2026-08-17T07:41:34.619083+00:00,6.001,7,0.4522,pcs_bms_current_mismatch,PCS DC current and BMS current mismatch: 48.2,0.2,0.5,48.2,5.0,2.0,1.3,0.0,0.0
351,external_ems_2,bess_2,warning,2026-08-17T07:43:24.618576+00:00,2026-08-17T07:43:36.619163+00:00,12.001,6,0.6545,pcs_bms_current_mismatch;pcs_bms_voltage_mismatch,PCS DC current and BMS current mismatch: 44.4,4.2,3.8,68.2,6.9,3.0,1.3,0.0,0.0
352,external_ems_2,bess_2,warning,2026-08-17T07:45:30.618566+00:00,2026-08-17T07:45:33.618575+00:00,3.0,4,0.5775,pcs_bms_current_mismatch;pcs_bms_voltage_mismatch,PCS DC voltage and BMS voltage mismatch: 5.5; PCS DC current and BMS current mismatch: 55.8,0.9,3.8,55.8,5.5,1.0,1.3,0.0,0.0
353,external_ems_2,bess_2,warning,2026-08-17T08:41:57.618569+00:00,2026-08-17T08:41:58.618565+00:00,1.0,2,0.6414,pcs_bms_current_mismatch;pcs_bms_voltage_mismatch,PCS DC voltage and BMS voltage mismatch: 6.4; PCS DC current and BMS current mismatch: 59.4,0.4,1.8,59.4,6.4,2.0,1.3,0.0,0.0
354,external_ems_2,bess_2,warning,2026-08-17T08:43:53.618578+00:00,2026-08-17T08:43:58.629129+00:00,5.011,6,0.6538,pcs_bms_current_mismatch;pcs_bms_voltage_mismatch,PCS DC voltage and BMS voltage mismatch: 5.6; PCS DC current and BMS current mismatch: 51.4,0.3,1.5,67.1,6.8,1.0,1.3,0.0,0.0
355,external_ems_2,bess_2,warning,2026-08-17T08:49:08.628857+00:00,2026-08-17T08:49:12.618571+00:00,3.99,5,0.4939,pcs_bms_current_mismatch,PCS DC current and BMS current mismatch: 50.8,0.1,0.9,50.8,3.5,1.0,1.3,0.0,0.0
356,external_ems_2,bess_2,warning,2026-08-17T08:53:06.630646+00:00,2026-08-17T08:53:07.618848+00:00,0.988,2,0.6316,pcs_bms_current_mismatch;pcs_bms_voltage_mismatch,PCS DC voltage and BMS voltage mismatch: 5.9; PCS DC current and BMS current mismatch: 59.0,0.4,1.6,59.0,5.9,2.0,1.3,0.0,0.0
357,external_ems_2,bess_2,warning,2026-08-17T08:55:06.618874+00:00,2026-08-17T08:55:07.629503+00:00,1.011,2,0.6262,pcs_phase_voltage_imbalance;pcs_bms_current_mismatch;pcs_bms_voltage_mismatch,PCS phase voltage imbalance high: 5.2; PCS DC voltage and BMS voltage mismatch: 6.0; PCS DC current and BMS current mismatch: 58.6,5.2,3.5,58.6,6.0,3.0,1.3,0.0,0.0
358,external_ems_2,bess_2,warning,2026-08-17T08:57:01.618749+00:00,2026-08-17T08:57:05.618574+00:00,4.0,5,0.5912,pcs_bms_current_mismatch;pcs_bms_voltage_mismatch,PCS DC voltage and BMS voltage mismatch: 5.4; PCS DC current and BMS current mismatch: 56.7,0.9,3.4,56.7,5.4,1.0,1.4,0.0,0.0
359,external_ems_2,bess_2,warning,2026-08-17T09:00:59.628736+00:00,2026-08-17T09:01:00.619115+00:00,0.99,2,0.6628,pcs_bms_current_mismatch;pcs_bms_voltage_mismatch,PCS DC voltage and BMS voltage mismatch: 8.1; PCS DC current and BMS current mismatch: 80.9,1.9,4.1,80.9,8.1,2.0,1.3,0.0,0.0
360,external_ems_2,bess_2,warning,2026-08-17T09:02:52.628767+00:00,2026-08-17T09:02:53.619829+00:00,0.991,2,0.6572,pcs_bms_current_mismatch;pcs_bms_voltage_mismatch,PCS DC voltage and BMS voltage mismatch: 7.3; PCS DC current and BMS current mismatch: 72.2,0.3,0.5,72.2,7.3,2.0,1.3,0.0,0.0
361,external_ems_1,bess_1,warning,2026-08-17T07:30:55.619634+00:00,2026-08-17T07:31:00.618594+00:00,4.999,6,0.6414,pcs_phase_voltage_imbalance,PCS phase voltage imbalance high: 30.5,30.5,0.2,0.0,2.9,1.0,2.0,0.0,0.0
362,external_ems_2,bess_2,warning,2026-08-17T09:04:10.618570+00:00,2026-08-17T09:04:33.618572+00:00,23.0,24,0.669,pcs_fault_or_alarm;pcs_bms_current_mismatch,PCS fault or alarm flags active: 2.0,0.3,0.6,46.9,4.2,2.0,1.4,2.0,0.0
363,external_ems_2,bess_2,warning,2026-08-17T09:05:42.618578+00:00,2026-08-17T09:05:42.618578+00:00,0.0,1,0.6414,pcs_phase_voltage_imbalance,PCS phase voltage imbalance high: 237.4,237.4,0.1,0.0,1.6,2.0,1.3,0.0,0.0
364,external_ems_2,bess_2,warning,2026-08-17T09:14:53.619485+00:00,2026-08-17T09:14:57.629451+00:00,4.01,5,0.6334,pcs_bms_current_mismatch,PCS DC current and BMS current mismatch: 59.5,0.2,0.4,59.5,4.9,1.0,1.3,0.0,0.0
365,external_ems_1,bess_1,warning,2026-08-17T09:04:11.629626+00:00,2026-08-17T09:04:35.618568+00:00,23.989,25,0.669,pcs_fault_or_alarm,PCS fault or alarm flags active: 2.0,2.4,0.2,0.2,2.9,1.0,1.9,2.0,0.0
366,external_ems_2,bess_2,warning,2026-08-17T09:16:53.618897+00:00,2026-08-17T09:16:56.618577+00:00,3.0,4,0.4714,pcs_bms_current_mismatch,PCS DC current and BMS current mismatch: 49.4,2.3,4.9,49.4,4.6,2.0,1.4,0.0,0.0
367,external_ems_2,bess_2,warning,2026-08-17T09:18:51.618932+00:00,2026-08-17T09:19:09.618684+00:00,18.0,19,0.669,pcs_fault_or_alarm,PCS fault or alarm flags active: 3.0,0.1,0.1,12.6,1.5,2.0,1.3,3.0,0.0
368,external_ems_2,bess_2,warning,2026-08-17T09:26:12.628660+00:00,2026-08-17T09:26:13.618574+00:00,0.99,2,0.6593,pcs_bms_current_mismatch;pcs_bms_voltage_mismatch,PCS DC voltage and BMS voltage mismatch: 7.6; PCS DC current and BMS current mismatch: 75.2,2.3,3.0,75.2,7.6,2.0,1.4,0.0,0.0
369,external_ems_2,bess_2,warning,2026-08-17T09:30:01.618575+00:00,2026-08-17T09:30:07.629411+00:00,6.011,7,0.6497,pcs_bms_current_mismatch;pcs_bms_voltage_mismatch,PCS DC current and BMS current mismatch: 42.9,2.6,3.6,62.2,6.2,2.0,1.4,0.0,0.0
370,external_ems_1,bess_1,warning,2026-08-17T09:18:48.629883+00:00,2026-08-17T09:18:53.629173+00:00,4.999,6,0.6414,pcs_phase_voltage_imbalance,PCS phase voltage imbalance high: 175.9,175.9,0.2,0.0,2.6,1.0,1.9,0.0,0.0
371,external_ems_2,bess_2,warning,2026-08-17T09:32:06.618582+00:00,2026-08-17T09:32:07.628862+00:00,1.01,2,0.6552,pcs_bms_current_mismatch;pcs_bms_voltage_mismatch,PCS DC voltage and BMS voltage mismatch: 7.0; PCS DC current and BMS current mismatch: 64.6,0.4,1.6,64.6,7.0,2.0,1.4,0.0,0.0
372,external_ems_2,bess_2,warning,2026-08-17T09:36:14.619030+00:00,2026-08-17T09:36:18.619076+00:00,4.0,5,0.5102,pcs_phase_voltage_imbalance;pcs_phase_current_imbalance;pcs_bms_current_mismatch,PCS phase voltage imbalance high: 16.8; PCS phase current imbalance high: 18.5; PCS DC current and BMS current mismatch: 49.6,16.8,18.5,49.6,4.9,2.0,1.4,0.0,0.0
373,external_ems_2,bess_2,warning,2026-08-17T09:37:22.630708+00:00,2026-08-17T09:38:19.629413+00:00,56.999,20,0.6634,pcs_phase_voltage_imbalance;pcs_phase_current_imbalance;pcs_bms_voltage_mismatch;pcs_bms_current_mismatch,PCS phase voltage imbalance high: 20.5; PCS phase current imbalance high: 16.7,20.5,17.4,74.1,8.2,2.0,1.5,0.0,0.0
374,external_ems_2,bess_2,warning,2026-08-17T09:40:14.628723+00:00,2026-08-17T09:40:31.629037+00:00,17.0,6,0.6559,pcs_bms_current_mismatch;pcs_bms_voltage_mismatch,PCS DC voltage and BMS voltage mismatch: 5.2; PCS DC current and BMS current mismatch: 51.6,0.8,1.6,61.0,7.1,2.0,1.4,0.0,0.0
375,external_ems_2,bess_2,warning,2026-08-17T09:42:24.618569+00:00,2026-08-17T09:42:31.618569+00:00,7.0,4,0.4874,pcs_bms_current_mismatch,PCS DC current and BMS current mismatch: 43.0,3.9,3.2,50.4,4.9,3.0,1.5,0.0,0.0
376,external_ems_1,bess_1,warning,2026-08-17T09:36:03.629651+00:00,2026-08-17T09:36:08.628878+00:00,4.999,6,0.3977,pcs_phase_voltage_imbalance,PCS phase voltage imbalance high: 20.5,20.5,0.2,0.1,2.3,1.0,1.9,0.0,0.0
377,external_ems_1,bess_1,warning,2026-08-17T09:58:45.618583+00:00,2026-08-17T09:59:03.628716+00:00,18.01,19,0.6855,pcs_fault_or_alarm;pcs_phase_voltage_imbalance,PCS fault or alarm flags active: 1.0,15.0,0.3,0.1,2.6,1.0,2.0,1.0,0.0
378,external_ems_2,bess_2,warning,2026-08-17T09:47:17.629101+00:00,2026-08-17T09:47:20.628720+00:00,3.0,4,0.394,pcs_bms_current_mismatch;pcs_bms_voltage_mismatch,PCS DC voltage and BMS voltage mismatch: 6.1; PCS DC current and BMS current mismatch: 44.1,1.1,3.6,44.1,6.1,2.0,1.4,0.0,0.0
379,external_ems_1,bess_1,warning,2026-08-17T10:21:10.629414+00:00,2026-08-17T10:21:34.618581+00:00,23.989,25,0.669,pcs_fault_or_alarm,PCS fault or alarm flags active: 2.0,1.1,0.2,0.1,2.7,1.0,2.0,2.0,0.0
380,external_ems_2,bess_2,warning,2026-08-17T10:21:13.618564+00:00,2026-08-17T10:21:31.618575+00:00,18.0,19,0.669,pcs_fault_or_alarm,PCS fault or alarm flags active: 2.0,0.1,0.1,0.2,1.6,2.0,1.4,2.0,0.0
381,external_ems_2,bess_2,warning,2026-08-17T10:52:03.618577+00:00,2026-08-17T10:52:09.618580+00:00,6.0,7,0.6697,pcs_bms_current_mismatch;pcs_bms_voltage_mismatch,PCS DC voltage and BMS voltage mismatch: 5.4; PCS DC current and BMS current mismatch: 47.9,0.4,1.8,87.7,9.1,2.0,1.5,0.0,0.0
382,external_ems_2,bess_2,warning,2026-08-17T10:54:02.618773+00:00,2026-08-17T10:54:07.618572+00:00,5.0,6,0.566,pcs_bms_current_mismatch;pcs_bms_voltage_mismatch,PCS DC current and BMS current mismatch: 46.4,0.4,0.6,55.0,5.7,1.0,1.4,0.0,0.0
383,external_ems_2,bess_2,warning,2026-08-17T10:56:02.618923+00:00,2026-08-17T10:56:14.618578+00:00,12.0,3,0.6614,pcs_bms_current_mismatch;pcs_bms_voltage_mismatch;pcs_phase_current_imbalance,PCS DC voltage and BMS voltage mismatch: 7.9; PCS DC current and BMS current mismatch: 74.1,0.4,26.4,74.1,7.9,2.0,1.4,0.0,0.0
384,external_ems_2,bess_2,warning,2026-08-17T10:57:56.618990+00:00,2026-08-17T10:58:01.618656+00:00,5.0,6,0.4866,pcs_bms_current_mismatch;pcs_bms_voltage_mismatch,PCS DC current and BMS current mismatch: 42.0,0.3,0.7,50.0,5.8,2.0,1.5,0.0,0.0
385,external_ems_2,bess_2,warning,2026-08-17T10:59:51.619130+00:00,2026-08-17T11:00:03.618569+00:00,11.999,7,0.6531,pcs_bms_current_mismatch;pcs_bms_voltage_mismatch,PCS DC current and BMS current mismatch: 43.3,0.7,1.9,61.8,6.7,2.0,1.4,0.0,0.0
386,external_ems_2,bess_2,warning,2026-08-17T11:01:56.629770+00:00,2026-08-17T11:02:01.628702+00:00,4.999,6,0.6538,pcs_bms_current_mismatch;pcs_bms_voltage_mismatch,PCS DC voltage and BMS voltage mismatch: 6.8; PCS DC current and BMS current mismatch: 65.1,0.3,0.7,65.1,6.8,2.0,1.4,0.0,0.0
387,external_ems_2,bess_2,warning,2026-08-17T11:03:51.618570+00:00,2026-08-17T11:03:55.629191+00:00,4.011,5,0.6559,pcs_bms_current_mismatch;pcs_bms_voltage_mismatch,PCS DC voltage and BMS voltage mismatch: 7.1; PCS DC current and BMS current mismatch: 70.9,0.4,2.7,70.9,7.1,2.0,1.4,0.0,0.0
388,external_ems_1,bess_1,warning,2026-08-17T10:26:51.629077+00:00,2026-08-17T10:26:51.629077+00:00,0.0,1,0.4541,pcs_phase_voltage_imbalance,PCS phase voltage imbalance high: 22.7,22.7,0.2,0.1,2.2,1.0,2.0,0.0,0.0
389,external_ems_2,bess_2,warning,2026-08-17T11:05:14.618581+00:00,2026-08-17T11:05:17.618576+00:00,3.0,4,0.6441,pcs_bms_current_mismatch;pcs_bms_voltage_mismatch,PCS DC voltage and BMS voltage mismatch: 5.4; PCS DC current and BMS current mismatch: 61.9,0.1,0.3,61.9,5.4,1.0,1.4,0.0,0.0
390,external_ems_1,bess_1,warning,2026-08-17T11:55:11.628892+00:00,2026-08-17T11:55:11.628892+00:00,0.0,1,0.4182,pcs_phase_voltage_imbalance,PCS phase voltage imbalance high: 21.3,21.3,0.2,0.2,2.6,1.0,2.1,0.0,0.0
391,external_ems_2,bess_2,warning,2026-08-17T11:55:21.629640+00:00,2026-08-17T11:55:33.629093+00:00,11.999,13,0.669,pcs_fault_or_alarm,PCS fault or alarm flags active: 3.0,0.1,0.1,0.2,1.6,2.0,1.4,3.0,0.0
392,external_ems_2,bess_2,warning,2026-08-17T12:47:02.618569+00:00,2026-08-17T12:47:21.619208+00:00,19.001,20,0.669,pcs_fault_or_alarm,PCS fault or alarm flags active: 2.0,0.1,0.1,3.5,1.6,2.0,1.3,2.0,0.0
393,external_ems_2,bess_2,warning,2026-08-17T14:52:39.629009+00:00,2026-08-17T14:52:39.629009+00:00,0.0,1,0.3539,pcs_phase_current_imbalance,PCS phase current imbalance high: 22.9,0.2,22.9,1.1,0.5,1.0,1.1,0.0,0.0
394,external_ems_2,bess_2,warning,2026-08-17T15:29:31.618910+00:00,2026-08-17T15:29:31.618910+00:00,0.0,1,0.3658,pcs_phase_voltage_imbalance;pcs_bms_current_mismatch,PCS phase voltage imbalance high: 19.0; PCS DC current and BMS current mismatch: 26.4,19.0,0.6,26.4,2.7,2.0,1.2,0.0,0.0
395,external_ems_2,bess_2,warning,2026-08-17T15:57:44.618594+00:00,2026-08-17T15:57:50.629744+00:00,6.011,7,0.397,pcs_phase_current_imbalance;pcs_bms_current_mismatch,PCS phase current imbalance high: 24.2,0.5,24.2,31.8,2.8,1.0,1.1,0.0,0.0
396,external_ems_2,bess_2,warning,2026-08-17T16:10:11.618565+00:00,2026-08-17T16:10:11.618565+00:00,0.0,1,0.3745,pcs_phase_current_imbalance;pcs_bms_current_mismatch,PCS phase current imbalance high: 23.7; PCS DC current and BMS current mismatch: 21.5,2.1,23.7,21.5,2.6,2.0,1.2,0.0,0.0
397,external_ems_2,bess_2,warning,2026-08-17T19:17:11.628697+00:00,2026-08-17T19:17:16.618671+00:00,4.99,6,0.4209,pcs_phase_current_imbalance;pcs_bms_current_mismatch,PCS phase current imbalance high: 25.4,0.4,25.4,27.3,2.7,2.0,0.9,0.0,0.0
398,external_ems_2,bess_2,warning,2026-08-17T20:51:36.630877+00:00,2026-08-17T20:51:48.618787+00:00,11.988,13,0.669,pcs_fault_or_alarm,PCS fault or alarm flags active: 2.0,0.1,0.1,0.1,1.9,2.0,0.9,2.0,0.0
399,external_ems_2,bess_2,warning,2026-08-17T20:59:12.629459+00:00,2026-08-17T20:59:30.628676+00:00,17.999,19,0.669,pcs_fault_or_alarm,PCS fault or alarm flags active: 2.0,0.2,0.1,0.2,1.9,2.0,1.0,2.0,0.0
400,external_ems_2,bess_2,warning,2026-08-17T22:13:07.619006+00:00,2026-08-17T22:13:07.619006+00:00,0.0,1,0.5131,pcs_phase_current_imbalance,PCS phase current imbalance high: 29.6,4.4,29.6,3.2,0.6,1.0,0.8,0.0,0.0
401,external_ems_2,bess_2,warning,2026-08-18T01:42:36.629392+00:00,2026-08-18T01:42:36.629392+00:00,0.0,1,0.3743,pcs_phase_voltage_imbalance;pcs_bms_current_mismatch,PCS phase voltage imbalance high: 19.3; PCS DC current and BMS current mismatch: 27.2,19.3,2.9,27.2,2.9,1.0,0.8,0.0,0.0
402,external_ems_2,bess_2,warning,2026-08-18T02:40:13.628979+00:00,2026-08-18T02:40:18.618570+00:00,4.99,6,0.3832,pcs_bms_current_mismatch,PCS DC current and BMS current mismatch: 43.9,0.2,2.4,43.9,2.9,1.0,0.7,0.0,0.0
403,external_ems_2,bess_2,warning,2026-08-18T03:38:19.618572+00:00,2026-08-18T03:38:20.618571+00:00,1.0,2,0.6549,pcs_phase_voltage_imbalance;pcs_bms_current_mismatch;pcs_bms_voltage_mismatch,PCS phase voltage imbalance high: 6.9; PCS DC voltage and BMS voltage mismatch: 6.5; PCS DC current and BMS current mismatch: 63.0,6.9,3.6,63.0,6.5,2.0,0.7,0.0,0.0
404,external_ems_2,bess_2,warning,2026-08-18T03:40:27.618569+00:00,2026-08-18T03:40:31.618560+00:00,4.0,5,0.5051,pcs_bms_current_mismatch,PCS DC current and BMS current mismatch: 51.5,2.1,3.8,51.5,4.2,1.0,0.8,0.0,0.0
405,external_ems_2,bess_2,warning,2026-08-18T03:55:59.629107+00:00,2026-08-18T03:56:00.619595+00:00,0.99,2,0.6641,pcs_bms_current_mismatch;pcs_bms_voltage_mismatch,PCS DC voltage and BMS voltage mismatch: 8.3; PCS DC current and BMS current mismatch: 79.1,0.5,2.2,79.1,8.3,2.0,0.9,0.0,0.0
406,external_ems_2,bess_2,warning,2026-08-18T04:00:25.618602+00:00,2026-08-18T04:00:26.618578+00:00,1.0,2,0.6579,pcs_bms_current_mismatch;pcs_bms_voltage_mismatch,PCS DC voltage and BMS voltage mismatch: 7.4; PCS DC current and BMS current mismatch: 63.5,0.5,1.9,63.5,7.4,3.0,0.9,0.0,0.0
407,external_ems_2,bess_2,warning,2026-08-18T04:03:05.618613+00:00,2026-08-18T04:03:08.618564+00:00,3.0,4,0.6524,pcs_bms_current_mismatch;pcs_bms_voltage_mismatch,PCS DC voltage and BMS voltage mismatch: 6.6; PCS DC current and BMS current mismatch: 63.7,0.7,0.7,63.7,6.6,1.0,0.8,0.0,0.0
408,external_ems_2,bess_2,warning,2026-08-18T04:16:30.618567+00:00,2026-08-18T04:16:31.618568+00:00,1.0,2,0.6559,pcs_bms_current_mismatch;pcs_bms_voltage_mismatch,PCS DC voltage and BMS voltage mismatch: 7.1; PCS DC current and BMS current mismatch: 67.6,0.5,1.5,67.6,7.1,2.0,0.9,0.0,0.0
409,external_ems_2,bess_2,warning,2026-08-18T04:20:24.618930+00:00,2026-08-18T04:20:25.618568+00:00,1.0,2,0.5067,pcs_bms_current_mismatch,PCS DC current and BMS current mismatch: 51.6,0.7,1.7,51.6,5.0,1.0,0.9,0.0,0.0
410,external_ems_2,bess_2,warning,2026-08-18T04:22:24.629662+00:00,2026-08-18T04:22:25.618590+00:00,0.989,2,0.6531,pcs_bms_current_mismatch;pcs_bms_voltage_mismatch,PCS DC voltage and BMS voltage mismatch: 6.7; PCS DC current and BMS current mismatch: 65.7,0.4,1.6,65.7,6.7,2.0,0.9,0.0,0.0
411,external_ems_2,bess_2,warning,2026-08-18T04:41:14.618569+00:00,2026-08-18T04:41:19.629171+00:00,5.011,6,0.6414,pcs_bms_current_mismatch,PCS DC current and BMS current mismatch: 71.8,0.6,0.5,71.8,3.8,3.0,1.1,0.0,0.0
412,external_ems_2,bess_2,warning,2026-08-18T04:43:10.618573+00:00,2026-08-18T04:43:15.630665+00:00,5.012,6,0.6676,pcs_bms_current_mismatch;pcs_bms_voltage_mismatch,PCS DC voltage and BMS voltage mismatch: 5.2; PCS DC current and BMS current mismatch: 51.6,0.9,1.9,85.1,8.8,2.0,1.1,0.0,0.0
413,external_ems_2,bess_2,warning,2026-08-18T04:45:08.618562+00:00,2026-08-18T04:45:13.618559+00:00,5.0,6,0.6483,pcs_bms_current_mismatch;pcs_bms_voltage_mismatch,PCS DC voltage and BMS voltage mismatch: 6.0; PCS DC current and BMS current mismatch: 60.7,0.6,0.7,60.7,6.0,1.0,1.0,0.0,0.0
414,external_ems_2,bess_2,warning,2026-08-18T04:47:08.618568+00:00,2026-08-18T04:47:09.629625+00:00,1.011,2,0.6572,pcs_bms_current_mismatch;pcs_bms_voltage_mismatch,PCS DC voltage and BMS voltage mismatch: 7.3; PCS DC current and BMS current mismatch: 72.0,0.5,2.0,72.0,7.3,1.0,1.1,0.0,0.0
415,external_ems_2,bess_2,warning,2026-08-18T04:49:02.618912+00:00,2026-08-18T04:49:08.618659+00:00,6.0,7,0.3977,pcs_bms_current_mismatch,PCS DC current and BMS current mismatch: 43.9,0.9,1.2,44.8,4.5,2.0,1.1,0.0,0.0
416,external_ems_2,bess_2,warning,2026-08-18T04:50:59.619114+00:00,2026-08-18T04:51:10.629121+00:00,11.01,6,0.6593,pcs_bms_current_mismatch;pcs_bms_voltage_mismatch,PCS DC current and BMS current mismatch: 47.7,4.3,5.1,71.7,7.6,2.0,1.0,0.0,0.0
417,external_ems_2,bess_2,warning,2026-08-18T04:53:03.618563+00:00,2026-08-18T04:53:09.618631+00:00,6.0,7,0.6566,pcs_bms_current_mismatch;pcs_bms_voltage_mismatch,PCS DC voltage and BMS voltage mismatch: 7.2; PCS DC current and BMS current mismatch: 75.1,1.0,3.4,75.1,7.2,2.0,1.0,0.0,0.0
418,external_ems_2,bess_2,warning,2026-08-18T04:54:59.618563+00:00,2026-08-18T04:55:05.628766+00:00,6.01,7,0.6517,pcs_bms_current_mismatch;pcs_bms_voltage_mismatch,PCS DC voltage and BMS voltage mismatch: 6.5; PCS DC current and BMS current mismatch: 59.8,1.9,2.7,65.8,6.5,2.0,1.0,0.0,0.0
419,external_ems_2,bess_2,warning,2026-08-18T05:04:53.618559+00:00,2026-08-18T05:04:57.618578+00:00,4.0,5,0.6524,pcs_bms_current_mismatch;pcs_bms_voltage_mismatch,PCS DC voltage and BMS voltage mismatch: 6.6; PCS DC current and BMS current mismatch: 64.9,1.4,4.2,64.9,6.6,1.0,1.1,0.0,0.0
420,external_ems_2,bess_2,warning,2026-08-18T05:06:48.628749+00:00,2026-08-18T05:06:51.629650+00:00,3.001,4,0.6291,pcs_bms_current_mismatch;pcs_bms_voltage_mismatch,PCS DC voltage and BMS voltage mismatch: 6.7; PCS DC current and BMS current mismatch: 58.5,0.6,1.6,58.5,6.7,2.0,1.2,0.0,0.0
421,external_ems_2,bess_2,warning,2026-08-18T05:20:55.629366+00:00,2026-08-18T05:20:56.619486+00:00,0.99,2,0.6401,pcs_bms_current_mismatch;pcs_bms_voltage_mismatch,PCS DC voltage and BMS voltage mismatch: 6.9; PCS DC current and BMS current mismatch: 59.1,4.4,4.2,59.1,6.9,3.0,1.1,0.0,0.0
422,external_ems_2,bess_2,warning,2026-08-18T05:22:49.628852+00:00,2026-08-18T05:22:57.619306+00:00,7.99,5,0.6414,pcs_bms_current_mismatch;pcs_phase_current_imbalance,PCS DC current and BMS current mismatch: 43.0,5.0,39.2,48.0,4.6,3.0,1.1,0.0,0.0
423,external_ems_2,bess_2,warning,2026-08-18T05:24:52.628764+00:00,2026-08-18T05:24:58.618644+00:00,5.99,7,0.6745,pcs_bms_current_mismatch;pcs_bms_voltage_mismatch,PCS DC current and BMS current mismatch: 42.7,2.0,4.6,92.7,9.8,2.0,1.1,0.0,0.0
424,external_ems_2,bess_2,warning,2026-08-18T05:26:51.619250+00:00,2026-08-18T05:26:56.618565+00:00,4.999,6,0.5401,pcs_bms_current_mismatch;pcs_bms_voltage_mismatch,PCS DC voltage and BMS voltage mismatch: 5.2; PCS DC current and BMS current mismatch: 53.4,1.1,3.3,53.6,5.2,1.0,1.1,0.0,0.0
425,external_ems_2,bess_2,warning,2026-08-18T05:28:54.618633+00:00,2026-08-18T05:28:57.618596+00:00,3.0,4,0.4618,pcs_bms_current_mismatch,PCS DC current and BMS current mismatch: 48.8,0.6,0.6,48.8,3.7,1.0,1.2,0.0,0.0
426,external_ems_2,bess_2,warning,2026-08-18T05:30:52.619140+00:00,2026-08-18T05:30:53.618606+00:00,0.999,2,0.6503,pcs_bms_current_mismatch;pcs_bms_voltage_mismatch,PCS DC voltage and BMS voltage mismatch: 6.3; PCS DC current and BMS current mismatch: 62.3,0.6,1.7,62.3,6.3,2.0,1.2,0.0,0.0
427,external_ems_2,bess_2,warning,2026-08-18T05:32:52.618574+00:00,2026-08-18T05:32:53.618572+00:00,1.0,2,0.6552,pcs_bms_current_mismatch;pcs_bms_voltage_mismatch,PCS DC voltage and BMS voltage mismatch: 7.0; PCS DC current and BMS current mismatch: 68.3,0.5,1.6,68.3,7.0,2.0,1.2,0.0,0.0
428,external_ems_2,bess_2,warning,2026-08-18T05:34:48.628773+00:00,2026-08-18T05:34:51.619053+00:00,2.99,4,0.6572,pcs_bms_current_mismatch;pcs_bms_voltage_mismatch,PCS DC voltage and BMS voltage mismatch: 7.3; PCS DC current and BMS current mismatch: 71.2,0.8,0.8,71.2,7.3,2.0,1.2,0.0,0.0
429,external_ems_2,bess_2,warning,2026-08-18T05:36:42.628700+00:00,2026-08-18T05:36:47.619234+00:00,4.991,6,0.6607,pcs_bms_current_mismatch;pcs_bms_voltage_mismatch,PCS DC voltage and BMS voltage mismatch: 7.8; PCS DC current and BMS current mismatch: 74.9,0.7,2.3,74.9,7.8,2.0,1.2,0.0,0.0
430,external_ems_2,bess_2,warning,2026-08-18T05:38:47.618665+00:00,2026-08-18T05:38:48.629595+00:00,1.011,2,0.66,pcs_bms_current_mismatch;pcs_bms_voltage_mismatch,PCS DC voltage and BMS voltage mismatch: 7.7; PCS DC current and BMS current mismatch: 66.8,0.5,1.5,66.8,7.7,2.0,1.2,0.0,0.0
431,external_ems_2,bess_2,warning,2026-08-18T05:40:43.618796+00:00,2026-08-18T05:40:47.618578+00:00,4.0,5,0.5968,pcs_bms_current_mismatch;pcs_bms_voltage_mismatch;pcs_phase_voltage_imbalance,PCS DC voltage and BMS voltage mismatch: 5.3; PCS DC current and BMS current mismatch: 55.8,17.5,0.4,55.8,5.3,2.0,1.2,0.0,0.0
432,external_ems_2,bess_2,warning,2026-08-18T05:42:42.629138+00:00,2026-08-18T05:42:43.619418+00:00,0.99,2,0.4185,pcs_bms_current_mismatch,PCS DC current and BMS current mismatch: 46.1,0.6,1.4,46.1,4.6,2.0,1.2,0.0,0.0
433,external_ems_2,bess_2,warning,2026-08-18T05:44:35.629480+00:00,2026-08-18T05:44:41.618582+00:00,5.989,7,0.6552,pcs_bms_current_mismatch;pcs_bms_voltage_mismatch,PCS DC voltage and BMS voltage mismatch: 7.0; PCS DC current and BMS current mismatch: 69.1,1.7,4.3,69.1,7.0,2.0,1.2,0.0,0.0
434,external_ems_2,bess_2,warning,2026-08-18T05:48:38.618581+00:00,2026-08-18T05:48:41.618568+00:00,3.0,4,0.5903,pcs_bms_current_mismatch;pcs_bms_voltage_mismatch,PCS DC voltage and BMS voltage mismatch: 5.5; PCS DC current and BMS current mismatch: 56.6,1.9,3.4,56.6,5.5,1.0,1.2,0.0,0.0
435,external_ems_2,bess_2,warning,2026-08-18T05:50:35.618797+00:00,2026-08-18T05:50:36.629606+00:00,1.011,2,0.501,pcs_phase_voltage_imbalance;pcs_phase_current_imbalance;pcs_bms_current_mismatch;pcs_bms_voltage_mismatch,PCS phase voltage imbalance high: 6.9; PCS phase current imbalance high: 9.1; PCS DC voltage and BMS voltage mismatch: 5.1; PCS DC current and BMS current mismatch: 50.9,6.9,9.1,50.9,5.1,1.0,1.2,0.0,0.0
436,external_ems_2,bess_2,warning,2026-08-18T05:54:26.618577+00:00,2026-08-18T05:54:31.619197+00:00,5.001,6,0.6531,pcs_bms_current_mismatch;pcs_bms_voltage_mismatch,PCS DC current and BMS current mismatch: 46.4,2.9,3.7,65.8,6.7,2.0,1.2,0.0,0.0
437,external_ems_2,bess_2,warning,2026-08-18T06:45:58.628853+00:00,2026-08-18T06:45:59.618582+00:00,0.99,2,0.5645,pcs_bms_current_mismatch;pcs_bms_voltage_mismatch,PCS DC voltage and BMS voltage mismatch: 7.1; PCS DC current and BMS current mismatch: 54.3,0.6,1.7,54.3,7.1,5.0,1.3,0.0,0.0
438,external_ems_2,bess_2,warning,2026-08-18T07:03:28.629882+00:00,2026-08-18T07:03:29.618648+00:00,0.989,2,0.5777,pcs_bms_current_mismatch;pcs_bms_voltage_mismatch,PCS DC voltage and BMS voltage mismatch: 6.0; PCS DC current and BMS current mismatch: 55.6,1.0,1.7,55.6,6.0,2.0,1.3,0.0,0.0
439,external_ems_2,bess_2,warning,2026-08-18T07:07:30.618579+00:00,2026-08-18T07:07:33.628967+00:00,3.01,4,0.4297,pcs_bms_current_mismatch,PCS DC current and BMS current mismatch: 46.8,3.7,5.1,46.8,3.9,2.0,1.3,0.0,0.0
440,external_ems_2,bess_2,warning,2026-08-18T07:11:23.618557+00:00,2026-08-18T07:11:28.618572+00:00,5.0,6,0.6538,pcs_bms_current_mismatch;pcs_bms_voltage_mismatch,PCS DC voltage and BMS voltage mismatch: 6.4; PCS DC current and BMS current mismatch: 54.5,3.1,5.0,62.4,6.8,3.0,1.3,0.0,0.0
441,external_ems_2,bess_2,warning,2026-08-18T07:13:20.618580+00:00,2026-08-18T07:13:32.628690+00:00,12.01,7,0.6414,pcs_bms_current_mismatch,PCS DC current and BMS current mismatch: 69.4,0.9,4.3,69.4,4.4,4.0,1.4,0.0,0.0
442,external_ems_2,bess_2,warning,2026-08-18T07:15:22.618616+00:00,2026-08-18T07:15:27.618571+00:00,5.0,6,0.671,pcs_bms_current_mismatch;pcs_bms_voltage_mismatch,PCS DC current and BMS current mismatch: 43.7,0.4,1.5,91.0,9.3,4.0,1.4,0.0,0.0
443,external_ems_2,bess_2,warning,2026-08-18T07:17:21.618579+00:00,2026-08-18T07:17:26.618571+00:00,5.0,6,0.6412,pcs_bms_current_mismatch;pcs_bms_voltage_mismatch,PCS DC voltage and BMS voltage mismatch: 6.2; PCS DC current and BMS current mismatch: 58.3,0.6,1.8,59.3,6.6,6.0,1.4,0.0,0.0
444,external_ems_2,bess_2,warning,2026-08-18T07:19:23.618560+00:00,2026-08-18T07:19:26.618621+00:00,3.0,4,0.6414,pcs_bms_current_mismatch,PCS DC current and BMS current mismatch: 65.1,0.8,1.2,65.1,4.8,6.0,1.4,0.0,0.0
445,external_ems_2,bess_2,warning,2026-08-18T07:23:20.618570+00:00,2026-08-18T07:23:21.628678+00:00,1.01,2,0.6538,pcs_bms_current_mismatch;pcs_bms_voltage_mismatch,PCS DC voltage and BMS voltage mismatch: 6.8; PCS DC current and BMS current mismatch: 60.9,0.4,1.7,60.9,6.8,7.0,1.3,0.0,0.0
446,external_ems_2,bess_2,warning,2026-08-18T07:25:14.618588+00:00,2026-08-18T07:25:19.618568+00:00,5.0,6,0.5593,pcs_bms_current_mismatch;pcs_bms_voltage_mismatch;bms_cell_voltage_spread,BMS cell voltage spread high: 9.0; PCS DC voltage and BMS voltage mismatch: 5.5; PCS DC current and BMS current mismatch: 54.3,1.2,3.1,54.3,5.5,9.0,1.3,0.0,0.0
447,external_ems_2,bess_2,warning,2026-08-18T07:29:16.619037+00:00,2026-08-18T07:29:19.618581+00:00,3.0,4,0.3593,pcs_bms_current_mismatch;bms_cell_voltage_spread,BMS cell voltage spread high: 11.0; PCS DC current and BMS current mismatch: 41.3,2.0,3.4,41.3,3.3,11.0,1.4,0.0,0.0
448,external_ems_2,bess_2,warning,2026-08-18T07:30:13.618586+00:00,2026-08-18T07:47:49.628738+00:00,1056.01,1017,0.6913,bms_cell_voltage_spread;pcs_bms_current_mismatch;pcs_bms_voltage_mismatch;pcs_phase_current_imbalance,BMS cell voltage spread high: 13.0,4.9,17.5,70.8,7.5,15.0,1.5,0.0,0.0
449,external_ems_2,bess_2,warning,2026-08-18T07:54:58.630011+00:00,2026-08-18T07:54:59.618964+00:00,0.989,2,0.5438,pcs_bms_current_mismatch;pcs_bms_voltage_mismatch,PCS DC voltage and BMS voltage mismatch: 5.5; PCS DC current and BMS current mismatch: 53.7,2.8,1.7,53.7,5.5,2.0,1.5,0.0,0.0
450,external_ems_2,bess_2,warning,2026-08-18T07:56:53.630328+00:00,2026-08-18T07:56:57.618565+00:00,3.988,5,0.4762,pcs_bms_current_mismatch,PCS DC current and BMS current mismatch: 49.7,1.3,3.9,49.7,5.0,2.0,1.6,0.0,0.0
451,external_ems_2,bess_2,warning,2026-08-18T08:00:53.618563+00:00,2026-08-18T08:00:57.619164+00:00,4.001,5,0.3848,pcs_bms_current_mismatch,PCS DC current and BMS current mismatch: 44.0,0.7,0.4,44.0,2.9,2.0,1.7,0.0,0.0
452,external_ems_2,bess_2,warning,2026-08-18T08:04:47.618580+00:00,2026-08-18T08:04:53.619405+00:00,6.001,7,0.6586,pcs_bms_current_mismatch;pcs_bms_voltage_mismatch,PCS DC voltage and BMS voltage mismatch: 7.5; PCS DC current and BMS current mismatch: 67.7,0.6,2.0,67.7,7.5,3.0,1.6,0.0,0.0
453,external_ems_2,bess_2,warning,2026-08-18T08:06:52.618580+00:00,2026-08-18T08:06:53.629670+00:00,1.011,2,0.6219,pcs_bms_current_mismatch;pcs_bms_voltage_mismatch,PCS DC voltage and BMS voltage mismatch: 5.9; PCS DC current and BMS current mismatch: 58.4,0.7,1.5,58.4,5.9,3.0,1.6,0.0,0.0
454,external_ems_2,bess_2,warning,2026-08-18T08:12:42.628730+00:00,2026-08-18T08:12:46.618569+00:00,3.99,5,0.4458,pcs_bms_current_mismatch,PCS DC current and BMS current mismatch: 47.8,0.6,0.3,47.8,4.6,5.0,1.6,0.0,0.0
455,external_ems_2,bess_2,warning,2026-08-18T08:14:36.630149+00:00,2026-08-18T08:14:40.618691+00:00,3.989,5,0.3864,pcs_bms_current_mismatch,PCS DC current and BMS current mismatch: 44.1,0.4,1.6,44.1,4.3,6.0,1.6,0.0,0.0
456,external_ems_2,bess_2,warning,2026-08-18T08:17:14.618570+00:00,2026-08-18T08:17:18.618577+00:00,4.0,5,0.6538,pcs_bms_current_mismatch;pcs_bms_voltage_mismatch,PCS DC voltage and BMS voltage mismatch: 6.8; PCS DC current and BMS current mismatch: 75.6,0.6,0.4,75.6,6.8,5.0,1.6,0.0,0.0
457,external_ems_2,bess_2,warning,2026-08-18T08:21:12.618576+00:00,2026-08-18T08:21:13.629864+00:00,1.011,2,0.5814,pcs_bms_current_mismatch;pcs_bms_voltage_mismatch,PCS DC voltage and BMS voltage mismatch: 5.6; PCS DC current and BMS current mismatch: 56.0,3.8,3.7,56.0,5.6,7.0,1.6,0.0,0.0
458,external_ems_2,bess_2,warning,2026-08-18T08:23:12.618579+00:00,2026-08-18T08:23:13.629961+00:00,1.011,2,0.6593,pcs_bms_current_mismatch;pcs_bms_voltage_mismatch,PCS DC voltage and BMS voltage mismatch: 7.6; PCS DC current and BMS current mismatch: 75.4,2.4,4.6,75.4,7.6,8.0,1.6,0.0,0.0
459,external_ems_2,bess_2,warning,2026-08-18T08:29:52.618533+00:00,2026-08-18T08:40:18.628727+00:00,626.01,585,0.6733,bms_cell_voltage_spread;pcs_bms_current_mismatch;pcs_bms_voltage_mismatch,BMS cell voltage spread high: 13.0,4.6,4.9,61.5,6.2,15.0,1.8,0.0,0.0
460,external_ems_2,bess_2,warning,2026-08-18T08:47:40.619542+00:00,2026-08-18T08:47:41.618578+00:00,0.999,2,0.6759,pcs_bms_current_mismatch;pcs_bms_voltage_mismatch,PCS DC voltage and BMS voltage mismatch: 10.0; PCS DC current and BMS current mismatch: 75.7,0.7,1.9,75.7,10.0,2.0,1.6,0.0,0.0
461,external_ems_2,bess_2,warning,2026-08-18T08:49:34.618580+00:00,2026-08-18T08:49:39.618578+00:00,5.0,6,0.4641,pcs_bms_current_mismatch;pcs_bms_voltage_mismatch,PCS DC current and BMS current mismatch: 46.5,0.5,0.7,48.9,5.1,2.0,1.7,0.0,0.0
462,external_ems_2,bess_2,warning,2026-08-18T08:51:29.619226+00:00,2026-08-18T08:51:41.618586+00:00,11.999,6,0.5889,pcs_bms_current_mismatch;pcs_bms_voltage_mismatch,PCS DC current and BMS current mismatch: 43.4,0.5,1.6,56.3,6.0,3.0,1.8,0.0,0.0
463,external_ems_2,bess_2,warning,2026-08-18T08:55:28.618586+00:00,2026-08-18T08:55:29.618583+00:00,1.0,2,0.6759,pcs_bms_current_mismatch;pcs_bms_voltage_mismatch,PCS DC voltage and BMS voltage mismatch: 10.1; PCS DC current and BMS current mismatch: 76.5,2.7,4.9,76.5,10.1,2.0,1.7,0.0,0.0
464,external_ems_2,bess_2,warning,2026-08-18T08:57:22.630287+00:00,2026-08-18T08:57:27.618648+00:00,4.988,6,0.6483,pcs_bms_current_mismatch;pcs_bms_voltage_mismatch,PCS DC current and BMS current mismatch: 59.0,1.0,3.8,69.4,6.0,2.0,1.8,0.0,0.0
465,external_ems_2,bess_2,warning,2026-08-18T08:59:18.629150+00:00,2026-08-18T08:59:30.629835+00:00,12.001,6,0.6566,pcs_bms_current_mismatch;pcs_bms_voltage_mismatch,PCS DC voltage and BMS voltage mismatch: 5.5; PCS DC current and BMS current mismatch: 47.7,2.5,2.4,62.9,7.2,2.0,1.8,0.0,0.0
466,external_ems_2,bess_2,warning,2026-08-18T09:02:51.619398+00:00,2026-08-18T09:03:24.618582+00:00,32.999,13,0.4249,pcs_bms_current_mismatch;pcs_phase_current_imbalance,PCS DC current and BMS current mismatch: 46.5,0.7,23.5,46.5,4.7,3.0,1.9,0.0,0.0
467,external_ems_2,bess_2,warning,2026-08-18T09:05:18.618588+00:00,2026-08-18T09:05:21.618587+00:00,3.0,4,0.3848,pcs_bms_current_mismatch,PCS DC current and BMS current mismatch: 44.0,0.4,0.4,44.0,4.1,3.0,1.8,0.0,0.0
468,external_ems_2,bess_2,warning,2026-08-18T09:07:13.618614+00:00,2026-08-18T09:07:16.618560+00:00,3.0,4,0.6497,pcs_bms_current_mismatch;pcs_bms_voltage_mismatch,PCS DC voltage and BMS voltage mismatch: 6.2; PCS DC current and BMS current mismatch: 60.4,0.6,2.7,60.4,6.2,3.0,1.8,0.0,0.0
469,external_ems_2,bess_2,warning,2026-08-18T09:09:17.629490+00:00,2026-08-18T09:09:18.619238+00:00,0.99,2,0.5113,pcs_bms_current_mismatch;pcs_bms_voltage_mismatch,PCS DC voltage and BMS voltage mismatch: 5.9; PCS DC current and BMS current mismatch: 51.5,1.0,1.7,51.5,5.9,3.0,1.8,0.0,0.0
470,external_ems_2,bess_2,warning,2026-08-18T09:11:12.629267+00:00,2026-08-18T09:11:17.619188+00:00,4.99,6,0.6545,pcs_bms_current_mismatch;pcs_bms_voltage_mismatch,PCS DC current and BMS current mismatch: 43.0,0.7,1.8,66.0,6.9,2.0,1.8,0.0,0.0
471,external_ems_2,bess_2,warning,2026-08-18T09:13:10.618586+00:00,2026-08-18T09:13:16.628975+00:00,6.01,7,0.6524,pcs_bms_current_mismatch;pcs_bms_voltage_mismatch,PCS DC voltage and BMS voltage mismatch: 6.6; PCS DC current and BMS current mismatch: 70.1,0.5,0.5,70.1,6.6,4.0,1.8,0.0,0.0
472,external_ems_2,bess_2,warning,2026-08-18T09:15:11.618573+00:00,2026-08-18T09:15:12.630203+00:00,1.012,2,0.6628,pcs_bms_current_mismatch;pcs_bms_voltage_mismatch,PCS DC voltage and BMS voltage mismatch: 8.1; PCS DC current and BMS current mismatch: 74.4,5.0,6.0,74.4,8.1,4.0,1.8,0.0,0.0
473,external_ems_2,bess_2,warning,2026-08-18T09:17:05.629759+00:00,2026-08-18T09:17:12.619289+00:00,6.99,3,0.66,pcs_bms_current_mismatch;pcs_bms_voltage_mismatch,PCS DC voltage and BMS voltage mismatch: 7.7; PCS DC current and BMS current mismatch: 67.1,1.9,4.1,67.1,7.7,5.0,1.8,0.0,0.0
474,external_ems_2,bess_2,warning,2026-08-18T09:19:04.628669+00:00,2026-08-18T09:19:11.618560+00:00,6.99,4,0.4874,pcs_bms_current_mismatch,PCS DC current and BMS current mismatch: 44.8,2.6,3.9,50.4,4.2,5.0,1.8,0.0,0.0
475,external_ems_2,bess_2,warning,2026-08-18T09:23:03.618607+00:00,2026-08-18T09:23:09.619186+00:00,6.001,7,0.5972,pcs_bms_current_mismatch;pcs_bms_voltage_mismatch,PCS DC voltage and BMS voltage mismatch: 5.1; PCS DC current and BMS current mismatch: 49.0,0.6,0.1,56.6,6.5,7.0,1.8,0.0,0.0
476,external_ems_2,bess_2,warning,2026-08-18T09:24:59.628945+00:00,2026-08-18T09:25:02.628909+00:00,3.0,4,0.3842,pcs_bms_current_mismatch;pcs_bms_voltage_mismatch,PCS DC voltage and BMS voltage mismatch: 5.6; PCS DC current and BMS current mismatch: 43.7,0.8,1.6,43.7,5.6,8.0,1.8,0.0,0.0
477,external_ems_2,bess_2,warning,2026-08-18T09:32:51.618565+00:00,2026-08-18T09:32:52.630548+00:00,1.012,2,0.6572,pcs_bms_current_mismatch;pcs_bms_voltage_mismatch,PCS DC voltage and BMS voltage mismatch: 7.3; PCS DC current and BMS current mismatch: 76.1,2.7,5.4,76.1,7.3,1.0,1.8,0.0,0.0
478,external_ems_2,bess_2,warning,2026-08-18T09:34:45.628865+00:00,2026-08-18T09:34:51.618578+00:00,5.99,7,0.6531,pcs_bms_current_mismatch;pcs_bms_voltage_mismatch,PCS DC voltage and BMS voltage mismatch: 5.7; PCS DC current and BMS current mismatch: 62.1,1.0,3.6,65.6,6.7,2.0,1.9,0.0,0.0
479,external_ems_2,bess_2,warning,2026-08-18T09:36:41.618620+00:00,2026-08-18T09:36:53.619026+00:00,12.0,6,0.6683,pcs_bms_current_mismatch;pcs_bms_voltage_mismatch,PCS DC voltage and BMS voltage mismatch: 5.9; PCS DC current and BMS current mismatch: 53.1,0.6,1.8,71.8,8.9,2.0,2.0,0.0,0.0
480,external_ems_2,bess_2,warning,2026-08-18T09:37:29.618521+00:00,2026-08-18T09:37:29.618521+00:00,0.0,1,0.4628,pcs_phase_current_imbalance;pcs_bms_current_mismatch,PCS phase current imbalance high: 27.1; PCS DC current and BMS current mismatch: 28.8,0.5,27.1,28.8,3.4,2.0,2.0,0.0,0.0
481,external_ems_2,bess_2,warning,2026-08-18T09:38:45.630366+00:00,2026-08-18T09:38:46.618579+00:00,0.988,2,0.3704,pcs_bms_current_mismatch,PCS DC current and BMS current mismatch: 43.1,0.8,0.8,43.1,5.0,2.0,1.9,0.0,0.0
482,external_ems_2,bess_2,warning,2026-08-18T09:49:00.628739+00:00,2026-08-18T09:49:03.628804+00:00,3.0,4,0.465,pcs_bms_current_mismatch,PCS DC current and BMS current mismatch: 49.0,2.4,0.6,49.0,3.6,1.0,1.9,0.0,0.0
483,external_ems_2,bess_2,warning,2026-08-18T09:51:29.630478+00:00,2026-08-18T09:51:30.619160+00:00,0.989,2,0.6107,pcs_bms_current_mismatch;pcs_bms_voltage_mismatch,PCS DC voltage and BMS voltage mismatch: 6.6; PCS DC current and BMS current mismatch: 57.4,0.5,1.7,57.4,6.6,2.0,1.9,0.0,0.0
484,external_ems_2,bess_2,warning,2026-08-18T09:53:29.628691+00:00,2026-08-18T09:53:30.618955+00:00,0.99,2,0.4381,pcs_phase_voltage_imbalance;pcs_bms_current_mismatch,PCS phase voltage imbalance high: 8.1; PCS DC current and BMS current mismatch: 47.0,8.1,1.9,47.0,4.5,2.0,1.9,0.0,0.0
485,external_ems_2,bess_2,warning,2026-08-18T10:03:16.628683+00:00,2026-08-18T10:03:18.629910+00:00,2.001,3,0.6824,pcs_phase_voltage_imbalance;pcs_phase_current_imbalance;pcs_bms_current_mismatch;pcs_bms_voltage_mismatch,PCS phase voltage imbalance high: 8.4; PCS phase current imbalance high: 12.2; PCS DC voltage and BMS voltage mismatch: 9.2; PCS DC current and BMS current mismatch: 91.3,8.4,12.2,91.3,9.2,3.0,1.9,0.0,0.0
486,external_ems_2,bess_2,warning,2026-08-18T10:05:10.629565+00:00,2026-08-18T10:05:16.618572+00:00,5.989,7,0.6418,pcs_phase_current_imbalance;pcs_bms_current_mismatch,PCS phase current imbalance high: 8.3; PCS DC current and BMS current mismatch: 61.1,3.0,8.3,61.5,1.2,1.0,1.9,0.0,0.0
487,external_ems_2,bess_2,warning,2026-08-18T10:11:51.629188+00:00,2026-08-18T10:11:54.618567+00:00,2.989,4,0.6566,pcs_bms_current_mismatch;pcs_bms_voltage_mismatch,PCS DC voltage and BMS voltage mismatch: 7.2; PCS DC current and BMS current mismatch: 66.4,0.5,0.2,66.4,7.2,2.0,2.0,0.0,0.0
488,external_ems_2,bess_2,warning,2026-08-18T11:45:20.629612+00:00,2026-08-18T11:45:21.619214+00:00,0.99,2,0.372,pcs_bms_current_mismatch,PCS DC current and BMS current mismatch: 43.2,0.4,2.8,43.2,2.7,2.0,1.8,0.0,0.0
489,external_ems_2,bess_2,warning,2026-08-18T12:38:05.619351+00:00,2026-08-18T12:38:05.619351+00:00,0.0,1,0.4361,pcs_phase_voltage_imbalance,PCS phase voltage imbalance high: 22.0,22.0,2.5,0.5,1.1,2.0,1.7,0.0,0.0
490,external_ems_2,bess_2,warning,2026-08-18T20:25:09.618694+00:00,2026-08-18T20:25:09.618694+00:00,0.0,1,0.3516,pcs_phase_current_imbalance,PCS phase current imbalance high: 22.8,0.6,22.8,11.3,1.6,1.0,0.9,0.0,0.0
491,external_ems_1,bess_1,abnormal,2026-08-17T12:46:59.618577+00:00,2026-08-17T12:47:24.618575+00:00,25.0,26,0.7103,pcs_fault_or_alarm;pcs_phase_voltage_imbalance,PCS fault or alarm flags active: 2.0,36.6,0.3,0.3,2.5,1.0,1.9,2.0,0.0
492,external_ems_2,bess_2,warning,2026-08-19T01:28:19.618576+00:00,2026-08-19T01:28:19.618576+00:00,0.0,1,0.4632,pcs_phase_current_imbalance,PCS phase current imbalance high: 27.5,1.4,27.5,6.4,1.7,2.0,0.8,0.0,0.0
493,external_ems_2,bess_2,warning,2026-08-19T04:52:25.618575+00:00,2026-08-19T04:52:28.618684+00:00,3.0,4,0.5505,pcs_bms_current_mismatch;pcs_bms_voltage_mismatch,PCS DC voltage and BMS voltage mismatch: 6.0; PCS DC current and BMS current mismatch: 53.9,0.8,1.2,53.9,6.0,1.0,0.9,0.0,0.0
494,external_ems_2,bess_2,warning,2026-08-19T04:54:19.619498+00:00,2026-08-19T04:54:22.629641+00:00,3.01,4,0.4966,pcs_bms_current_mismatch;pcs_bms_voltage_mismatch,PCS DC voltage and BMS voltage mismatch: 5.4; PCS DC current and BMS current mismatch: 50.8,0.7,1.0,50.8,5.4,2.0,0.9,0.0,0.0
495,external_ems_2,bess_2,warning,2026-08-19T04:57:07.618648+00:00,2026-08-19T04:57:19.618567+00:00,12.0,13,0.4185,pcs_phase_current_imbalance;pcs_bms_current_mismatch,PCS phase current imbalance high: 23.8,4.9,25.0,34.2,2.5,2.0,0.9,0.0,0.0
496,external_ems_2,bess_2,warning,2026-08-19T05:10:23.630734+00:00,2026-08-19T05:10:24.618808+00:00,0.988,2,0.6641,pcs_bms_current_mismatch;pcs_bms_voltage_mismatch,PCS DC voltage and BMS voltage mismatch: 8.3; PCS DC current and BMS current mismatch: 68.5,0.4,1.8,68.5,8.3,2.0,1.0,0.0,0.0
497,external_ems_2,bess_2,warning,2026-08-19T05:13:32.629457+00:00,2026-08-19T05:13:33.619571+00:00,0.99,2,0.662,pcs_phase_voltage_imbalance;pcs_bms_current_mismatch;pcs_bms_voltage_mismatch,PCS phase voltage imbalance high: 5.8; PCS DC voltage and BMS voltage mismatch: 7.8; PCS DC current and BMS current mismatch: 68.0,5.8,4.7,68.0,7.8,2.0,1.0,0.0,0.0
498,external_ems_2,bess_2,warning,2026-08-19T05:20:05.618566+00:00,2026-08-19T05:20:08.618550+00:00,3.0,4,0.5578,pcs_bms_current_mismatch;pcs_bms_voltage_mismatch,PCS DC voltage and BMS voltage mismatch: 5.2; PCS DC current and BMS current mismatch: 54.7,2.1,4.5,54.7,5.2,2.0,1.0,0.0,0.0
499,external_ems_2,bess_2,warning,2026-08-19T05:35:53.618575+00:00,2026-08-19T05:35:57.618589+00:00,4.0,5,0.356,pcs_bms_current_mismatch,PCS DC current and BMS current mismatch: 42.2,0.6,2.5,42.2,4.6,1.0,1.1,0.0,0.0
500,external_ems_2,bess_2,warning,2026-08-19T05:42:40.618579+00:00,2026-08-19T05:42:41.618566+00:00,1.0,2,0.5351,pcs_bms_current_mismatch;pcs_bms_voltage_mismatch,PCS DC voltage and BMS voltage mismatch: 6.1; PCS DC current and BMS current mismatch: 52.9,3.4,2.2,52.9,6.1,3.0,1.0,0.0,0.0
501,external_ems_2,bess_2,warning,2026-08-19T05:44:40.619449+00:00,2026-08-19T05:44:41.618570+00:00,0.999,2,0.6538,pcs_bms_current_mismatch;pcs_bms_voltage_mismatch,PCS DC voltage and BMS voltage mismatch: 6.8; PCS DC current and BMS current mismatch: 71.0,2.5,3.1,71.0,6.8,2.0,1.1,0.0,0.0
502,external_ems_2,bess_2,warning,2026-08-19T06:04:48.629524+00:00,2026-08-19T06:04:49.618589+00:00,0.989,2,0.6628,pcs_bms_current_mismatch;pcs_bms_voltage_mismatch,PCS DC voltage and BMS voltage mismatch: 8.1; PCS DC current and BMS current mismatch: 65.0,0.6,1.6,65.0,8.1,3.0,1.2,0.0,0.0
503,external_ems_2,bess_2,warning,2026-08-19T06:06:44.618594+00:00,2026-08-19T06:06:47.618601+00:00,3.0,4,0.6325,pcs_bms_current_mismatch;pcs_bms_voltage_mismatch,PCS DC voltage and BMS voltage mismatch: 5.8; PCS DC current and BMS current mismatch: 59.1,0.4,0.5,59.1,5.8,2.0,1.2,0.0,0.0
504,external_ems_2,bess_2,warning,2026-08-19T06:08:37.618567+00:00,2026-08-19T06:08:43.618575+00:00,6.0,7,0.4517,pcs_bms_current_mismatch;pcs_bms_voltage_mismatch,PCS DC voltage and BMS voltage mismatch: 5.4; PCS DC current and BMS current mismatch: 48.0,0.8,1.6,48.0,5.4,2.0,1.2,0.0,0.0
505,external_ems_2,bess_2,warning,2026-08-19T06:11:16.618568+00:00,2026-08-19T06:11:19.618570+00:00,3.0,4,0.66,pcs_bms_current_mismatch;pcs_bms_voltage_mismatch,PCS DC voltage and BMS voltage mismatch: 7.7; PCS DC current and BMS current mismatch: 78.1,1.9,4.5,78.1,7.7,2.0,1.2,0.0,0.0
506,external_ems_2,bess_2,warning,2026-08-19T06:13:09.629300+00:00,2026-08-19T06:13:15.629905+00:00,6.001,7,0.4533,pcs_bms_current_mismatch;pcs_bms_voltage_mismatch,PCS DC current and BMS current mismatch: 43.6,2.1,3.3,48.1,5.4,2.0,1.1,0.0,0.0
507,external_ems_2,bess_2,warning,2026-08-19T06:19:02.618578+00:00,2026-08-19T06:19:08.618714+00:00,6.0,7,0.6538,pcs_bms_current_mismatch;pcs_bms_voltage_mismatch,PCS DC voltage and BMS voltage mismatch: 6.0; PCS DC current and BMS current mismatch: 54.0,2.0,2.0,63.5,6.8,1.0,1.1,0.0,0.0
508,external_ems_2,bess_2,warning,2026-08-19T06:23:31.628961+00:00,2026-08-19T06:23:32.618643+00:00,0.99,2,0.3608,pcs_bms_current_mismatch,PCS DC current and BMS current mismatch: 42.5,0.1,1.7,42.5,4.4,3.0,1.1,0.0,0.0
509,external_ems_2,bess_2,warning,2026-08-19T06:25:52.629234+00:00,2026-08-19T06:25:55.628788+00:00,3.0,4,0.6008,pcs_bms_current_mismatch;pcs_bms_voltage_mismatch,PCS DC voltage and BMS voltage mismatch: 5.4; PCS DC current and BMS current mismatch: 57.3,0.4,0.3,57.3,5.4,1.0,1.3,0.0,0.0
510,external_ems_2,bess_2,warning,2026-08-19T06:27:50.618570+00:00,2026-08-19T06:27:55.629151+00:00,5.011,6,0.651,pcs_bms_current_mismatch;pcs_bms_voltage_mismatch,PCS DC voltage and BMS voltage mismatch: 6.4; PCS DC current and BMS current mismatch: 71.2,0.3,0.4,71.2,6.4,1.0,1.3,0.0,0.0
511,external_ems_2,bess_2,warning,2026-08-19T06:29:46.628742+00:00,2026-08-19T06:29:51.618577+00:00,4.99,6,0.6628,pcs_bms_current_mismatch;pcs_bms_voltage_mismatch,PCS DC voltage and BMS voltage mismatch: 6.1; PCS DC current and BMS current mismatch: 51.4,0.7,1.8,76.7,8.1,2.0,1.3,0.0,0.0
512,external_ems_2,bess_2,warning,2026-08-19T06:31:43.618572+00:00,2026-08-19T06:31:44.618567+00:00,1.0,2,0.4517,pcs_bms_current_mismatch;pcs_bms_voltage_mismatch,PCS DC voltage and BMS voltage mismatch: 5.4; PCS DC current and BMS current mismatch: 48.0,0.5,0.7,48.0,5.4,2.0,1.3,0.0,0.0
513,external_ems_2,bess_2,warning,2026-08-19T06:33:45.628682+00:00,2026-08-19T06:33:49.618734+00:00,3.99,5,0.4975,pcs_bms_current_mismatch;pcs_phase_voltage_imbalance,PCS DC current and BMS current mismatch: 50.9,6.2,0.7,50.9,3.8,2.0,1.3,0.0,0.0
514,external_ems_2,bess_2,warning,2026-08-19T06:35:42.629109+00:00,2026-08-19T06:35:48.628753+00:00,6.0,7,0.6559,pcs_bms_current_mismatch;pcs_bms_voltage_mismatch,PCS DC voltage and BMS voltage mismatch: 7.1; PCS DC current and BMS current mismatch: 75.3,0.5,0.4,75.3,7.1,1.0,1.3,0.0,0.0
515,external_ems_2,bess_2,warning,2026-08-19T06:37:38.618559+00:00,2026-08-19T06:37:44.629443+00:00,6.011,7,0.6517,pcs_bms_current_mismatch;pcs_bms_voltage_mismatch,PCS DC voltage and BMS voltage mismatch: 6.5; PCS DC current and BMS current mismatch: 60.7,4.3,4.1,60.7,6.5,3.0,1.3,0.0,0.0
516,external_ems_2,bess_2,warning,2026-08-19T06:39:36.618572+00:00,2026-08-19T06:39:42.618578+00:00,6.0,7,0.6102,pcs_bms_current_mismatch;pcs_bms_voltage_mismatch,PCS DC voltage and BMS voltage mismatch: 5.6; PCS DC current and BMS current mismatch: 57.8,1.6,4.2,57.8,5.6,2.0,1.3,0.0,0.0
517,external_ems_2,bess_2,warning,2026-08-19T06:43:36.629435+00:00,2026-08-19T06:43:37.619564+00:00,0.99,2,0.5725,pcs_bms_current_mismatch;pcs_bms_voltage_mismatch,PCS DC voltage and BMS voltage mismatch: 6.4; PCS DC current and BMS current mismatch: 55.1,2.8,2.8,55.1,6.4,2.0,1.3,0.0,0.0
518,external_ems_2,bess_2,warning,2026-08-19T06:45:30.618568+00:00,2026-08-19T06:45:37.618564+00:00,7.0,4,0.6621,pcs_bms_current_mismatch;pcs_bms_voltage_mismatch,PCS DC voltage and BMS voltage mismatch: 5.3; PCS DC current and BMS current mismatch: 51.5,0.5,1.6,77.2,8.0,2.0,1.3,0.0,0.0
519,external_ems_2,bess_2,warning,2026-08-19T06:47:36.618576+00:00,2026-08-19T06:47:37.628680+00:00,1.01,2,0.6634,pcs_bms_current_mismatch;pcs_bms_voltage_mismatch,PCS DC voltage and BMS voltage mismatch: 8.2; PCS DC current and BMS current mismatch: 68.3,0.7,1.7,68.3,8.2,3.0,1.4,0.0,0.0
520,external_ems_2,bess_2,warning,2026-08-19T06:51:25.618625+00:00,2026-08-19T06:51:30.629868+00:00,5.011,6,0.6545,pcs_bms_current_mismatch;pcs_bms_voltage_mismatch,PCS DC voltage and BMS voltage mismatch: 6.9; PCS DC current and BMS current mismatch: 63.1,0.7,2.3,63.1,6.9,3.0,1.4,0.0,0.0
521,external_ems_2,bess_2,warning,2026-08-19T06:53:24.618577+00:00,2026-08-19T06:53:28.618574+00:00,4.0,5,0.4897,pcs_bms_current_mismatch;pcs_bms_voltage_mismatch,PCS DC voltage and BMS voltage mismatch: 5.1; PCS DC current and BMS current mismatch: 50.5,0.6,0.9,50.5,5.1,1.0,1.4,0.0,0.0
522,external_ems_2,bess_2,warning,2026-08-19T06:55:18.646382+00:00,2026-08-19T06:55:52.618580+00:00,33.972,8,0.4728,pcs_bms_current_mismatch;pcs_bms_voltage_mismatch,PCS DC current and BMS current mismatch: 43.8,0.5,3.1,49.4,5.2,2.0,1.4,0.0,0.0
523,external_ems_2,bess_2,warning,2026-08-19T06:57:49.618775+00:00,2026-08-19T06:57:52.618563+00:00,3.0,4,0.4169,pcs_bms_current_mismatch,PCS DC current and BMS current mismatch: 46.0,0.8,1.0,46.0,3.8,1.0,1.4,0.0,0.0
524,external_ems_2,bess_2,warning,2026-08-19T06:59:42.618573+00:00,2026-08-19T06:59:48.619256+00:00,6.001,7,0.6327,pcs_bms_current_mismatch;pcs_bms_voltage_mismatch,PCS DC voltage and BMS voltage mismatch: 5.5; PCS DC current and BMS current mismatch: 49.3,0.4,2.2,58.9,6.3,2.0,1.4,0.0,0.0
525,external_ems_2,bess_2,warning,2026-08-19T07:02:19.618566+00:00,2026-08-19T07:02:20.629166+00:00,1.011,2,0.4703,pcs_bms_current_mismatch;pcs_bms_voltage_mismatch,PCS DC voltage and BMS voltage mismatch: 5.3; PCS DC current and BMS current mismatch: 49.2,0.4,1.8,49.2,5.3,2.0,1.4,0.0,0.0
526,external_ems_2,bess_2,warning,2026-08-19T07:04:19.629749+00:00,2026-08-19T07:04:20.619307+00:00,0.99,2,0.6579,pcs_bms_current_mismatch;pcs_bms_voltage_mismatch,PCS DC voltage and BMS voltage mismatch: 7.4; PCS DC current and BMS current mismatch: 73.5,4.9,6.6,73.5,7.4,2.0,1.4,0.0,0.0
527,external_ems_2,bess_2,warning,2026-08-19T07:09:22.629236+00:00,2026-08-19T07:09:23.618566+00:00,0.989,2,0.5006,pcs_phase_voltage_imbalance;pcs_bms_current_mismatch,PCS phase voltage imbalance high: 8.1; PCS DC current and BMS current mismatch: 50.9,8.1,6.3,50.9,0.2,2.0,1.4,0.0,0.0
528,external_ems_2,bess_2,warning,2026-08-19T07:13:31.629087+00:00,2026-08-19T07:13:35.628978+00:00,4.0,5,0.5938,pcs_bms_current_mismatch;pcs_bms_voltage_mismatch;pcs_phase_voltage_imbalance,PCS DC voltage and BMS voltage mismatch: 5.7; PCS DC current and BMS current mismatch: 55.0,21.8,3.5,55.0,5.7,1.0,1.5,0.0,0.0
529,external_ems_2,bess_2,warning,2026-08-19T07:27:25.618581+00:00,2026-08-19T07:27:26.618581+00:00,1.0,2,0.4265,pcs_bms_current_mismatch,PCS DC current and BMS current mismatch: 46.6,0.4,1.7,46.6,4.8,3.0,1.6,0.0,0.0
530,external_ems_2,bess_2,warning,2026-08-19T07:35:09.618609+00:00,2026-08-19T07:35:12.618559+00:00,3.0,4,0.6476,pcs_bms_current_mismatch;pcs_bms_voltage_mismatch,PCS DC voltage and BMS voltage mismatch: 5.9; PCS DC current and BMS current mismatch: 61.1,0.9,0.9,61.1,5.9,2.0,1.5,0.0,0.0
531,external_ems_2,bess_2,warning,2026-08-19T07:37:03.618580+00:00,2026-08-19T07:37:06.629218+00:00,3.011,4,0.5644,pcs_bms_current_mismatch;pcs_bms_voltage_mismatch,PCS DC voltage and BMS voltage mismatch: 5.7; PCS DC current and BMS current mismatch: 54.9,0.6,1.8,54.9,5.7,2.0,1.5,0.0,0.0
532,external_ems_2,bess_2,warning,2026-08-19T07:43:58.628711+00:00,2026-08-19T07:43:59.618789+00:00,0.99,2,0.671,pcs_bms_current_mismatch;pcs_bms_voltage_mismatch,PCS DC voltage and BMS voltage mismatch: 9.3; PCS DC current and BMS current mismatch: 80.0,2.6,3.9,80.0,9.3,3.0,1.5,0.0,0.0
533,external_ems_2,bess_2,warning,2026-08-19T07:46:06.618559+00:00,2026-08-19T07:46:09.618558+00:00,3.0,4,0.6503,pcs_bms_current_mismatch;pcs_bms_voltage_mismatch,PCS DC voltage and BMS voltage mismatch: 6.3; PCS DC current and BMS current mismatch: 66.5,0.5,0.8,66.5,6.3,1.0,1.6,0.0,0.0
534,external_ems_2,bess_2,warning,2026-08-19T07:48:00.618582+00:00,2026-08-19T07:48:24.629573+00:00,24.011,6,0.6634,pcs_bms_current_mismatch;pcs_bms_voltage_mismatch,PCS DC voltage and BMS voltage mismatch: 7.3; PCS DC current and BMS current mismatch: 57.0,0.6,1.5,67.3,8.2,2.0,1.6,0.0,0.0
535,external_ems_2,bess_2,warning,2026-08-19T07:50:17.618574+00:00,2026-08-19T07:50:18.629918+00:00,1.011,2,0.4025,pcs_bms_current_mismatch,PCS DC current and BMS current mismatch: 45.1,0.6,0.7,45.1,4.9,2.0,1.7,0.0,0.0
536,external_ems_2,bess_2,warning,2026-08-19T07:51:52.618584+00:00,2026-08-19T07:51:52.618584+00:00,0.0,1,0.4102,pcs_phase_voltage_imbalance;pcs_bms_current_mismatch,PCS phase voltage imbalance high: 20.9; PCS DC current and BMS current mismatch: 22.2,20.9,1.6,22.2,2.1,1.0,1.7,0.0,0.0
537,external_ems_2,bess_2,warning,2026-08-19T08:31:01.618572+00:00,2026-08-19T08:31:02.628675+00:00,1.01,2,0.356,pcs_bms_current_mismatch,PCS DC current and BMS current mismatch: 42.2,2.0,3.6,42.2,3.8,3.0,1.6,0.0,0.0
538,external_ems_2,bess_2,warning,2026-08-19T08:34:31.629937+00:00,2026-08-19T08:34:35.618580+00:00,3.989,5,0.3528,pcs_bms_current_mismatch,PCS DC current and BMS current mismatch: 42.0,0.6,1.0,42.0,4.1,4.0,1.7,0.0,0.0
539,external_ems_2,bess_2,warning,2026-08-19T09:23:52.618590+00:00,2026-08-19T09:23:55.618571+00:00,3.0,4,0.6434,pcs_bms_current_mismatch;pcs_bms_voltage_mismatch,PCS DC voltage and BMS voltage mismatch: 5.3; PCS DC current and BMS current mismatch: 64.1,1.9,4.2,64.1,5.3,2.0,1.8,0.0,0.0
540,external_ems_2,bess_2,warning,2026-08-19T09:27:38.630979+00:00,2026-08-19T09:27:39.619218+00:00,0.988,2,0.5289,pcs_bms_current_mismatch;pcs_bms_voltage_mismatch,PCS DC voltage and BMS voltage mismatch: 5.9; PCS DC current and BMS current mismatch: 52.6,3.4,2.4,52.6,5.9,2.0,1.8,0.0,0.0
541,external_ems_2,bess_2,warning,2026-08-19T14:11:27.618566+00:00,2026-08-19T14:11:27.618566+00:00,0.0,1,0.4232,pcs_phase_current_imbalance;pcs_bms_current_mismatch,PCS phase current imbalance high: 25.5; PCS DC current and BMS current mismatch: 27.2,0.0,25.5,27.2,2.9,1.0,1.5,0.0,0.0
542,external_ems_2,bess_2,warning,2026-08-19T16:01:44.619349+00:00,2026-08-19T16:01:44.619349+00:00,0.0,1,0.3931,pcs_phase_current_imbalance;pcs_bms_current_mismatch,PCS phase current imbalance high: 24.5; PCS DC current and BMS current mismatch: 21.1,0.4,24.5,21.1,1.9,1.0,1.4,0.0,0.0
543,external_ems_2,bess_2,warning,2026-08-19T16:32:39.619161+00:00,2026-08-19T16:32:39.619161+00:00,0.0,1,0.4442,pcs_phase_current_imbalance,PCS phase current imbalance high: 26.7,0.5,26.7,2.3,0.5,2.0,1.2,0.0,0.0
544,external_ems_2,bess_2,warning,2026-08-19T18:32:17.618571+00:00,2026-08-19T18:32:17.618571+00:00,0.0,1,0.4007,pcs_phase_current_imbalance;pcs_bms_current_mismatch,PCS phase current imbalance high: 24.5; PCS DC current and BMS current mismatch: 28.5,0.3,24.5,28.5,2.9,2.0,1.1,0.0,0.0
545,external_ems_2,bess_2,warning,2026-08-19T18:35:02.618870+00:00,2026-08-19T18:35:02.618870+00:00,0.0,1,0.373,pcs_phase_current_imbalance,PCS phase current imbalance high: 23.7,0.7,23.7,2.7,0.5,2.0,1.0,0.0,0.0
546,external_ems_1,bess_1,warning,2026-08-19T02:52:13.629335+00:00,2026-08-19T02:52:13.629335+00:00,0.0,1,0.4079,pcs_phase_voltage_imbalance,PCS phase voltage imbalance high: 20.9,20.9,0.3,0.0,2.5,1.0,1.4,0.0,0.0
547,external_ems_1,bess_1,warning,2026-08-19T22:34:14.629617+00:00,2026-08-19T22:34:14.629617+00:00,0.0,1,0.4822,pcs_phase_current_imbalance,PCS phase current imbalance high: 28.3,0.6,28.3,10.0,0.7,1.0,1.5,0.0,0.0
548,external_ems_1,bess_1,warning,2026-08-20T00:37:16.628670+00:00,2026-08-20T00:37:16.628670+00:00,0.0,1,0.4752,pcs_phase_current_imbalance;pcs_bms_current_mismatch,PCS phase current imbalance high: 27.9; PCS DC current and BMS current mismatch: 22.4,0.6,27.9,22.4,1.7,1.0,1.6,0.0,0.0
549,external_ems_2,bess_2,warning,2026-08-19T19:57:56.629767+00:00,2026-08-19T19:57:56.629767+00:00,0.0,1,0.497,pcs_phase_current_imbalance;pcs_bms_current_mismatch,PCS phase current imbalance high: 28.6; PCS DC current and BMS current mismatch: 27.4,0.6,28.6,27.4,2.2,2.0,1.0,0.0,0.0
550,external_ems_1,bess_1,warning,2026-08-20T05:48:24.618580+00:00,2026-08-20T05:48:55.618589+00:00,31.0,12,0.4207,pcs_phase_voltage_imbalance,PCS phase voltage imbalance high: 19.8,21.4,0.3,0.0,3.1,2.0,1.9,0.0,0.0
551,external_ems_2,bess_2,warning,2026-08-20T05:49:56.629219+00:00,2026-08-20T05:50:01.619018+00:00,4.99,6,0.4185,pcs_phase_voltage_imbalance;pcs_phase_current_imbalance,PCS phase voltage imbalance high: 20.8; PCS phase current imbalance high: 16.6,20.8,16.6,13.2,2.1,7.0,1.1,0.0,0.0
552,external_ems_2,bess_2,warning,2026-08-20T06:11:37.629794+00:00,2026-08-20T06:11:42.618627+00:00,4.989,6,0.378,pcs_phase_voltage_imbalance;pcs_phase_current_imbalance,PCS phase voltage imbalance high: 19.1; PCS phase current imbalance high: 18.6,19.1,18.6,11.9,1.1,2.0,1.2,0.0,0.0
553,external_ems_1,bess_1,warning,2026-08-20T05:53:21.630689+00:00,2026-08-20T05:53:26.628743+00:00,4.998,6,0.4336,pcs_phase_voltage_imbalance,PCS phase voltage imbalance high: 21.9,21.9,0.2,0.1,2.8,1.0,1.9,0.0,0.0
554,external_ems_2,bess_2,warning,2026-08-20T06:15:00.629302+00:00,2026-08-20T06:15:06.618589+00:00,5.989,7,0.3842,pcs_phase_voltage_imbalance;pcs_phase_current_imbalance;pcs_bms_current_mismatch,PCS phase voltage imbalance high: 19.3; PCS phase current imbalance high: 10.9,19.3,10.9,32.5,2.7,2.0,1.3,0.0,0.0
555,external_ems_2,bess_2,warning,2026-08-20T06:16:23.628967+00:00,2026-08-20T06:16:28.628681+00:00,5.0,6,0.3707,pcs_phase_voltage_imbalance;pcs_phase_current_imbalance,PCS phase voltage imbalance high: 18.8; PCS phase current imbalance high: 18.9,18.8,18.9,8.3,1.3,1.0,1.3,0.0,0.0
556,external_ems_1,bess_1,warning,2026-08-20T06:15:03.618553+00:00,2026-08-20T06:15:09.618572+00:00,6.0,7,0.4284,pcs_phase_voltage_imbalance,PCS phase voltage imbalance high: 21.7,21.7,0.2,0.0,3.0,1.0,2.0,0.0,0.0
557,external_ems_2,bess_2,warning,2026-08-20T06:19:07.618563+00:00,2026-08-20T06:19:08.629964+00:00,1.011,2,0.353,pcs_phase_voltage_imbalance;pcs_bms_current_mismatch,PCS phase voltage imbalance high: 18.5; PCS DC current and BMS current mismatch: 26.4,18.5,3.9,26.4,2.4,2.0,1.3,0.0,0.0
558,external_ems_1,bess_1,warning,2026-08-20T06:19:10.618581+00:00,2026-08-20T06:19:16.618718+00:00,6.0,7,0.4772,pcs_phase_voltage_imbalance,PCS phase voltage imbalance high: 23.6,23.6,0.2,0.1,2.9,1.0,1.9,0.0,0.0
559,external_ems_2,bess_2,warning,2026-08-20T06:19:39.618580+00:00,2026-08-20T06:19:44.629220+00:00,5.011,6,0.5054,pcs_phase_voltage_imbalance;pcs_phase_current_imbalance;pcs_bms_current_mismatch,PCS phase voltage imbalance high: 24.1; PCS phase current imbalance high: 14.3; PCS DC current and BMS current mismatch: 25.5,24.1,14.3,25.5,2.5,2.0,1.3,0.0,0.0
560,external_ems_2,bess_2,warning,2026-08-20T06:20:24.618574+00:00,2026-08-20T06:20:29.618570+00:00,5.0,6,0.481,pcs_phase_voltage_imbalance;pcs_phase_current_imbalance;pcs_bms_current_mismatch,PCS phase voltage imbalance high: 23.5; PCS phase current imbalance high: 11.1; PCS DC current and BMS current mismatch: 21.6,23.5,11.1,21.6,3.0,2.0,1.3,0.0,0.0
561,external_ems_1,bess_1,warning,2026-08-20T06:20:21.628823+00:00,2026-08-20T06:20:26.618588+00:00,4.99,6,0.4233,pcs_phase_voltage_imbalance,PCS phase voltage imbalance high: 21.5,21.5,0.2,0.1,2.9,1.0,1.9,0.0,0.0
562,external_ems_2,bess_2,warning,2026-08-20T06:22:18.629070+00:00,2026-08-20T06:22:48.618578+00:00,29.99,12,0.4747,pcs_phase_voltage_imbalance;pcs_phase_current_imbalance,PCS phase voltage imbalance high: 23.0; PCS phase current imbalance high: 16.4,23.0,19.6,16.8,1.8,2.0,1.4,0.0,0.0
563,external_ems_2,bess_2,warning,2026-08-20T06:23:27.618902+00:00,2026-08-20T06:23:33.618564+00:00,6.0,7,0.536,pcs_phase_voltage_imbalance;pcs_phase_current_imbalance;pcs_bms_current_mismatch,PCS phase voltage imbalance high: 25.0; PCS phase current imbalance high: 13.0; PCS DC current and BMS current mismatch: 34.7,25.0,13.0,34.7,3.6,2.0,1.4,0.0,0.0
564,external_ems_1,bess_1,warning,2026-08-20T06:22:52.619236+00:00,2026-08-20T06:22:58.629203+00:00,6.01,7,0.4849,pcs_phase_voltage_imbalance,PCS phase voltage imbalance high: 23.9,23.9,0.2,0.1,2.9,1.0,2.0,0.0,0.0
565,external_ems_2,bess_2,warning,2026-08-20T06:24:06.618569+00:00,2026-08-20T06:24:12.618575+00:00,6.0,7,0.4744,pcs_phase_voltage_imbalance;pcs_phase_current_imbalance,PCS phase voltage imbalance high: 22.9; PCS phase current imbalance high: 17.9,22.9,17.9,16.3,1.9,2.0,1.4,0.0,0.0
566,external_ems_2,bess_2,warning,2026-08-20T06:28:58.619031+00:00,2026-08-20T06:29:04.618594+00:00,6.0,7,0.4853,pcs_phase_voltage_imbalance;pcs_phase_current_imbalance;pcs_bms_current_mismatch,PCS phase voltage imbalance high: 23.3; PCS phase current imbalance high: 16.5,23.3,16.5,22.7,2.5,3.0,1.3,0.0,0.0
567,external_ems_2,bess_2,warning,2026-08-20T06:30:21.618567+00:00,2026-08-20T06:30:26.618654+00:00,5.0,6,0.3703,pcs_phase_voltage_imbalance;pcs_phase_current_imbalance,PCS phase voltage imbalance high: 18.7; PCS phase current imbalance high: 20.3,18.7,20.3,10.3,1.3,2.0,1.3,0.0,0.0
568,external_ems_1,bess_1,warning,2026-08-20T06:28:55.618574+00:00,2026-08-20T06:29:01.628738+00:00,6.01,7,0.354,pcs_phase_voltage_imbalance,PCS phase voltage imbalance high: 18.8,18.8,0.2,0.2,2.8,2.0,2.0,0.0,0.0
569,external_ems_1,bess_1,warning,2026-08-20T06:34:19.629750+00:00,2026-08-20T06:34:31.628674+00:00,11.999,13,0.4592,pcs_phase_voltage_imbalance,PCS phase voltage imbalance high: 21.7,22.9,0.2,0.2,2.7,1.0,2.0,0.0,0.0
570,external_ems_2,bess_2,warning,2026-08-20T06:34:09.619208+00:00,2026-08-20T06:34:15.618900+00:00,6.0,7,0.4732,pcs_phase_voltage_imbalance;pcs_phase_current_imbalance;pcs_bms_current_mismatch,PCS phase voltage imbalance high: 22.9; PCS phase current imbalance high: 15.0; PCS DC current and BMS current mismatch: 23.1,22.9,15.0,23.1,2.6,2.0,1.4,0.0,0.0
571,external_ems_2,bess_2,warning,2026-08-20T06:35:19.618567+00:00,2026-08-20T06:35:25.618584+00:00,6.0,7,0.3587,pcs_phase_voltage_imbalance;pcs_phase_current_imbalance,PCS phase voltage imbalance high: 18.3; PCS phase current imbalance high: 19.4,18.3,19.4,7.5,0.5,3.0,1.4,0.0,0.0
572,external_ems_1,bess_1,warning,2026-08-20T06:35:10.629596+00:00,2026-08-20T06:35:15.641815+00:00,5.012,6,0.5054,pcs_phase_voltage_imbalance,PCS phase voltage imbalance high: 24.7,24.7,0.2,0.2,2.9,1.0,2.0,0.0,0.0
573,external_ems_2,bess_2,warning,2026-08-20T06:40:30.629548+00:00,2026-08-20T06:40:35.628910+00:00,4.999,6,0.4125,pcs_phase_voltage_imbalance;pcs_bms_current_mismatch,PCS phase voltage imbalance high: 20.6; PCS DC current and BMS current mismatch: 27.5,20.6,7.0,31.9,3.2,2.0,1.3,0.0,0.0
574,external_ems_2,bess_2,warning,2026-08-20T06:56:41.630159+00:00,2026-08-20T06:56:45.618567+00:00,3.988,5,0.6545,pcs_bms_current_mismatch;pcs_bms_voltage_mismatch,PCS DC voltage and BMS voltage mismatch: 6.9; PCS DC current and BMS current mismatch: 70.1,0.5,1.1,70.1,6.9,1.0,1.4,0.0,0.0
575,external_ems_2,bess_2,warning,2026-08-20T06:58:35.618576+00:00,2026-08-20T06:58:41.619317+00:00,6.001,7,0.5259,pcs_bms_current_mismatch;pcs_bms_voltage_mismatch,PCS DC voltage and BMS voltage mismatch: 6.2; PCS DC current and BMS current mismatch: 51.5,0.7,1.7,52.5,6.2,2.0,1.5,0.0,0.0
576,external_ems_2,bess_2,warning,2026-08-20T07:00:34.629337+00:00,2026-08-20T07:00:58.618662+00:00,23.989,12,0.66,pcs_bms_current_mismatch;pcs_bms_voltage_mismatch;pcs_phase_voltage_imbalance;pcs_phase_current_imbalance,PCS phase voltage imbalance high: 21.0; PCS phase current imbalance high: 17.8,21.0,17.8,86.8,7.7,2.0,1.5,0.0,0.0
577,external_ems_2,bess_2,warning,2026-08-20T07:02:30.618573+00:00,2026-08-20T07:02:36.618580+00:00,6.0,7,0.6531,pcs_bms_current_mismatch;pcs_bms_voltage_mismatch,PCS DC voltage and BMS voltage mismatch: 6.7; PCS DC current and BMS current mismatch: 67.0,0.5,3.3,67.0,6.7,2.0,1.5,0.0,0.0
578,external_ems_1,bess_1,warning,2026-08-20T06:44:10.618573+00:00,2026-08-20T06:44:15.618611+00:00,5.0,6,0.4156,pcs_phase_voltage_imbalance,PCS phase voltage imbalance high: 21.2,21.2,0.2,0.1,2.8,1.0,2.0,0.0,0.0
579,external_ems_2,bess_2,warning,2026-08-20T07:04:04.618570+00:00,2026-08-20T07:04:53.618576+00:00,49.0,14,0.5169,pcs_phase_voltage_imbalance;pcs_phase_current_imbalance;pcs_bms_current_mismatch,PCS phase voltage imbalance high: 24.3; PCS phase current imbalance high: 22.2,24.3,22.2,47.0,5.0,3.0,1.5,0.0,0.0
580,external_ems_2,bess_2,warning,2026-08-20T07:06:30.628856+00:00,2026-08-20T07:06:36.618586+00:00,5.99,7,0.6669,pcs_bms_current_mismatch;pcs_bms_voltage_mismatch,PCS DC voltage and BMS voltage mismatch: 6.4; PCS DC current and BMS current mismatch: 64.6,2.5,2.4,85.5,8.7,2.0,1.5,0.0,0.0
581,external_ems_1,bess_1,warning,2026-08-20T07:04:26.629334+00:00,2026-08-20T07:04:50.618578+00:00,23.989,19,0.5388,pcs_phase_voltage_imbalance,PCS phase voltage imbalance high: 26.0,26.0,0.2,0.1,2.7,1.0,2.1,0.0,0.0
582,external_ems_2,bess_2,warning,2026-08-20T07:07:06.629784+00:00,2026-08-20T07:07:30.629205+00:00,23.999,12,0.4036,pcs_phase_voltage_imbalance;pcs_phase_current_imbalance;pcs_bms_current_mismatch,PCS phase voltage imbalance high: 20.1; PCS phase current imbalance high: 18.6,20.1,23.4,30.6,3.8,2.0,1.5,0.0,0.0
583,external_ems_2,bess_2,warning,2026-08-20T07:08:27.629423+00:00,2026-08-20T07:08:33.618561+00:00,5.989,7,0.4335,pcs_phase_voltage_imbalance;pcs_phase_current_imbalance;pcs_bms_current_mismatch,PCS phase voltage imbalance high: 21.3; PCS phase current imbalance high: 13.2; PCS DC current and BMS current mismatch: 26.6,21.3,13.2,27.1,2.6,1.0,1.4,0.0,0.0
584,external_ems_2,bess_2,warning,2026-08-20T07:10:24.629595+00:00,2026-08-20T07:10:29.628677+00:00,4.999,6,0.6517,pcs_bms_current_mismatch;pcs_bms_voltage_mismatch,PCS DC voltage and BMS voltage mismatch: 5.3; PCS DC current and BMS current mismatch: 48.8,4.9,4.9,64.9,6.5,1.0,1.5,0.0,0.0
585,external_ems_1,bess_1,warning,2026-08-20T07:08:18.628750+00:00,2026-08-20T07:08:24.618661+00:00,5.99,7,0.354,pcs_phase_voltage_imbalance,PCS phase voltage imbalance high: 18.8,18.8,0.2,0.1,2.7,1.0,2.0,0.0,0.0
586,external_ems_2,bess_2,warning,2026-08-20T07:12:23.618583+00:00,2026-08-20T07:12:28.618578+00:00,5.0,6,0.6503,pcs_bms_current_mismatch;pcs_bms_voltage_mismatch,PCS DC voltage and BMS voltage mismatch: 6.1; PCS DC current and BMS current mismatch: 59.2,2.2,3.1,61.0,6.3,2.0,1.5,0.0,0.0
587,external_ems_1,bess_1,warning,2026-08-20T07:15:21.629822+00:00,2026-08-20T07:15:26.618851+00:00,4.989,6,0.4644,pcs_phase_voltage_imbalance,PCS phase voltage imbalance high: 23.1,23.1,0.2,0.1,3.0,1.0,2.0,0.0,0.0
588,external_ems_1,bess_1,warning,2026-08-20T07:18:30.618569+00:00,2026-08-20T07:18:36.628844+00:00,6.01,7,0.6414,pcs_phase_voltage_imbalance,PCS phase voltage imbalance high: 30.4,30.4,0.2,0.0,2.6,1.0,2.0,0.0,0.0
589,external_ems_2,bess_2,warning,2026-08-20T07:18:02.618574+00:00,2026-08-20T07:19:41.619725+00:00,99.001,30,0.5378,pcs_phase_voltage_imbalance;pcs_phase_current_imbalance;pcs_bms_current_mismatch,PCS phase voltage imbalance high: 19.5; PCS phase current imbalance high: 17.0,25.7,18.2,26.3,2.3,3.0,1.6,0.0,0.0
590,external_ems_1,bess_1,warning,2026-08-20T07:19:21.618577+00:00,2026-08-20T07:20:04.618585+00:00,43.0,31,0.4669,pcs_phase_voltage_imbalance,PCS phase voltage imbalance high: 20.2,23.2,0.2,0.2,2.6,1.0,2.0,0.0,0.0
591,external_ems_2,bess_2,warning,2026-08-20T07:23:55.629837+00:00,2026-08-20T07:23:56.618593+00:00,0.989,2,0.5658,pcs_bms_current_mismatch;pcs_bms_voltage_mismatch,PCS DC voltage and BMS voltage mismatch: 5.2; PCS DC current and BMS current mismatch: 55.2,0.5,1.7,55.2,5.2,3.0,1.5,0.0,0.0
592,external_ems_1,bess_1,warning,2026-08-20T07:25:15.628926+00:00,2026-08-20T07:25:20.618574+00:00,4.99,6,0.3874,pcs_phase_voltage_imbalance,PCS phase voltage imbalance high: 20.1,20.1,0.2,0.1,2.6,1.0,2.1,0.0,0.0
593,external_ems_1,bess_1,warning,2026-08-20T07:25:59.618819+00:00,2026-08-20T07:26:05.618557+00:00,6.0,7,0.3669,pcs_phase_voltage_imbalance,PCS phase voltage imbalance high: 19.3,19.3,0.2,0.0,3.0,1.0,2.1,0.0,0.0
594,external_ems_2,bess_2,warning,2026-08-20T07:25:43.618563+00:00,2026-08-20T07:26:27.628700+00:00,44.01,17,0.4901,pcs_phase_current_imbalance;pcs_phase_voltage_imbalance;pcs_bms_current_mismatch,PCS phase voltage imbalance high: 19.4; PCS phase current imbalance high: 19.3,19.4,19.3,50.4,4.7,2.0,1.6,0.0,0.0
595,external_ems_2,bess_2,warning,2026-08-20T07:27:46.618569+00:00,2026-08-20T07:27:49.629215+00:00,3.011,4,0.3688,pcs_bms_current_mismatch,PCS DC current and BMS current mismatch: 43.0,0.4,3.1,43.0,4.7,2.0,1.5,0.0,0.0
596,external_ems_1,bess_1,warning,2026-08-20T07:27:28.630265+00:00,2026-08-20T07:27:46.618569+00:00,17.988,13,0.4849,pcs_phase_voltage_imbalance,PCS phase voltage imbalance high: 23.9,23.9,0.2,0.1,3.0,1.0,2.1,0.0,0.0
597,external_ems_2,bess_2,warning,2026-08-20T07:29:25.619372+00:00,2026-08-20T07:30:02.628769+00:00,37.009,12,0.3686,pcs_phase_voltage_imbalance;pcs_phase_current_imbalance;pcs_bms_current_mismatch,PCS phase voltage imbalance high: 18.2; PCS phase current imbalance high: 20.2,18.7,20.2,21.1,1.7,3.0,1.5,0.0,0.0
598,external_ems_1,bess_1,warning,2026-08-20T07:29:28.618588+00:00,2026-08-20T07:29:59.618598+00:00,31.0,13,0.4592,pcs_phase_voltage_imbalance,PCS phase voltage imbalance high: 20.4,22.9,0.2,0.1,2.9,1.0,2.1,0.0,0.0
599,external_ems_2,bess_2,warning,2026-08-20T07:30:54.619411+00:00,2026-08-20T07:31:12.629100+00:00,18.01,13,0.3785,pcs_phase_voltage_imbalance;pcs_phase_current_imbalance,PCS phase voltage imbalance high: 18.3; PCS phase current imbalance high: 18.4,19.0,20.6,11.9,2.0,3.0,1.4,0.0,0.0
600,external_ems_2,bess_2,warning,2026-08-20T08:01:25.618576+00:00,2026-08-20T08:01:26.618565+00:00,1.0,2,0.364,pcs_bms_current_mismatch,PCS DC current and BMS current mismatch: 42.7,0.8,1.3,42.7,3.0,1.0,1.6,0.0,0.0
601,external_ems_2,bess_2,warning,2026-08-20T08:32:50.618579+00:00,2026-08-20T08:32:51.618578+00:00,1.0,2,0.356,pcs_bms_current_mismatch,PCS DC current and BMS current mismatch: 42.2,0.9,2.2,42.2,2.8,1.0,1.6,0.0,0.0
602,external_ems_2,bess_2,warning,2026-08-20T09:01:14.619579+00:00,2026-08-20T09:01:25.618639+00:00,10.999,12,0.5955,pcs_phase_voltage_imbalance;pcs_phase_current_imbalance;pcs_bms_current_mismatch;pcs_bms_voltage_mismatch,PCS phase voltage imbalance high: 20.1; PCS phase current imbalance high: 8.4,25.9,22.5,51.2,5.7,2.0,1.6,0.0,0.0
603,external_ems_1,bess_1,warning,2026-08-20T07:30:57.618588+00:00,2026-08-20T07:31:21.618579+00:00,24.0,12,0.39,pcs_phase_voltage_imbalance,PCS phase voltage imbalance high: 19.5,20.2,0.2,0.1,2.9,1.0,2.1,0.0,0.0
604,external_ems_2,bess_2,warning,2026-08-20T09:03:20.618576+00:00,2026-08-20T09:03:21.628682+00:00,1.01,2,0.6503,pcs_bms_current_mismatch;pcs_bms_voltage_mismatch,PCS DC voltage and BMS voltage mismatch: 6.3; PCS DC current and BMS current mismatch: 62.8,0.7,1.8,62.8,6.3,3.0,1.6,0.0,0.0
605,external_ems_2,bess_2,warning,2026-08-20T09:04:24.618595+00:00,2026-08-20T09:04:29.618576+00:00,5.0,6,0.5335,pcs_phase_voltage_imbalance;pcs_phase_current_imbalance,PCS phase voltage imbalance high: 25.3; PCS phase current imbalance high: 16.3,25.3,16.3,7.5,1.1,1.0,1.7,0.0,0.0
606,external_ems_2,bess_2,warning,2026-08-20T09:05:16.618777+00:00,2026-08-20T09:05:19.629920+00:00,3.011,4,0.6054,pcs_bms_current_mismatch;pcs_bms_voltage_mismatch,PCS DC voltage and BMS voltage mismatch: 5.6; PCS DC current and BMS current mismatch: 57.5,0.9,1.2,57.5,5.6,2.0,1.6,0.0,0.0
607,external_ems_1,bess_1,warning,2026-08-20T09:03:43.629918+00:00,2026-08-20T09:04:07.629229+00:00,23.999,18,0.4721,pcs_phase_voltage_imbalance,PCS phase voltage imbalance high: 22.5,23.4,0.2,0.1,3.1,1.0,2.2,0.0,0.0
608,external_ems_2,bess_2,warning,2026-08-20T09:07:39.619049+00:00,2026-08-20T09:07:45.618581+00:00,6.0,7,0.3857,pcs_phase_voltage_imbalance;pcs_phase_current_imbalance,PCS phase voltage imbalance high: 19.4; PCS phase current imbalance high: 18.6,19.4,18.6,8.0,1.1,2.0,1.6,0.0,0.0
609,external_ems_2,bess_2,warning,2026-08-20T09:11:01.618575+00:00,2026-08-20T09:11:06.630321+00:00,5.012,6,0.3659,pcs_phase_voltage_imbalance;pcs_phase_current_imbalance,PCS phase voltage imbalance high: 19.0; PCS phase current imbalance high: 12.4,19.0,12.4,3.3,0.8,2.0,1.5,0.0,0.0
610,external_ems_1,bess_1,warning,2026-08-20T09:07:43.629897+00:00,2026-08-20T09:07:48.618567+00:00,4.989,6,0.3669,pcs_phase_voltage_imbalance,PCS phase voltage imbalance high: 19.3,19.3,0.2,0.0,2.7,1.0,2.1,0.0,0.0
611,external_ems_2,bess_2,warning,2026-08-20T09:14:24.630544+00:00,2026-08-20T09:14:48.629304+00:00,23.999,8,0.6571,pcs_phase_voltage_imbalance;pcs_phase_current_imbalance;pcs_bms_current_mismatch;pcs_bms_voltage_mismatch,PCS phase voltage imbalance high: 20.8; PCS phase current imbalance high: 20.4,20.8,20.4,64.5,6.9,2.0,1.6,0.0,0.0
612,external_ems_2,bess_2,warning,2026-08-20T09:16:30.629396+00:00,2026-08-20T09:16:54.618589+00:00,23.989,12,0.4451,pcs_phase_voltage_imbalance;pcs_phase_current_imbalance,PCS phase voltage imbalance high: 20.2; PCS phase current imbalance high: 19.2,21.9,19.2,10.7,1.3,2.0,1.5,0.0,0.0
613,external_ems_2,bess_2,warning,2026-08-20T09:20:05.618624+00:00,2026-08-20T09:20:06.628956+00:00,1.01,2,0.6546,pcs_phase_voltage_imbalance;pcs_bms_current_mismatch;pcs_bms_voltage_mismatch,PCS phase voltage imbalance high: 5.9; PCS DC voltage and BMS voltage mismatch: 6.7; PCS DC current and BMS current mismatch: 61.8,5.9,2.4,61.8,6.7,3.0,1.6,0.0,0.0
614,external_ems_2,bess_2,warning,2026-08-20T09:22:05.619642+00:00,2026-08-20T09:22:06.618572+00:00,0.999,2,0.6524,pcs_bms_current_mismatch;pcs_bms_voltage_mismatch,PCS DC voltage and BMS voltage mismatch: 6.6; PCS DC current and BMS current mismatch: 60.6,0.2,1.8,60.6,6.6,2.0,1.6,0.0,0.0
615,external_ems_1,bess_1,warning,2026-08-20T09:14:46.618609+00:00,2026-08-20T09:14:51.628712+00:00,5.01,6,0.4387,pcs_phase_voltage_imbalance,PCS phase voltage imbalance high: 22.1,22.1,0.2,0.0,3.0,1.0,2.1,0.0,0.0
616,external_ems_2,bess_2,warning,2026-08-20T09:24:23.629109+00:00,2026-08-20T09:24:28.618575+00:00,4.989,6,0.5228,pcs_phase_voltage_imbalance;pcs_phase_current_imbalance,PCS phase voltage imbalance high: 25.0; PCS phase current imbalance high: 14.3,25.0,14.3,20.0,3.3,3.0,1.7,0.0,0.0
617,external_ems_2,bess_2,warning,2026-08-20T09:28:16.618579+00:00,2026-08-20T09:28:33.618577+00:00,17.0,12,0.5599,pcs_phase_voltage_imbalance;pcs_phase_current_imbalance;pcs_bms_current_mismatch,PCS phase voltage imbalance high: 22.8; PCS phase current imbalance high: 15.1,26.3,15.1,24.0,2.6,3.0,1.6,0.0,0.0
618,external_ems_1,bess_1,warning,2026-08-20T09:27:22.618575+00:00,2026-08-20T09:27:27.628778+00:00,5.01,6,0.4002,pcs_phase_voltage_imbalance,PCS phase voltage imbalance high: 20.6,20.6,0.2,0.1,2.7,1.0,2.2,0.0,0.0
619,external_ems_2,bess_2,warning,2026-08-20T09:30:34.628688+00:00,2026-08-20T09:31:17.618581+00:00,42.99,18,0.4871,pcs_phase_voltage_imbalance;pcs_phase_current_imbalance;pcs_bms_current_mismatch,PCS phase voltage imbalance high: 19.7; PCS phase current imbalance high: 10.4,23.1,10.4,39.5,3.7,3.0,1.7,0.0,0.0
620,external_ems_1,bess_1,warning,2026-08-20T09:30:44.630593+00:00,2026-08-20T09:30:49.618618+00:00,4.988,6,0.3925,pcs_phase_voltage_imbalance,PCS phase voltage imbalance high: 20.3,20.3,0.2,0.1,2.8,1.0,2.2,0.0,0.0
621,external_ems_2,bess_2,warning,2026-08-20T09:32:34.629613+00:00,2026-08-20T09:32:39.628910+00:00,4.999,6,0.3678,pcs_phase_voltage_imbalance;pcs_phase_current_imbalance,PCS phase voltage imbalance high: 19.0; PCS phase current imbalance high: 13.6,19.0,13.6,9.7,1.4,3.0,1.7,0.0,0.0
622,external_ems_1,bess_1,warning,2026-08-20T09:32:37.619473+00:00,2026-08-20T09:32:42.618571+00:00,4.999,6,0.4592,pcs_phase_voltage_imbalance,PCS phase voltage imbalance high: 22.9,22.9,0.2,0.1,2.7,1.0,2.2,0.0,0.0
623,external_ems_2,bess_2,warning,2026-08-20T09:33:25.629844+00:00,2026-08-20T09:33:30.618906+00:00,4.989,6,0.6111,pcs_phase_voltage_imbalance;pcs_phase_current_imbalance;pcs_bms_current_mismatch,PCS phase voltage imbalance high: 28.0; PCS phase current imbalance high: 12.9,28.0,12.9,33.1,3.3,4.0,1.7,0.0,0.0
624,external_ems_1,bess_1,warning,2026-08-20T09:33:59.618752+00:00,2026-08-20T09:34:30.628789+00:00,31.01,13,0.3951,pcs_phase_voltage_imbalance,PCS phase voltage imbalance high: 20.4,20.4,0.2,0.2,2.8,1.0,2.2,0.0,0.0
625,external_ems_2,bess_2,warning,2026-08-20T09:34:34.619346+00:00,2026-08-20T09:34:39.618639+00:00,4.999,6,0.3812,pcs_phase_voltage_imbalance;pcs_phase_current_imbalance,PCS phase voltage imbalance high: 19.2; PCS phase current imbalance high: 19.0,19.2,19.0,13.9,1.5,3.0,1.7,0.0,0.0
626,external_ems_1,bess_1,warning,2026-08-20T09:35:03.251526+00:00,2026-08-20T09:35:59.738684+00:00,56.487,19,0.5593,pcs_phase_voltage_imbalance,PCS phase voltage imbalance high: 26.8,26.8,0.2,0.3,3.0,1.0,2.3,0.0,0.0
627,external_ems_2,bess_2,warning,2026-08-20T09:35:10.542796+00:00,2026-08-20T09:35:20.816106+00:00,10.273,6,0.4833,pcs_phase_voltage_imbalance;pcs_phase_current_imbalance,PCS phase voltage imbalance high: 23.3; PCS phase current imbalance high: 17.0,23.3,17.0,15.6,1.7,3.0,1.7,0.0,0.0
628,external_ems_1,bess_1,warning,2026-08-20T09:37:40.036314+00:00,2026-08-20T09:38:14.793783+00:00,34.757,14,0.5336,pcs_phase_voltage_imbalance,PCS phase voltage imbalance high: 19.5,25.8,0.2,0.0,3.0,1.0,2.2,0.0,0.0
629,external_ems_2,bess_2,warning,2026-08-20T09:37:50.036192+00:00,2026-08-20T09:38:25.955455+00:00,35.919,18,0.5054,pcs_phase_voltage_imbalance;pcs_phase_current_imbalance,PCS phase voltage imbalance high: 19.5; PCS phase current imbalance high: 17.6,24.7,17.6,19.9,1.4,3.0,1.7,0.0,0.0
630,external_ems_2,bess_2,warning,2026-08-20T09:41:21.438502+00:00,2026-08-20T09:41:26.529634+00:00,5.091,4,0.4363,pcs_phase_voltage_imbalance;pcs_phase_current_imbalance,PCS phase voltage imbalance high: 21.7; PCS phase current imbalance high: 13.1,21.7,13.1,3.7,0.8,3.0,1.6,0.0,0.0
631,external_ems_2,bess_2,warning,2026-08-20T09:42:53.825285+00:00,2026-08-20T09:43:04.764499+00:00,10.939,7,0.5233,pcs_phase_voltage_imbalance;pcs_phase_current_imbalance;pcs_bms_current_mismatch,PCS phase voltage imbalance high: 24.5; PCS phase current imbalance high: 13.4; PCS DC current and BMS current mismatch: 34.3,24.5,13.4,34.3,2.7,3.0,1.7,0.0,0.0
632,external_ems_2,bess_2,warning,2026-08-20T09:44:54.462943+00:00,2026-08-20T09:45:14.461994+00:00,19.999,14,0.5413,pcs_phase_voltage_imbalance;pcs_phase_current_imbalance;pcs_bms_current_mismatch,PCS phase voltage imbalance high: 18.5; PCS phase current imbalance high: 17.2,25.0,17.2,42.5,2.5,3.0,1.7,0.0,0.0
633,external_ems_1,bess_1,warning,2026-08-20T09:39:28.725715+00:00,2026-08-20T09:39:57.429594+00:00,28.704,13,0.49,pcs_phase_voltage_imbalance,PCS phase voltage imbalance high: 24.1,24.1,0.2,0.0,3.0,1.0,2.2,0.0,0.0
634,external_ems_2,bess_2,warning,2026-08-20T09:45:57.709232+00:00,2026-08-20T09:46:03.709302+00:00,6.0,7,0.429,pcs_phase_voltage_imbalance;pcs_phase_current_imbalance;pcs_bms_current_mismatch,PCS phase voltage imbalance high: 21.5; PCS phase current imbalance high: 9.8,21.5,9.8,22.8,3.6,3.0,1.7,0.0,0.0
635,external_ems_1,bess_1,warning,2026-08-20T09:46:57.845176+00:00,2026-08-20T09:47:12.117630+00:00,14.272,13,0.3977,pcs_phase_voltage_imbalance,PCS phase voltage imbalance high: 19.9,20.5,0.2,0.2,2.7,1.0,2.3,0.0,0.0
636,external_ems_2,bess_2,warning,2026-08-20T09:47:15.998045+00:00,2026-08-20T09:48:27.001545+00:00,71.004,26,0.4697,pcs_phase_voltage_imbalance;pcs_phase_current_imbalance;pcs_bms_current_mismatch,PCS phase voltage imbalance high: 18.1; PCS phase current imbalance high: 20.4,22.4,20.4,28.3,2.4,3.0,1.7,0.0,0.0
637,external_ems_2,bess_2,warning,2026-08-20T09:49:13.286123+00:00,2026-08-20T09:49:19.286110+00:00,6.0,7,0.3816,pcs_phase_voltage_imbalance;pcs_phase_current_imbalance,PCS phase voltage imbalance high: 19.2; PCS phase current imbalance high: 19.3,19.2,19.3,9.6,1.4,4.0,1.7,0.0,0.0
638,external_ems_1,bess_1,warning,2026-08-20T09:49:10.286127+00:00,2026-08-20T09:49:22.296308+00:00,12.01,13,0.6132,pcs_phase_voltage_imbalance,PCS phase voltage imbalance high: 19.9,28.9,0.2,0.0,3.0,1.0,2.3,0.0,0.0
639,external_ems_2,bess_2,warning,2026-08-20T09:50:06.296196+00:00,2026-08-20T09:50:43.296666+00:00,37.0,12,0.4379,pcs_phase_voltage_imbalance;pcs_phase_current_imbalance;pcs_bms_current_mismatch,PCS phase voltage imbalance high: 18.7; PCS phase current imbalance high: 17.8,21.6,17.8,20.4,3.3,4.0,1.7,0.0,0.0
640,external_ems_1,bess_1,warning,2026-08-20T09:54:22.822211+00:00,2026-08-20T09:54:33.811852+00:00,10.99,12,0.567,pcs_phase_voltage_imbalance,PCS phase voltage imbalance high: 27.1,27.1,0.2,0.2,3.0,1.0,2.3,0.0,0.0
641,external_ems_2,bess_2,warning,2026-08-20T09:54:38.811557+00:00,2026-08-20T09:54:43.811560+00:00,5.0,6,0.5828,pcs_phase_voltage_imbalance;pcs_phase_current_imbalance,PCS phase voltage imbalance high: 27.5; PCS phase current imbalance high: 11.6,27.5,11.6,9.1,1.2,3.0,1.8,0.0,0.0
642,external_ems_1,bess_1,warning,2026-08-20T09:56:49.822668+00:00,2026-08-20T09:56:54.821699+00:00,4.999,6,0.5978,pcs_phase_voltage_imbalance,PCS phase voltage imbalance high: 28.3,28.3,0.2,0.0,2.9,1.0,2.2,0.0,0.0
643,external_ems_1,bess_1,warning,2026-08-20T10:05:22.025953+00:00,2026-08-20T10:05:27.014486+00:00,4.989,6,0.4644,pcs_phase_voltage_imbalance,PCS phase voltage imbalance high: 23.1,23.1,0.2,0.1,3.0,1.0,2.3,0.0,0.0
644,external_ems_2,bess_2,warning,2026-08-20T10:04:00.024717+00:00,2026-08-20T10:04:19.014568+00:00,18.99,14,0.5307,pcs_phase_voltage_imbalance;pcs_phase_current_imbalance,PCS phase voltage imbalance high: 24.1; PCS phase current imbalance high: 12.6,25.4,12.8,14.9,1.3,3.0,1.7,0.0,0.0
645,external_ems_2,bess_2,warning,2026-08-20T10:08:01.014492+00:00,2026-08-20T10:08:06.024767+00:00,5.01,6,0.5421,pcs_phase_voltage_imbalance;pcs_phase_current_imbalance,PCS phase voltage imbalance high: 25.8; PCS phase current imbalance high: 13.5,25.8,13.5,12.7,1.8,3.0,1.7,0.0,0.0
646,external_ems_2,bess_2,warning,2026-08-20T10:09:30.014479+00:00,2026-08-20T10:09:35.014480+00:00,5.0,6,0.5413,pcs_phase_voltage_imbalance,PCS phase voltage imbalance high: 26.1,26.1,3.9,18.4,1.7,3.0,1.7,0.0,0.0
647,external_ems_1,bess_1,warning,2026-08-20T10:07:25.025221+00:00,2026-08-20T10:07:44.014942+00:00,18.99,14,0.5413,pcs_phase_voltage_imbalance,PCS phase voltage imbalance high: 26.1,26.1,0.2,0.0,3.0,1.0,2.3,0.0,0.0
648,external_ems_2,bess_2,warning,2026-08-20T10:10:21.025300+00:00,2026-08-20T10:10:26.014506+00:00,4.989,6,0.5221,pcs_phase_voltage_imbalance;pcs_phase_current_imbalance,PCS phase voltage imbalance high: 25.2; PCS phase current imbalance high: 10.5,25.2,10.5,11.3,0.9,3.0,1.7,0.0,0.0
649,external_ems_1,bess_1,warning,2026-08-20T10:10:24.014485+00:00,2026-08-20T10:11:02.014482+00:00,38.0,14,0.5772,pcs_phase_voltage_imbalance,PCS phase voltage imbalance high: 22.3,27.5,0.2,0.1,3.0,1.0,2.3,0.0,0.0
650,external_ems_1,bess_1,warning,2026-08-20T10:11:47.025283+00:00,2026-08-20T10:11:59.014487+00:00,11.989,13,0.5388,pcs_phase_voltage_imbalance,PCS phase voltage imbalance high: 26.0,26.0,0.2,0.1,3.0,1.0,2.2,0.0,0.0
651,external_ems_2,bess_2,warning,2026-08-20T10:11:25.015721+00:00,2026-08-20T10:12:02.014572+00:00,36.999,18,0.5311,pcs_phase_voltage_imbalance;pcs_phase_current_imbalance,PCS phase voltage imbalance high: 25.7,25.7,8.3,15.2,1.6,3.0,1.7,0.0,0.0
652,external_ems_2,bess_2,warning,2026-08-20T10:12:48.015548+00:00,2026-08-20T10:12:53.014486+00:00,4.999,6,0.5644,pcs_phase_voltage_imbalance,PCS phase voltage imbalance high: 27.0,27.0,5.9,7.5,1.1,3.0,1.8,0.0,0.0
653,external_ems_1,bess_1,warning,2026-08-20T10:12:38.024607+00:00,2026-08-20T10:13:09.014491+00:00,30.99,13,0.5875,pcs_phase_voltage_imbalance,PCS phase voltage imbalance high: 27.9,27.9,0.2,0.1,3.0,1.0,2.3,0.0,0.0
654,external_ems_2,bess_2,warning,2026-08-20T10:13:26.014482+00:00,2026-08-20T10:13:32.014492+00:00,6.0,7,0.6003,pcs_phase_voltage_imbalance,PCS phase voltage imbalance high: 28.4,28.4,7.3,5.2,1.1,2.0,1.8,0.0,0.0
655,external_ems_2,bess_2,warning,2026-08-20T10:15:37.423627+00:00,2026-08-20T10:15:43.412783+00:00,5.989,7,0.5259,pcs_phase_voltage_imbalance,PCS phase voltage imbalance high: 25.5,25.5,3.7,16.2,1.5,3.0,1.8,0.0,0.0
656,external_ems_2,bess_2,warning,2026-08-20T10:16:55.542913+00:00,2026-08-20T10:17:39.542926+00:00,44.0,20,0.6106,pcs_phase_voltage_imbalance;pcs_phase_current_imbalance,PCS phase voltage imbalance high: 28.8,28.8,9.5,14.4,1.3,3.0,1.8,0.0,0.0
657,external_ems_1,bess_1,warning,2026-08-20T10:14:46.014494+00:00,2026-08-20T10:14:51.014485+00:00,5.0,6,0.39,pcs_phase_voltage_imbalance,PCS phase voltage imbalance high: 20.2,20.2,0.2,0.0,2.7,1.0,2.3,0.0,0.0
658,external_ems_1,bess_1,warning,2026-08-20T10:19:19.554890+00:00,2026-08-20T10:19:24.543393+00:00,4.989,6,0.431,pcs_phase_voltage_imbalance,PCS phase voltage imbalance high: 21.8,21.8,0.2,0.0,3.0,1.0,2.3,0.0,0.0
659,external_ems_2,bess_2,warning,2026-08-20T10:19:15.542903+00:00,2026-08-20T10:19:27.542944+00:00,12.0,7,0.5747,pcs_phase_voltage_imbalance,PCS phase voltage imbalance high: 24.4,27.4,1.6,13.8,1.6,3.0,1.8,0.0,0.0
660,external_ems_1,bess_1,warning,2026-08-20T10:20:09.553659+00:00,2026-08-20T10:20:15.553011+00:00,5.999,7,0.4182,pcs_phase_voltage_imbalance,PCS phase voltage imbalance high: 21.3,21.3,0.2,0.2,3.0,2.0,2.3,0.0,0.0
661,external_ems_2,bess_2,warning,2026-08-20T10:20:13.554045+00:00,2026-08-20T10:21:02.542915+00:00,48.989,25,0.5747,pcs_phase_voltage_imbalance,PCS phase voltage imbalance high: 20.7,27.4,5.6,17.7,1.7,3.0,1.8,0.0,0.0
662,external_ems_1,bess_1,warning,2026-08-20T10:20:48.542888+00:00,2026-08-20T10:21:25.543458+00:00,37.001,20,0.5131,pcs_phase_voltage_imbalance,PCS phase voltage imbalance high: 24.3,25.0,0.2,0.2,3.0,2.0,2.3,0.0,0.0
663,external_ems_2,bess_2,warning,2026-08-20T10:24:21.554003+00:00,2026-08-20T10:24:46.543266+00:00,24.989,13,0.4387,pcs_phase_voltage_imbalance;pcs_bms_current_mismatch,PCS phase voltage imbalance high: 22.1,22.1,6.2,21.0,2.6,3.0,1.7,0.0,0.0
664,external_ems_1,bess_1,warning,2026-08-20T10:25:16.553476+00:00,2026-08-20T10:25:21.542906+00:00,4.989,6,0.5978,pcs_phase_voltage_imbalance,PCS phase voltage imbalance high: 28.3,28.3,0.2,0.1,3.0,2.0,2.2,0.0,0.0
665,external_ems_2,bess_2,warning,2026-08-20T10:26:29.543089+00:00,2026-08-20T10:26:46.232185+00:00,16.689,4,0.5311,pcs_phase_voltage_imbalance,PCS phase voltage imbalance high: 25.7,25.7,7.6,16.2,1.6,3.0,1.7,0.0,0.0
666,external_ems_1,bess_1,warning,2026-08-20T10:26:50.930295+00:00,2026-08-20T10:28:05.567140+00:00,74.637,23,0.567,pcs_phase_voltage_imbalance,PCS phase voltage imbalance high: 25.0,27.1,0.2,0.2,3.0,2.0,2.3,0.0,0.0
667,external_ems_2,bess_2,warning,2026-08-20T10:27:36.567424+00:00,2026-08-20T10:28:53.566946+00:00,77.0,27,0.5721,pcs_phase_voltage_imbalance;pcs_phase_current_imbalance;pcs_bms_current_mismatch,PCS phase voltage imbalance high: 26.3; PCS phase current imbalance high: 11.3,27.3,12.6,40.5,4.0,3.0,1.7,0.0,0.0
668,external_ems_1,bess_1,warning,2026-08-20T10:29:17.566957+00:00,2026-08-20T10:30:01.577067+00:00,44.01,18,0.6157,pcs_phase_voltage_imbalance,PCS phase voltage imbalance high: 25.4,29.0,0.2,0.1,3.0,2.0,2.3,0.0,0.0
669,external_ems_2,bess_2,warning,2026-08-20T10:29:46.566952+00:00,2026-08-20T10:29:58.566929+00:00,12.0,13,0.5302,pcs_phase_voltage_imbalance;pcs_phase_current_imbalance,PCS phase voltage imbalance high: 22.1; PCS phase current imbalance high: 15.0,25.6,15.0,13.0,1.7,3.0,1.7,0.0,0.0
670,external_ems_1,bess_1,warning,2026-08-20T10:31:57.566941+00:00,2026-08-20T10:32:40.577404+00:00,43.01,25,0.6337,pcs_phase_voltage_imbalance,PCS phase voltage imbalance high: 29.7,29.7,0.2,0.2,3.0,2.0,2.3,0.0,0.0
671,external_ems_2,bess_2,warning,2026-08-20T10:32:25.577197+00:00,2026-08-20T10:33:09.566938+00:00,43.99,20,0.4912,pcs_phase_voltage_imbalance;pcs_phase_current_imbalance,PCS phase voltage imbalance high: 23.5,24.1,15.2,12.0,1.8,3.0,1.6,0.0,0.0
672,external_ems_2,bess_2,warning,2026-08-20T10:34:01.578398+00:00,2026-08-20T10:34:06.579284+00:00,5.001,6,0.4617,pcs_phase_voltage_imbalance;pcs_bms_current_mismatch,PCS phase voltage imbalance high: 22.5,22.5,2.2,32.3,3.1,3.0,1.7,0.0,0.0
673,external_ems_1,bess_1,warning,2026-08-20T10:33:52.567579+00:00,2026-08-20T10:34:23.577502+00:00,31.01,20,0.508,pcs_phase_voltage_imbalance,PCS phase voltage imbalance high: 21.7,24.8,0.2,0.1,3.0,2.0,2.3,0.0,0.0
674,external_ems_1,bess_1,warning,2026-08-20T10:35:40.566942+00:00,2026-08-20T10:36:11.577057+00:00,31.01,19,0.5234,pcs_phase_voltage_imbalance,PCS phase voltage imbalance high: 25.4,25.4,0.2,0.3,3.0,2.0,2.3,0.0,0.0
675,external_ems_1,bess_1,warning,2026-08-20T10:36:57.577087+00:00,2026-08-20T10:37:02.577788+00:00,5.001,6,0.5054,pcs_phase_voltage_imbalance,PCS phase voltage imbalance high: 24.7,24.7,0.2,0.0,3.0,2.0,2.3,0.0,0.0
676,external_ems_2,bess_2,warning,2026-08-20T10:35:37.566943+00:00,2026-08-20T10:36:01.577163+00:00,24.01,25,0.4669,pcs_phase_voltage_imbalance;pcs_phase_current_imbalance,PCS phase voltage imbalance high: 19.0; PCS phase current imbalance high: 15.8,23.2,15.8,15.5,1.8,4.0,1.7,0.0,0.0
677,external_ems_1,bess_1,warning,2026-08-20T10:37:43.159221+00:00,2026-08-20T10:37:50.160797+00:00,7.002,8,0.5336,pcs_phase_voltage_imbalance,PCS phase voltage imbalance high: 25.8,25.8,0.2,0.1,3.0,2.0,2.3,0.0,0.0
678,external_ems_2,bess_2,warning,2026-08-20T10:37:54.147945+00:00,2026-08-20T10:37:59.147937+00:00,5.0,6,0.3918,pcs_phase_voltage_imbalance;pcs_phase_current_imbalance,PCS phase voltage imbalance high: 19.8; PCS phase current imbalance high: 15.9,19.8,15.9,13.2,1.5,4.0,1.7,0.0,0.0
679,external_ems_1,bess_1,warning,2026-08-20T10:38:22.058077+00:00,2026-08-20T10:39:51.374887+00:00,89.317,40,0.5208,pcs_phase_voltage_imbalance,PCS phase voltage imbalance high: 21.2,25.3,0.2,0.4,3.0,2.0,2.3,0.0,0.0
680,external_ems_2,bess_2,warning,2026-08-20T10:38:41.047059+00:00,2026-08-20T10:40:00.375445+00:00,79.328,40,0.4951,pcs_phase_voltage_imbalance;pcs_phase_current_imbalance;pcs_bms_current_mismatch,PCS phase voltage imbalance high: 22.2; PCS phase current imbalance high: 12.8,24.3,15.3,36.5,3.2,4.0,1.7,0.0,0.0
681,external_ems_1,bess_1,warning,2026-08-20T11:12:49.340680+00:00,2026-08-20T11:12:49.340680+00:00,0.0,1,0.6458,data_quality,Telemetry quality is not good,0.6,2.0,4.4,1.3,1.0,2.3,0.0,0.0
682,external_ems_2,bess_2,warning,2026-08-20T11:12:49.340680+00:00,2026-08-20T11:12:49.340680+00:00,0.0,1,0.6458,data_quality,Telemetry quality is not good,1.2,2.1,20.0,2.2,5.0,1.7,0.0,0.0
683,external_ems_1,bess_1,warning,2026-08-20T11:15:01.693326+00:00,2026-08-20T11:15:09.279486+00:00,7.586,4,0.6458,data_quality,Telemetry quality is not good,0.6,2.0,5.2,1.3,1.0,2.3,0.0,0.0
684,external_ems_2,bess_2,warning,2026-08-20T11:15:01.693326+00:00,2026-08-20T11:15:12.278363+00:00,10.585,7,0.6458,data_quality,Telemetry quality is not good,1.2,2.1,15.6,1.8,6.0,1.7,0.0,0.0
